[0.000000] (-) TimerEvent: {}
[0.000442] (indy_description) JobQueued: {'identifier': 'indy_description', 'dependencies': OrderedDict()}
[0.000509] (indy_interfaces) JobQueued: {'identifier': 'indy_interfaces', 'dependencies': OrderedDict()}
[0.000543] (indy_driver) JobQueued: {'identifier': 'indy_driver', 'dependencies': OrderedDict([('indy_description', '/root/common/indy-ros2/install/indy_description')])}
[0.000574] (indy_gazebo) JobQueued: {'identifier': 'indy_gazebo', 'dependencies': OrderedDict([('indy_description', '/root/common/indy-ros2/install/indy_description')])}
[0.000590] (indy_moveit) JobQueued: {'identifier': 'indy_moveit', 'dependencies': OrderedDict([('indy_description', '/root/common/indy-ros2/install/indy_description')])}
[0.001041] (indy_description) JobStarted: {'identifier': 'indy_description'}
[0.015314] (indy_interfaces) JobStarted: {'identifier': 'indy_interfaces'}
[0.019590] (indy_description) JobProgress: {'identifier': 'indy_description', 'progress': 'cmake'}
[0.020695] (indy_description) JobProgress: {'identifier': 'indy_description', 'progress': 'build'}
[0.020737] (indy_description) Command: {'cmd': ['/usr/bin/cmake', '--build', '/root/common/indy-ros2/build/indy_description', '--', '-j12', '-l12'], 'cwd': '/root/common/indy-ros2/build/indy_description', 'env': OrderedDict([('NV_LIBCUBLAS_VERSION', '11.11.3.6-1'), ('NV_CUDA_COMPAT_PACKAGE', 'cuda-compat-11-8'), ('HOSTNAME', 'idim'), ('SHLVL', '1'), ('LD_LIBRARY_PATH', '/opt/ros/humble/lib'), ('NV_LIBNCCL_PACKAGE_VERSION', '2.15.5-1'), ('AMENT_CPPCHECK_ALLOW_SLOW_VERSIONS', '1'), ('HOME', '/root'), ('OLDPWD', '/root/common'), ('ROS_PYTHON_VERSION', '3'), ('PS1', '\\[\x1b[0;33m\\]idim \\W $ \\[\x1b[0m\\]'), ('NV_LIBNPP_PACKAGE', 'libnpp-11-8=11.8.0.86-1'), ('CUDA_VERSION', '11.8.0'), ('COLCON_PREFIX_PATH', '/opt/ros/humble'), ('ROS_DISTRO', 'humble'), ('NV_LIBCUBLAS_PACKAGE_NAME', 'libcublas-11-8'), ('NVIDIA_REQUIRE_CUDA', 'cuda>=11.8 brand=tesla,driver>=470,driver<471 brand=unknown,driver>=470,driver<471 brand=nvidia,driver>=470,driver<471 brand=nvidiartx,driver>=470,driver<471 brand=geforce,driver>=470,driver<471 brand=geforcertx,driver>=470,driver<471 brand=quadro,driver>=470,driver<471 brand=quadrortx,driver>=470,driver<471 brand=titan,driver>=470,driver<471 brand=titanrtx,driver>=470,driver<471'), ('_', '/usr/bin/colcon'), ('ROS_VERSION', '2'), ('NV_LIBCUSPARSE_VERSION', '11.7.5.86-1'), ('NVIDIA_DRIVER_CAPABILITIES', 'graphics,utility,compute'), ('NV_CUDA_LIB_VERSION', '11.8.0-1'), ('NV_LIBNCCL_PACKAGE_NAME', 'libnccl2'), ('TERM', 'xterm'), ('NV_CUDA_CUDART_VERSION', '11.8.89-1'), ('QT_X11_NO_MITSHM', '1'), ('PATH', '/opt/ros/humble/bin:/usr/local/nvidia/bin:/usr/local/cuda/bin:/usr/local/sbin:/usr/local/bin:/usr/sbin:/usr/bin:/sbin:/bin'), ('NV_LIBCUBLAS_PACKAGE', 'libcublas-11-8=11.11.3.6-1'), ('NVARCH', 'x86_64'), ('DISPLAY', ':1'), ('NV_LIBNCCL_PACKAGE', 'libnccl2=2.15.5-1+cuda11.8'), ('NVIDIA_PRODUCT_NAME', 'CUDA'), ('LANG', 'en_US.UTF-8'), ('XAUTHORITY', '/tmp/.docker.xauth'), ('LS_COLORS', 'rs=0:di=01;34:ln=01;36:mh=00:pi=40;33:so=01;35:do=01;35:bd=40;33;01:cd=40;33;01:or=40;31;01:mi=00:su=37;41:sg=30;43:ca=30;41:tw=30;42:ow=34;42:st=37;44:ex=01;32:*.tar=01;31:*.tgz=01;31:*.arc=01;31:*.arj=01;31:*.taz=01;31:*.lha=01;31:*.lz4=01;31:*.lzh=01;31:*.lzma=01;31:*.tlz=01;31:*.txz=01;31:*.tzo=01;31:*.t7z=01;31:*.zip=01;31:*.z=01;31:*.dz=01;31:*.gz=01;31:*.lrz=01;31:*.lz=01;31:*.lzo=01;31:*.xz=01;31:*.zst=01;31:*.tzst=01;31:*.bz2=01;31:*.bz=01;31:*.tbz=01;31:*.tbz2=01;31:*.tz=01;31:*.deb=01;31:*.rpm=01;31:*.jar=01;31:*.war=01;31:*.ear=01;31:*.sar=01;31:*.rar=01;31:*.alz=01;31:*.ace=01;31:*.zoo=01;31:*.cpio=01;31:*.7z=01;31:*.rz=01;31:*.cab=01;31:*.wim=01;31:*.swm=01;31:*.dwm=01;31:*.esd=01;31:*.jpg=01;35:*.jpeg=01;35:*.mjpg=01;35:*.mjpeg=01;35:*.gif=01;35:*.bmp=01;35:*.pbm=01;35:*.pgm=01;35:*.ppm=01;35:*.tga=01;35:*.xbm=01;35:*.xpm=01;35:*.tif=01;35:*.tiff=01;35:*.png=01;35:*.svg=01;35:*.svgz=01;35:*.mng=01;35:*.pcx=01;35:*.mov=01;35:*.mpg=01;35:*.mpeg=01;35:*.m2v=01;35:*.mkv=01;35:*.webm=01;35:*.webp=01;35:*.ogm=01;35:*.mp4=01;35:*.m4v=01;35:*.mp4v=01;35:*.vob=01;35:*.qt=01;35:*.nuv=01;35:*.wmv=01;35:*.asf=01;35:*.rm=01;35:*.rmvb=01;35:*.flc=01;35:*.avi=01;35:*.fli=01;35:*.flv=01;35:*.gl=01;35:*.dl=01;35:*.xcf=01;35:*.xwd=01;35:*.yuv=01;35:*.cgm=01;35:*.emf=01;35:*.ogv=01;35:*.ogx=01;35:*.aac=00;36:*.au=00;36:*.flac=00;36:*.m4a=00;36:*.mid=00;36:*.midi=00;36:*.mka=00;36:*.mp3=00;36:*.mpc=00;36:*.ogg=00;36:*.ra=00;36:*.wav=00;36:*.oga=00;36:*.opus=00;36:*.spx=00;36:*.xspf=00;36:'), ('AMENT_PREFIX_PATH', '/opt/ros/humble'), ('DEBIAN_FRONTEND', 'noninteractive'), ('NV_NVTX_VERSION', '11.8.86-1'), ('NV_LIBNPP_VERSION', '11.8.0.86-1'), ('PWD', '/root/common/indy-ros2/build/indy_description'), ('PYTHONPATH', '/opt/ros/humble/local/lib/python3.10/dist-packages:/opt/ros/humble/lib/python3.10/site-packages'), ('NVIDIA_VISIBLE_DEVICES', 'all'), ('NCCL_VERSION', '2.15.5-1'), ('DEBCONF_NOWARNINGS', 'yes'), ('COLCON', '1'), ('CMAKE_PREFIX_PATH', '/opt/ros/humble')]), 'shell': False}
[0.023073] (indy_interfaces) JobProgress: {'identifier': 'indy_interfaces', 'progress': 'cmake'}
[0.023957] (indy_interfaces) JobProgress: {'identifier': 'indy_interfaces', 'progress': 'build'}
[0.024131] (indy_interfaces) Command: {'cmd': ['/usr/bin/cmake', '--build', '/root/common/indy-ros2/build/indy_interfaces', '--', '-j12', '-l12'], 'cwd': '/root/common/indy-ros2/build/indy_interfaces', 'env': OrderedDict([('NV_LIBCUBLAS_VERSION', '11.11.3.6-1'), ('NV_CUDA_COMPAT_PACKAGE', 'cuda-compat-11-8'), ('HOSTNAME', 'idim'), ('SHLVL', '1'), ('LD_LIBRARY_PATH', '/opt/ros/humble/lib'), ('NV_LIBNCCL_PACKAGE_VERSION', '2.15.5-1'), ('AMENT_CPPCHECK_ALLOW_SLOW_VERSIONS', '1'), ('HOME', '/root'), ('OLDPWD', '/root/common'), ('ROS_PYTHON_VERSION', '3'), ('PS1', '\\[\x1b[0;33m\\]idim \\W $ \\[\x1b[0m\\]'), ('NV_LIBNPP_PACKAGE', 'libnpp-11-8=11.8.0.86-1'), ('CUDA_VERSION', '11.8.0'), ('COLCON_PREFIX_PATH', '/opt/ros/humble'), ('ROS_DISTRO', 'humble'), ('NV_LIBCUBLAS_PACKAGE_NAME', 'libcublas-11-8'), ('NVIDIA_REQUIRE_CUDA', 'cuda>=11.8 brand=tesla,driver>=470,driver<471 brand=unknown,driver>=470,driver<471 brand=nvidia,driver>=470,driver<471 brand=nvidiartx,driver>=470,driver<471 brand=geforce,driver>=470,driver<471 brand=geforcertx,driver>=470,driver<471 brand=quadro,driver>=470,driver<471 brand=quadrortx,driver>=470,driver<471 brand=titan,driver>=470,driver<471 brand=titanrtx,driver>=470,driver<471'), ('_', '/usr/bin/colcon'), ('ROS_VERSION', '2'), ('NV_LIBCUSPARSE_VERSION', '11.7.5.86-1'), ('NVIDIA_DRIVER_CAPABILITIES', 'graphics,utility,compute'), ('NV_CUDA_LIB_VERSION', '11.8.0-1'), ('NV_LIBNCCL_PACKAGE_NAME', 'libnccl2'), ('TERM', 'xterm'), ('NV_CUDA_CUDART_VERSION', '11.8.89-1'), ('QT_X11_NO_MITSHM', '1'), ('PATH', '/opt/ros/humble/bin:/usr/local/nvidia/bin:/usr/local/cuda/bin:/usr/local/sbin:/usr/local/bin:/usr/sbin:/usr/bin:/sbin:/bin'), ('NV_LIBCUBLAS_PACKAGE', 'libcublas-11-8=11.11.3.6-1'), ('NVARCH', 'x86_64'), ('DISPLAY', ':1'), ('NV_LIBNCCL_PACKAGE', 'libnccl2=2.15.5-1+cuda11.8'), ('NVIDIA_PRODUCT_NAME', 'CUDA'), ('LANG', 'en_US.UTF-8'), ('XAUTHORITY', '/tmp/.docker.xauth'), ('LS_COLORS', 'rs=0:di=01;34:ln=01;36:mh=00:pi=40;33:so=01;35:do=01;35:bd=40;33;01:cd=40;33;01:or=40;31;01:mi=00:su=37;41:sg=30;43:ca=30;41:tw=30;42:ow=34;42:st=37;44:ex=01;32:*.tar=01;31:*.tgz=01;31:*.arc=01;31:*.arj=01;31:*.taz=01;31:*.lha=01;31:*.lz4=01;31:*.lzh=01;31:*.lzma=01;31:*.tlz=01;31:*.txz=01;31:*.tzo=01;31:*.t7z=01;31:*.zip=01;31:*.z=01;31:*.dz=01;31:*.gz=01;31:*.lrz=01;31:*.lz=01;31:*.lzo=01;31:*.xz=01;31:*.zst=01;31:*.tzst=01;31:*.bz2=01;31:*.bz=01;31:*.tbz=01;31:*.tbz2=01;31:*.tz=01;31:*.deb=01;31:*.rpm=01;31:*.jar=01;31:*.war=01;31:*.ear=01;31:*.sar=01;31:*.rar=01;31:*.alz=01;31:*.ace=01;31:*.zoo=01;31:*.cpio=01;31:*.7z=01;31:*.rz=01;31:*.cab=01;31:*.wim=01;31:*.swm=01;31:*.dwm=01;31:*.esd=01;31:*.jpg=01;35:*.jpeg=01;35:*.mjpg=01;35:*.mjpeg=01;35:*.gif=01;35:*.bmp=01;35:*.pbm=01;35:*.pgm=01;35:*.ppm=01;35:*.tga=01;35:*.xbm=01;35:*.xpm=01;35:*.tif=01;35:*.tiff=01;35:*.png=01;35:*.svg=01;35:*.svgz=01;35:*.mng=01;35:*.pcx=01;35:*.mov=01;35:*.mpg=01;35:*.mpeg=01;35:*.m2v=01;35:*.mkv=01;35:*.webm=01;35:*.webp=01;35:*.ogm=01;35:*.mp4=01;35:*.m4v=01;35:*.mp4v=01;35:*.vob=01;35:*.qt=01;35:*.nuv=01;35:*.wmv=01;35:*.asf=01;35:*.rm=01;35:*.rmvb=01;35:*.flc=01;35:*.avi=01;35:*.fli=01;35:*.flv=01;35:*.gl=01;35:*.dl=01;35:*.xcf=01;35:*.xwd=01;35:*.yuv=01;35:*.cgm=01;35:*.emf=01;35:*.ogv=01;35:*.ogx=01;35:*.aac=00;36:*.au=00;36:*.flac=00;36:*.m4a=00;36:*.mid=00;36:*.midi=00;36:*.mka=00;36:*.mp3=00;36:*.mpc=00;36:*.ogg=00;36:*.ra=00;36:*.wav=00;36:*.oga=00;36:*.opus=00;36:*.spx=00;36:*.xspf=00;36:'), ('AMENT_PREFIX_PATH', '/opt/ros/humble'), ('DEBIAN_FRONTEND', 'noninteractive'), ('NV_NVTX_VERSION', '11.8.86-1'), ('NV_LIBNPP_VERSION', '11.8.0.86-1'), ('PWD', '/root/common/indy-ros2/build/indy_interfaces'), ('PYTHONPATH', '/opt/ros/humble/local/lib/python3.10/dist-packages:/opt/ros/humble/lib/python3.10/site-packages'), ('NVIDIA_VISIBLE_DEVICES', 'all'), ('NCCL_VERSION', '2.15.5-1'), ('DEBCONF_NOWARNINGS', 'yes'), ('COLCON', '1'), ('CMAKE_PREFIX_PATH', '/opt/ros/humble')]), 'shell': False}
[0.037799] (indy_description) CommandEnded: {'returncode': 0}
[0.047497] (indy_interfaces) StdoutLine: {'line': b'[  1%] Built target indy_interfaces__cpp\n'}
[0.048955] (indy_interfaces) StdoutLine: {'line': b'[ 12%] Built target indy_interfaces__rosidl_generator_c\n'}
[0.051663] (indy_interfaces) StdoutLine: {'line': b'[ 12%] Built target ament_cmake_python_copy_indy_interfaces\n'}
[0.052809] (indy_description) JobProgress: {'identifier': 'indy_description', 'progress': 'install'}
[0.055813] (indy_description) Command: {'cmd': ['/usr/bin/cmake', '--install', '/root/common/indy-ros2/build/indy_description'], 'cwd': '/root/common/indy-ros2/build/indy_description', 'env': OrderedDict([('NV_LIBCUBLAS_VERSION', '11.11.3.6-1'), ('NV_CUDA_COMPAT_PACKAGE', 'cuda-compat-11-8'), ('HOSTNAME', 'idim'), ('SHLVL', '1'), ('LD_LIBRARY_PATH', '/opt/ros/humble/lib'), ('NV_LIBNCCL_PACKAGE_VERSION', '2.15.5-1'), ('AMENT_CPPCHECK_ALLOW_SLOW_VERSIONS', '1'), ('HOME', '/root'), ('OLDPWD', '/root/common'), ('ROS_PYTHON_VERSION', '3'), ('PS1', '\\[\x1b[0;33m\\]idim \\W $ \\[\x1b[0m\\]'), ('NV_LIBNPP_PACKAGE', 'libnpp-11-8=11.8.0.86-1'), ('CUDA_VERSION', '11.8.0'), ('COLCON_PREFIX_PATH', '/opt/ros/humble'), ('ROS_DISTRO', 'humble'), ('NV_LIBCUBLAS_PACKAGE_NAME', 'libcublas-11-8'), ('NVIDIA_REQUIRE_CUDA', 'cuda>=11.8 brand=tesla,driver>=470,driver<471 brand=unknown,driver>=470,driver<471 brand=nvidia,driver>=470,driver<471 brand=nvidiartx,driver>=470,driver<471 brand=geforce,driver>=470,driver<471 brand=geforcertx,driver>=470,driver<471 brand=quadro,driver>=470,driver<471 brand=quadrortx,driver>=470,driver<471 brand=titan,driver>=470,driver<471 brand=titanrtx,driver>=470,driver<471'), ('_', '/usr/bin/colcon'), ('ROS_VERSION', '2'), ('NV_LIBCUSPARSE_VERSION', '11.7.5.86-1'), ('NVIDIA_DRIVER_CAPABILITIES', 'graphics,utility,compute'), ('NV_CUDA_LIB_VERSION', '11.8.0-1'), ('NV_LIBNCCL_PACKAGE_NAME', 'libnccl2'), ('TERM', 'xterm'), ('NV_CUDA_CUDART_VERSION', '11.8.89-1'), ('QT_X11_NO_MITSHM', '1'), ('PATH', '/opt/ros/humble/bin:/usr/local/nvidia/bin:/usr/local/cuda/bin:/usr/local/sbin:/usr/local/bin:/usr/sbin:/usr/bin:/sbin:/bin'), ('NV_LIBCUBLAS_PACKAGE', 'libcublas-11-8=11.11.3.6-1'), ('NVARCH', 'x86_64'), ('DISPLAY', ':1'), ('NV_LIBNCCL_PACKAGE', 'libnccl2=2.15.5-1+cuda11.8'), ('NVIDIA_PRODUCT_NAME', 'CUDA'), ('LANG', 'en_US.UTF-8'), ('XAUTHORITY', '/tmp/.docker.xauth'), ('LS_COLORS', 'rs=0:di=01;34:ln=01;36:mh=00:pi=40;33:so=01;35:do=01;35:bd=40;33;01:cd=40;33;01:or=40;31;01:mi=00:su=37;41:sg=30;43:ca=30;41:tw=30;42:ow=34;42:st=37;44:ex=01;32:*.tar=01;31:*.tgz=01;31:*.arc=01;31:*.arj=01;31:*.taz=01;31:*.lha=01;31:*.lz4=01;31:*.lzh=01;31:*.lzma=01;31:*.tlz=01;31:*.txz=01;31:*.tzo=01;31:*.t7z=01;31:*.zip=01;31:*.z=01;31:*.dz=01;31:*.gz=01;31:*.lrz=01;31:*.lz=01;31:*.lzo=01;31:*.xz=01;31:*.zst=01;31:*.tzst=01;31:*.bz2=01;31:*.bz=01;31:*.tbz=01;31:*.tbz2=01;31:*.tz=01;31:*.deb=01;31:*.rpm=01;31:*.jar=01;31:*.war=01;31:*.ear=01;31:*.sar=01;31:*.rar=01;31:*.alz=01;31:*.ace=01;31:*.zoo=01;31:*.cpio=01;31:*.7z=01;31:*.rz=01;31:*.cab=01;31:*.wim=01;31:*.swm=01;31:*.dwm=01;31:*.esd=01;31:*.jpg=01;35:*.jpeg=01;35:*.mjpg=01;35:*.mjpeg=01;35:*.gif=01;35:*.bmp=01;35:*.pbm=01;35:*.pgm=01;35:*.ppm=01;35:*.tga=01;35:*.xbm=01;35:*.xpm=01;35:*.tif=01;35:*.tiff=01;35:*.png=01;35:*.svg=01;35:*.svgz=01;35:*.mng=01;35:*.pcx=01;35:*.mov=01;35:*.mpg=01;35:*.mpeg=01;35:*.m2v=01;35:*.mkv=01;35:*.webm=01;35:*.webp=01;35:*.ogm=01;35:*.mp4=01;35:*.m4v=01;35:*.mp4v=01;35:*.vob=01;35:*.qt=01;35:*.nuv=01;35:*.wmv=01;35:*.asf=01;35:*.rm=01;35:*.rmvb=01;35:*.flc=01;35:*.avi=01;35:*.fli=01;35:*.flv=01;35:*.gl=01;35:*.dl=01;35:*.xcf=01;35:*.xwd=01;35:*.yuv=01;35:*.cgm=01;35:*.emf=01;35:*.ogv=01;35:*.ogx=01;35:*.aac=00;36:*.au=00;36:*.flac=00;36:*.m4a=00;36:*.mid=00;36:*.midi=00;36:*.mka=00;36:*.mp3=00;36:*.mpc=00;36:*.ogg=00;36:*.ra=00;36:*.wav=00;36:*.oga=00;36:*.opus=00;36:*.spx=00;36:*.xspf=00;36:'), ('AMENT_PREFIX_PATH', '/opt/ros/humble'), ('DEBIAN_FRONTEND', 'noninteractive'), ('NV_NVTX_VERSION', '11.8.86-1'), ('NV_LIBNPP_VERSION', '11.8.0.86-1'), ('PWD', '/root/common/indy-ros2/build/indy_description'), ('PYTHONPATH', '/opt/ros/humble/local/lib/python3.10/dist-packages:/opt/ros/humble/lib/python3.10/site-packages'), ('NVIDIA_VISIBLE_DEVICES', 'all'), ('NCCL_VERSION', '2.15.5-1'), ('DEBCONF_NOWARNINGS', 'yes'), ('COLCON', '1'), ('CMAKE_PREFIX_PATH', '/opt/ros/humble')]), 'shell': False}
[0.059308] (indy_description) StdoutLine: {'line': b'-- Install configuration: ""\n'}
[0.059544] (indy_description) StdoutLine: {'line': b'-- Up-to-date: /root/common/indy-ros2/install/indy_description/share/indy_description//launch\n'}
[0.059721] (indy_description) StdoutLine: {'line': b'-- Up-to-date: /root/common/indy-ros2/install/indy_description/share/indy_description//launch/indy_display.launch.py\n'}
[0.059819] (indy_description) StdoutLine: {'line': b'-- Up-to-date: /root/common/indy-ros2/install/indy_description/share/indy_description//meshes\n'}
[0.059912] (indy_description) StdoutLine: {'line': b'-- Up-to-date: /root/common/indy-ros2/install/indy_description/share/indy_description//meshes/indy12\n'}
[0.060008] (indy_description) StdoutLine: {'line': b'-- Up-to-date: /root/common/indy-ros2/install/indy_description/share/indy_description//meshes/indy12/collision\n'}
[0.060098] (indy_description) StdoutLine: {'line': b'-- Up-to-date: /root/common/indy-ros2/install/indy_description/share/indy_description//meshes/indy12/collision/Indy12_3.stl\n'}
[0.060190] (indy_description) StdoutLine: {'line': b'-- Up-to-date: /root/common/indy-ros2/install/indy_description/share/indy_description//meshes/indy12/collision/Indy12_1.stl\n'}
[0.060319] (indy_description) StdoutLine: {'line': b'-- Up-to-date: /root/common/indy-ros2/install/indy_description/share/indy_description//meshes/indy12/collision/Indy12_0.stl\n'}
[0.060761] (indy_description) StdoutLine: {'line': b'-- Up-to-date: /root/common/indy-ros2/install/indy_description/share/indy_description//meshes/indy12/collision/Indy12_4.stl\n'}
[0.061031] (indy_description) StdoutLine: {'line': b'-- Up-to-date: /root/common/indy-ros2/install/indy_description/share/indy_description//meshes/indy12/collision/Indy12_6.stl\n'}
[0.061253] (indy_description) StdoutLine: {'line': b'-- Up-to-date: /root/common/indy-ros2/install/indy_description/share/indy_description//meshes/indy12/collision/Indy12_2.stl\n'}
[0.061687] (indy_description) StdoutLine: {'line': b'-- Up-to-date: /root/common/indy-ros2/install/indy_description/share/indy_description//meshes/indy12/collision/Indy12_5.stl\n'}
[0.061895] (indy_description) StdoutLine: {'line': b'-- Up-to-date: /root/common/indy-ros2/install/indy_description/share/indy_description//meshes/indy12/visual\n'}
[0.062111] (indy_description) StdoutLine: {'line': b'-- Up-to-date: /root/common/indy-ros2/install/indy_description/share/indy_description//meshes/indy12/visual/Indy12_3.stl\n'}
[0.062364] (indy_description) StdoutLine: {'line': b'-- Up-to-date: /root/common/indy-ros2/install/indy_description/share/indy_description//meshes/indy12/visual/Indy12_1.stl\n'}
[0.062563] (indy_description) StdoutLine: {'line': b'-- Up-to-date: /root/common/indy-ros2/install/indy_description/share/indy_description//meshes/indy12/visual/Indy12_0.stl\n'}
[0.062786] (indy_description) StdoutLine: {'line': b'-- Up-to-date: /root/common/indy-ros2/install/indy_description/share/indy_description//meshes/indy12/visual/Indy12_4.stl\n'}
[0.062969] (indy_description) StdoutLine: {'line': b'-- Up-to-date: /root/common/indy-ros2/install/indy_description/share/indy_description//meshes/indy12/visual/Indy12_6.stl\n'}
[0.063175] (indy_description) StdoutLine: {'line': b'-- Up-to-date: /root/common/indy-ros2/install/indy_description/share/indy_description//meshes/indy12/visual/Indy12_2.stl\n'}
[0.063378] (indy_description) StdoutLine: {'line': b'-- Up-to-date: /root/common/indy-ros2/install/indy_description/share/indy_description//meshes/indy12/visual/Indy12_5.stl\n'}
[0.063581] (indy_description) StdoutLine: {'line': b'-- Up-to-date: /root/common/indy-ros2/install/indy_description/share/indy_description//meshes/indyrp2\n'}
[0.063781] (indy_description) StdoutLine: {'line': b'-- Up-to-date: /root/common/indy-ros2/install/indy_description/share/indy_description//meshes/indyrp2/collision\n'}
[0.063987] (indy_description) StdoutLine: {'line': b'-- Up-to-date: /root/common/indy-ros2/install/indy_description/share/indy_description//meshes/indyrp2/collision/IndyRP2_6.stl\n'}
[0.064200] (indy_description) StdoutLine: {'line': b'-- Up-to-date: /root/common/indy-ros2/install/indy_description/share/indy_description//meshes/indyrp2/collision/IndyRP2_3.stl\n'}
[0.064419] (indy_description) StdoutLine: {'line': b'-- Up-to-date: /root/common/indy-ros2/install/indy_description/share/indy_description//meshes/indyrp2/collision/IndyRP2_0.stl\n'}
[0.064620] (indy_description) StdoutLine: {'line': b'-- Up-to-date: /root/common/indy-ros2/install/indy_description/share/indy_description//meshes/indyrp2/collision/IndyRP2_2.stl\n'}
[0.064874] (indy_description) StdoutLine: {'line': b'-- Up-to-date: /root/common/indy-ros2/install/indy_description/share/indy_description//meshes/indyrp2/collision/IndyRP2_1.stl\n'}
[0.065081] (indy_description) StdoutLine: {'line': b'-- Up-to-date: /root/common/indy-ros2/install/indy_description/share/indy_description//meshes/indyrp2/collision/IndyRP2_5.stl\n'}
[0.065275] (indy_description) StdoutLine: {'line': b'-- Up-to-date: /root/common/indy-ros2/install/indy_description/share/indy_description//meshes/indyrp2/collision/IndyRP2_7.stl\n'}
[0.065492] (indy_description) StdoutLine: {'line': b'-- Up-to-date: /root/common/indy-ros2/install/indy_description/share/indy_description//meshes/indyrp2/collision/IndyRP2_eye_7.stl\n'}
[0.065742] (indy_description) StdoutLine: {'line': b'-- Up-to-date: /root/common/indy-ros2/install/indy_description/share/indy_description//meshes/indyrp2/collision/IndyRP2_4.stl\n'}
[0.065995] (indy_description) StdoutLine: {'line': b'-- Up-to-date: /root/common/indy-ros2/install/indy_description/share/indy_description//meshes/indyrp2/visual\n'}
[0.066304] (indy_description) StdoutLine: {'line': b'-- Up-to-date: /root/common/indy-ros2/install/indy_description/share/indy_description//meshes/indyrp2/visual/IndyRP2_6.stl\n'}
[0.066640] (indy_description) StdoutLine: {'line': b'-- Up-to-date: /root/common/indy-ros2/install/indy_description/share/indy_description//meshes/indyrp2/visual/IndyRP2_3.stl\n'}
[0.066862] (indy_description) StdoutLine: {'line': b'-- Up-to-date: /root/common/indy-ros2/install/indy_description/share/indy_description//meshes/indyrp2/visual/IndyRP2_0.stl\n'}
[0.067044] (indy_description) StdoutLine: {'line': b'-- Up-to-date: /root/common/indy-ros2/install/indy_description/share/indy_description//meshes/indyrp2/visual/IndyRP2_2.stl\n'}
[0.067249] (indy_description) StdoutLine: {'line': b'-- Up-to-date: /root/common/indy-ros2/install/indy_description/share/indy_description//meshes/indyrp2/visual/IndyRP2_1.stl\n'}
[0.067349] (indy_description) StdoutLine: {'line': b'-- Up-to-date: /root/common/indy-ros2/install/indy_description/share/indy_description//meshes/indyrp2/visual/IndyRP2_5.stl\n'}
[0.067498] (indy_description) StdoutLine: {'line': b'-- Up-to-date: /root/common/indy-ros2/install/indy_description/share/indy_description//meshes/indyrp2/visual/IndyRP2_7.stl\n'}
[0.067689] (indy_description) StdoutLine: {'line': b'-- Up-to-date: /root/common/indy-ros2/install/indy_description/share/indy_description//meshes/indyrp2/visual/IndyRP2_eye_7.stl\n'}
[0.067862] (indy_description) StdoutLine: {'line': b'-- Up-to-date: /root/common/indy-ros2/install/indy_description/share/indy_description//meshes/indyrp2/visual/IndyRP2_4.stl\n'}
[0.068034] (indy_description) StdoutLine: {'line': b'-- Up-to-date: /root/common/indy-ros2/install/indy_description/share/indy_description//meshes/opti5\n'}
[0.068154] (indy_description) StdoutLine: {'line': b'-- Up-to-date: /root/common/indy-ros2/install/indy_description/share/indy_description//meshes/opti5/collision\n'}
[0.068311] (indy_description) StdoutLine: {'line': b'-- Up-to-date: /root/common/indy-ros2/install/indy_description/share/indy_description//meshes/opti5/collision/Opti5_5.stl\n'}
[0.068443] (indy_description) StdoutLine: {'line': b'-- Up-to-date: /root/common/indy-ros2/install/indy_description/share/indy_description//meshes/opti5/collision/Opti5_6.stl\n'}
[0.068539] (indy_description) StdoutLine: {'line': b'-- Up-to-date: /root/common/indy-ros2/install/indy_description/share/indy_description//meshes/opti5/collision/Opti5_2.stl\n'}
[0.068632] (indy_description) StdoutLine: {'line': b'-- Up-to-date: /root/common/indy-ros2/install/indy_description/share/indy_description//meshes/opti5/collision/Opti5_3.stl\n'}
[0.068748] (indy_description) StdoutLine: {'line': b'-- Up-to-date: /root/common/indy-ros2/install/indy_description/share/indy_description//meshes/opti5/collision/Opti5_4.stl\n'}
[0.068861] (indy_description) StdoutLine: {'line': b'-- Up-to-date: /root/common/indy-ros2/install/indy_description/share/indy_description//meshes/opti5/collision/Opti5_0.stl\n'}
[0.068977] (indy_description) StdoutLine: {'line': b'-- Up-to-date: /root/common/indy-ros2/install/indy_description/share/indy_description//meshes/opti5/collision/Opti5_1.stl\n'}
[0.069076] (indy_description) StdoutLine: {'line': b'-- Up-to-date: /root/common/indy-ros2/install/indy_description/share/indy_description//meshes/opti5/visual\n'}
[0.069245] (indy_description) StdoutLine: {'line': b'-- Up-to-date: /root/common/indy-ros2/install/indy_description/share/indy_description//meshes/opti5/visual/Opti5_5.stl\n'}
[0.069492] (indy_description) StdoutLine: {'line': b'-- Up-to-date: /root/common/indy-ros2/install/indy_description/share/indy_description//meshes/opti5/visual/Opti5_6.stl\n'}
[0.069939] (indy_description) StdoutLine: {'line': b'-- Up-to-date: /root/common/indy-ros2/install/indy_description/share/indy_description//meshes/opti5/visual/Opti5_2.stl\n'}
[0.070065] (indy_description) StdoutLine: {'line': b'-- Up-to-date: /root/common/indy-ros2/install/indy_description/share/indy_description//meshes/opti5/visual/Opti5_3.stl\n'}
[0.070162] (indy_description) StdoutLine: {'line': b'-- Up-to-date: /root/common/indy-ros2/install/indy_description/share/indy_description//meshes/opti5/visual/Opti5_4.stl\n'}
[0.070300] (indy_description) StdoutLine: {'line': b'-- Up-to-date: /root/common/indy-ros2/install/indy_description/share/indy_description//meshes/opti5/visual/Opti5_0.stl\n'}
[0.070382] (indy_description) StdoutLine: {'line': b'-- Up-to-date: /root/common/indy-ros2/install/indy_description/share/indy_description//meshes/opti5/visual/Opti5_1.stl\n'}
[0.070514] (indy_description) StdoutLine: {'line': b'-- Up-to-date: /root/common/indy-ros2/install/indy_description/share/indy_description//meshes/indy7\n'}
[0.070583] (indy_description) StdoutLine: {'line': b'-- Up-to-date: /root/common/indy-ros2/install/indy_description/share/indy_description//meshes/indy7/collision\n'}
[0.070694] (indy_description) StdoutLine: {'line': b'-- Up-to-date: /root/common/indy-ros2/install/indy_description/share/indy_description//meshes/indy7/collision/Indy7_6.stl\n'}
[0.070821] (indy_description) StdoutLine: {'line': b'-- Up-to-date: /root/common/indy-ros2/install/indy_description/share/indy_description//meshes/indy7/collision/Indy7_2.stl\n'}
[0.070909] (indy_description) StdoutLine: {'line': b'-- Up-to-date: /root/common/indy-ros2/install/indy_description/share/indy_description//meshes/indy7/collision/Indy7_1.stl\n'}
[0.071016] (indy_description) StdoutLine: {'line': b'-- Up-to-date: /root/common/indy-ros2/install/indy_description/share/indy_description//meshes/indy7/collision/Indy7_3.stl\n'}
[0.071103] (indy_description) StdoutLine: {'line': b'-- Up-to-date: /root/common/indy-ros2/install/indy_description/share/indy_description//meshes/indy7/collision/Indy7_5.stl\n'}
[0.071218] (indy_description) StdoutLine: {'line': b'-- Up-to-date: /root/common/indy-ros2/install/indy_description/share/indy_description//meshes/indy7/collision/Indy7_0.stl\n'}
[0.071294] (indy_description) StdoutLine: {'line': b'-- Up-to-date: /root/common/indy-ros2/install/indy_description/share/indy_description//meshes/indy7/collision/Indy7_4.stl\n'}
[0.071455] (indy_description) StdoutLine: {'line': b'-- Up-to-date: /root/common/indy-ros2/install/indy_description/share/indy_description//meshes/indy7/collision/Indy7_eye_6.stl\n'}
[0.071541] (indy_description) StdoutLine: {'line': b'-- Up-to-date: /root/common/indy-ros2/install/indy_description/share/indy_description//meshes/indy7/visual\n'}
[0.071662] (indy_description) StdoutLine: {'line': b'-- Up-to-date: /root/common/indy-ros2/install/indy_description/share/indy_description//meshes/indy7/visual/Indy7_6.stl\n'}
[0.071738] (indy_description) StdoutLine: {'line': b'-- Up-to-date: /root/common/indy-ros2/install/indy_description/share/indy_description//meshes/indy7/visual/Indy7_2.stl\n'}
[0.071904] (indy_description) StdoutLine: {'line': b'-- Up-to-date: /root/common/indy-ros2/install/indy_description/share/indy_description//meshes/indy7/visual/Indy7_1.stl\n'}
[0.072011] (indy_description) StdoutLine: {'line': b'-- Up-to-date: /root/common/indy-ros2/install/indy_description/share/indy_description//meshes/indy7/visual/Indy7_3.stl\n'}
[0.072083] (indy_description) StdoutLine: {'line': b'-- Up-to-date: /root/common/indy-ros2/install/indy_description/share/indy_description//meshes/indy7/visual/Indy7_5.stl\n'}
[0.072275] (indy_description) StdoutLine: {'line': b'-- Up-to-date: /root/common/indy-ros2/install/indy_description/share/indy_description//meshes/indy7/visual/Indy7_0.stl\n'}
[0.072376] (indy_description) StdoutLine: {'line': b'-- Up-to-date: /root/common/indy-ros2/install/indy_description/share/indy_description//meshes/indy7/visual/Indy7_4.stl\n'}
[0.072428] (indy_description) StdoutLine: {'line': b'-- Up-to-date: /root/common/indy-ros2/install/indy_description/share/indy_description//meshes/indy7/visual/Indy7_eye_6.stl\n'}
[0.072478] (indy_description) StdoutLine: {'line': b'-- Up-to-date: /root/common/indy-ros2/install/indy_description/share/indy_description//meshes/indy7_v2\n'}
[0.072548] (indy_description) StdoutLine: {'line': b'-- Up-to-date: /root/common/indy-ros2/install/indy_description/share/indy_description//meshes/indy7_v2/collision\n'}
[0.072629] (indy_description) StdoutLine: {'line': b'-- Up-to-date: /root/common/indy-ros2/install/indy_description/share/indy_description//meshes/indy7_v2/collision/Indy7_v2_1.stl\n'}
[0.072756] (indy_description) StdoutLine: {'line': b'-- Up-to-date: /root/common/indy-ros2/install/indy_description/share/indy_description//meshes/indy7_v2/collision/Indy7_v2_3.stl\n'}
[0.072829] (indy_description) StdoutLine: {'line': b'-- Up-to-date: /root/common/indy-ros2/install/indy_description/share/indy_description//meshes/indy7_v2/collision/Indy7_v2_eye_6.stl\n'}
[0.072946] (indy_description) StdoutLine: {'line': b'-- Up-to-date: /root/common/indy-ros2/install/indy_description/share/indy_description//meshes/indy7_v2/collision/Indy7_v2_5.stl\n'}
[0.073011] (indy_description) StdoutLine: {'line': b'-- Up-to-date: /root/common/indy-ros2/install/indy_description/share/indy_description//meshes/indy7_v2/collision/Indy7_v2_6.stl\n'}
[0.073097] (indy_description) StdoutLine: {'line': b'-- Up-to-date: /root/common/indy-ros2/install/indy_description/share/indy_description//meshes/indy7_v2/collision/Indy7_v2_2.stl\n'}
[0.073204] (indy_description) StdoutLine: {'line': b'-- Up-to-date: /root/common/indy-ros2/install/indy_description/share/indy_description//meshes/indy7_v2/collision/Indy7_v2_0.stl\n'}
[0.073283] (indy_description) StdoutLine: {'line': b'-- Up-to-date: /root/common/indy-ros2/install/indy_description/share/indy_description//meshes/indy7_v2/collision/Indy7_v2_4.stl\n'}
[0.073397] (indy_description) StdoutLine: {'line': b'-- Up-to-date: /root/common/indy-ros2/install/indy_description/share/indy_description//meshes/indy7_v2/visual\n'}
[0.073462] (indy_description) StdoutLine: {'line': b'-- Up-to-date: /root/common/indy-ros2/install/indy_description/share/indy_description//meshes/indy7_v2/visual/Indy7_v2_1.stl\n'}
[0.073638] (indy_description) StdoutLine: {'line': b'-- Up-to-date: /root/common/indy-ros2/install/indy_description/share/indy_description//meshes/indy7_v2/visual/Indy7_v2_3.stl\n'}
[0.073777] (indy_description) StdoutLine: {'line': b'-- Up-to-date: /root/common/indy-ros2/install/indy_description/share/indy_description//meshes/indy7_v2/visual/Indy7_v2_eye_6.stl\n'}
[0.073975] (indy_description) StdoutLine: {'line': b'-- Up-to-date: /root/common/indy-ros2/install/indy_description/share/indy_description//meshes/indy7_v2/visual/Indy7_v2_5.stl\n'}
[0.074098] (indy_description) StdoutLine: {'line': b'-- Up-to-date: /root/common/indy-ros2/install/indy_description/share/indy_description//meshes/indy7_v2/visual/Indy7_v2_6.stl\n'}
[0.074227] (indy_description) StdoutLine: {'line': b'-- Up-to-date: /root/common/indy-ros2/install/indy_description/share/indy_description//meshes/indy7_v2/visual/Indy7_v2_2.stl\n'}
[0.074333] (indy_description) StdoutLine: {'line': b'-- Up-to-date: /root/common/indy-ros2/install/indy_description/share/indy_description//meshes/indy7_v2/visual/Indy7_v2_0.stl\n'}
[0.074438] (indy_description) StdoutLine: {'line': b'-- Up-to-date: /root/common/indy-ros2/install/indy_description/share/indy_description//meshes/indy7_v2/visual/Indy7_v2_4.stl\n'}
[0.074569] (indy_description) StdoutLine: {'line': b'-- Up-to-date: /root/common/indy-ros2/install/indy_description/share/indy_description//meshes/nuri4s\n'}
[0.074709] (indy_description) StdoutLine: {'line': b'-- Up-to-date: /root/common/indy-ros2/install/indy_description/share/indy_description//meshes/nuri4s/collision\n'}
[0.074856] (indy_description) StdoutLine: {'line': b'-- Up-to-date: /root/common/indy-ros2/install/indy_description/share/indy_description//meshes/nuri4s/collision/Nuri4s_0.stl\n'}
[0.074969] (indy_description) StdoutLine: {'line': b'-- Up-to-date: /root/common/indy-ros2/install/indy_description/share/indy_description//meshes/nuri4s/collision/Nuri4s_5.stl\n'}
[0.075043] (indy_description) StdoutLine: {'line': b'-- Up-to-date: /root/common/indy-ros2/install/indy_description/share/indy_description//meshes/nuri4s/collision/Nuri4s_3.stl\n'}
[0.075513] (indy_description) StdoutLine: {'line': b'-- Up-to-date: /root/common/indy-ros2/install/indy_description/share/indy_description//meshes/nuri4s/collision/Nuri4s_6.stl\n'}
[0.075612] (indy_description) StdoutLine: {'line': b'-- Up-to-date: /root/common/indy-ros2/install/indy_description/share/indy_description//meshes/nuri4s/collision/Nuri4s_4.stl\n'}
[0.075704] (indy_description) StdoutLine: {'line': b'-- Up-to-date: /root/common/indy-ros2/install/indy_description/share/indy_description//meshes/nuri4s/collision/Nuri4s_2.stl\n'}
[0.075766] (indy_description) StdoutLine: {'line': b'-- Up-to-date: /root/common/indy-ros2/install/indy_description/share/indy_description//meshes/nuri4s/collision/Nuri4s_1.stl\n'}
[0.075851] (indy_description) StdoutLine: {'line': b'-- Up-to-date: /root/common/indy-ros2/install/indy_description/share/indy_description//meshes/nuri4s/visual\n'}
[0.075946] (indy_description) StdoutLine: {'line': b'-- Up-to-date: /root/common/indy-ros2/install/indy_description/share/indy_description//meshes/nuri4s/visual/Nuri4s_0.stl\n'}
[0.076104] (indy_description) StdoutLine: {'line': b'-- Up-to-date: /root/common/indy-ros2/install/indy_description/share/indy_description//meshes/nuri4s/visual/Nuri4s_5.stl\n'}
[0.076198] (indy_description) StdoutLine: {'line': b'-- Up-to-date: /root/common/indy-ros2/install/indy_description/share/indy_description//meshes/nuri4s/visual/Nuri4s_3.stl\n'}
[0.076291] (indy_description) StdoutLine: {'line': b'-- Up-to-date: /root/common/indy-ros2/install/indy_description/share/indy_description//meshes/nuri4s/visual/Nuri4s_6.stl\n'}
[0.076402] (indy_description) StdoutLine: {'line': b'-- Up-to-date: /root/common/indy-ros2/install/indy_description/share/indy_description//meshes/nuri4s/visual/Nuri4s_4.stl\n'}
[0.076547] (indy_description) StdoutLine: {'line': b'-- Up-to-date: /root/common/indy-ros2/install/indy_description/share/indy_description//meshes/nuri4s/visual/Nuri4s_2.stl\n'}
[0.076623] (indy_description) StdoutLine: {'line': b'-- Up-to-date: /root/common/indy-ros2/install/indy_description/share/indy_description//meshes/nuri4s/visual/Nuri4s_1.stl\n'}
[0.076780] (indy_description) StdoutLine: {'line': b'-- Up-to-date: /root/common/indy-ros2/install/indy_description/share/indy_description//meshes/nuri20c\n'}
[0.076879] (indy_description) StdoutLine: {'line': b'-- Up-to-date: /root/common/indy-ros2/install/indy_description/share/indy_description//meshes/nuri20c/collision\n'}
[0.076965] (indy_description) StdoutLine: {'line': b'-- Up-to-date: /root/common/indy-ros2/install/indy_description/share/indy_description//meshes/nuri20c/collision/Nuri20c_3.stl\n'}
[0.077042] (indy_description) StdoutLine: {'line': b'-- Up-to-date: /root/common/indy-ros2/install/indy_description/share/indy_description//meshes/nuri20c/collision/Nuri20c_0.stl\n'}
[0.077123] (indy_description) StdoutLine: {'line': b'-- Up-to-date: /root/common/indy-ros2/install/indy_description/share/indy_description//meshes/nuri20c/collision/Nuri20c_2.stl\n'}
[0.077204] (indy_description) StdoutLine: {'line': b'-- Up-to-date: /root/common/indy-ros2/install/indy_description/share/indy_description//meshes/nuri20c/collision/Nuri20c_1.stl\n'}
[0.077284] (indy_description) StdoutLine: {'line': b'-- Up-to-date: /root/common/indy-ros2/install/indy_description/share/indy_description//meshes/nuri20c/collision/Nuri20c_4.stl\n'}
[0.077363] (indy_description) StdoutLine: {'line': b'-- Up-to-date: /root/common/indy-ros2/install/indy_description/share/indy_description//meshes/nuri20c/collision/Nuri20c_6.stl\n'}
[0.077449] (indy_description) StdoutLine: {'line': b'-- Up-to-date: /root/common/indy-ros2/install/indy_description/share/indy_description//meshes/nuri20c/collision/Nuri20c_5.stl\n'}
[0.077573] (indy_description) StdoutLine: {'line': b'-- Up-to-date: /root/common/indy-ros2/install/indy_description/share/indy_description//meshes/nuri20c/visual\n'}
[0.077652] (indy_description) StdoutLine: {'line': b'-- Up-to-date: /root/common/indy-ros2/install/indy_description/share/indy_description//meshes/nuri20c/visual/Nuri20c_3.stl\n'}
[0.077745] (indy_description) StdoutLine: {'line': b'-- Up-to-date: /root/common/indy-ros2/install/indy_description/share/indy_description//meshes/nuri20c/visual/Nuri20c_0.stl\n'}
[0.077816] (indy_description) StdoutLine: {'line': b'-- Up-to-date: /root/common/indy-ros2/install/indy_description/share/indy_description//meshes/nuri20c/visual/Nuri20c_2.stl\n'}
[0.077913] (indy_description) StdoutLine: {'line': b'-- Up-to-date: /root/common/indy-ros2/install/indy_description/share/indy_description//meshes/nuri20c/visual/Nuri20c_1.stl\n'}
[0.078011] (indy_description) StdoutLine: {'line': b'-- Up-to-date: /root/common/indy-ros2/install/indy_description/share/indy_description//meshes/nuri20c/visual/Nuri20c_4.stl\n'}
[0.078089] (indy_description) StdoutLine: {'line': b'-- Up-to-date: /root/common/indy-ros2/install/indy_description/share/indy_description//meshes/nuri20c/visual/Nuri20c_6.stl\n'}
[0.078174] (indy_description) StdoutLine: {'line': b'-- Up-to-date: /root/common/indy-ros2/install/indy_description/share/indy_description//meshes/nuri20c/visual/Nuri20c_5.stl\n'}
[0.078243] (indy_description) StdoutLine: {'line': b'-- Up-to-date: /root/common/indy-ros2/install/indy_description/share/indy_description//meshes/indyrp2_v2\n'}
[0.078326] (indy_description) StdoutLine: {'line': b'-- Up-to-date: /root/common/indy-ros2/install/indy_description/share/indy_description//meshes/indyrp2_v2/collision\n'}
[0.078399] (indy_description) StdoutLine: {'line': b'-- Up-to-date: /root/common/indy-ros2/install/indy_description/share/indy_description//meshes/indyrp2_v2/collision/IndyRP2_v2_2.stl\n'}
[0.078468] (indy_description) StdoutLine: {'line': b'-- Up-to-date: /root/common/indy-ros2/install/indy_description/share/indy_description//meshes/indyrp2_v2/collision/IndyRP2_v2_5.stl\n'}
[0.078552] (indy_description) StdoutLine: {'line': b'-- Up-to-date: /root/common/indy-ros2/install/indy_description/share/indy_description//meshes/indyrp2_v2/collision/IndyRP2_v2_7.stl\n'}
[0.078674] (indy_description) StdoutLine: {'line': b'-- Up-to-date: /root/common/indy-ros2/install/indy_description/share/indy_description//meshes/indyrp2_v2/collision/IndyRP2_v2_0.stl\n'}
[0.078769] (indy_description) StdoutLine: {'line': b'-- Up-to-date: /root/common/indy-ros2/install/indy_description/share/indy_description//meshes/indyrp2_v2/collision/IndyRP2_v2_3.stl\n'}
[0.078847] (indy_interfaces) StdoutLine: {'line': b'[ 23%] Built target indy_interfaces__rosidl_typesupport_cpp\n'}
[0.078923] (indy_description) StdoutLine: {'line': b'-- Up-to-date: /root/common/indy-ros2/install/indy_description/share/indy_description//meshes/indyrp2_v2/collision/IndyRP2_v2_4.stl\n'}
[0.079005] (indy_description) StdoutLine: {'line': b'-- Up-to-date: /root/common/indy-ros2/install/indy_description/share/indy_description//meshes/indyrp2_v2/collision/IndyRP2_v2_6.stl\n'}
[0.079085] (indy_description) StdoutLine: {'line': b'-- Up-to-date: /root/common/indy-ros2/install/indy_description/share/indy_description//meshes/indyrp2_v2/collision/IndyRP2_v2_eye_7.stl\n'}
[0.079172] (indy_description) StdoutLine: {'line': b'-- Up-to-date: /root/common/indy-ros2/install/indy_description/share/indy_description//meshes/indyrp2_v2/collision/IndyRP2_v2_1.stl\n'}
[0.079252] (indy_description) StdoutLine: {'line': b'-- Up-to-date: /root/common/indy-ros2/install/indy_description/share/indy_description//meshes/indyrp2_v2/visual\n'}
[0.079330] (indy_description) StdoutLine: {'line': b'-- Up-to-date: /root/common/indy-ros2/install/indy_description/share/indy_description//meshes/indyrp2_v2/visual/IndyRP2_v2_2.stl\n'}
[0.079408] (indy_description) StdoutLine: {'line': b'-- Up-to-date: /root/common/indy-ros2/install/indy_description/share/indy_description//meshes/indyrp2_v2/visual/IndyRP2_v2_5.stl\n'}
[0.079476] (indy_description) StdoutLine: {'line': b'-- Up-to-date: /root/common/indy-ros2/install/indy_description/share/indy_description//meshes/indyrp2_v2/visual/IndyRP2_v2_7.stl\n'}
[0.079558] (indy_description) StdoutLine: {'line': b'-- Up-to-date: /root/common/indy-ros2/install/indy_description/share/indy_description//meshes/indyrp2_v2/visual/IndyRP2_v2_0.stl\n'}
[0.079657] (indy_description) StdoutLine: {'line': b'-- Up-to-date: /root/common/indy-ros2/install/indy_description/share/indy_description//meshes/indyrp2_v2/visual/IndyRP2_v2_3.stl\n'}
[0.079770] (indy_description) StdoutLine: {'line': b'-- Up-to-date: /root/common/indy-ros2/install/indy_description/share/indy_description//meshes/indyrp2_v2/visual/IndyRP2_v2_4.stl\n'}
[0.079856] (indy_description) StdoutLine: {'line': b'-- Up-to-date: /root/common/indy-ros2/install/indy_description/share/indy_description//meshes/indyrp2_v2/visual/IndyRP2_v2_6.stl\n'}
[0.079932] (indy_description) StdoutLine: {'line': b'-- Up-to-date: /root/common/indy-ros2/install/indy_description/share/indy_description//meshes/indyrp2_v2/visual/IndyRP2_v2_eye_7.stl\n'}
[0.080003] (indy_description) StdoutLine: {'line': b'-- Up-to-date: /root/common/indy-ros2/install/indy_description/share/indy_description//meshes/indyrp2_v2/visual/IndyRP2_v2_1.stl\n'}
[0.080077] (indy_description) StdoutLine: {'line': b'-- Up-to-date: /root/common/indy-ros2/install/indy_description/share/indy_description//meshes/icon3\n'}
[0.080168] (indy_description) StdoutLine: {'line': b'-- Up-to-date: /root/common/indy-ros2/install/indy_description/share/indy_description//meshes/icon3/collision\n'}
[0.080273] (indy_description) StdoutLine: {'line': b'-- Up-to-date: /root/common/indy-ros2/install/indy_description/share/indy_description//meshes/icon3/collision/ICoN3_2.stl\n'}
[0.080382] (indy_description) StdoutLine: {'line': b'-- Up-to-date: /root/common/indy-ros2/install/indy_description/share/indy_description//meshes/icon3/collision/ICoN3_0.stl\n'}
[0.080453] (indy_description) StdoutLine: {'line': b'-- Up-to-date: /root/common/indy-ros2/install/indy_description/share/indy_description//meshes/icon3/collision/ICoN3_6.stl\n'}
[0.080525] (indy_description) StdoutLine: {'line': b'-- Up-to-date: /root/common/indy-ros2/install/indy_description/share/indy_description//meshes/icon3/collision/ICoN3_1.stl\n'}
[0.080597] (indy_description) StdoutLine: {'line': b'-- Up-to-date: /root/common/indy-ros2/install/indy_description/share/indy_description//meshes/icon3/collision/ICoN3_3.stl\n'}
[0.080667] (indy_description) StdoutLine: {'line': b'-- Up-to-date: /root/common/indy-ros2/install/indy_description/share/indy_description//meshes/icon3/collision/ICoN3_5.stl\n'}
[0.080744] (indy_description) StdoutLine: {'line': b'-- Up-to-date: /root/common/indy-ros2/install/indy_description/share/indy_description//meshes/icon3/collision/ICoN3_4.stl\n'}
[0.080815] (indy_description) StdoutLine: {'line': b'-- Up-to-date: /root/common/indy-ros2/install/indy_description/share/indy_description//meshes/icon3/visual\n'}
[0.080886] (indy_description) StdoutLine: {'line': b'-- Up-to-date: /root/common/indy-ros2/install/indy_description/share/indy_description//meshes/icon3/visual/ICoN3_2.stl\n'}
[0.080960] (indy_description) StdoutLine: {'line': b'-- Up-to-date: /root/common/indy-ros2/install/indy_description/share/indy_description//meshes/icon3/visual/ICoN3_0.stl\n'}
[0.081028] (indy_description) StdoutLine: {'line': b'-- Up-to-date: /root/common/indy-ros2/install/indy_description/share/indy_description//meshes/icon3/visual/ICoN3_6.stl\n'}
[0.081106] (indy_description) StdoutLine: {'line': b'-- Up-to-date: /root/common/indy-ros2/install/indy_description/share/indy_description//meshes/icon3/visual/ICoN3_1.stl\n'}
[0.081178] (indy_description) StdoutLine: {'line': b'-- Up-to-date: /root/common/indy-ros2/install/indy_description/share/indy_description//meshes/icon3/visual/ICoN3_3.stl\n'}
[0.081249] (indy_description) StdoutLine: {'line': b'-- Up-to-date: /root/common/indy-ros2/install/indy_description/share/indy_description//meshes/icon3/visual/ICoN3_5.stl\n'}
[0.081347] (indy_description) StdoutLine: {'line': b'-- Up-to-date: /root/common/indy-ros2/install/indy_description/share/indy_description//meshes/icon3/visual/ICoN3_4.stl\n'}
[0.081437] (indy_description) StdoutLine: {'line': b'-- Up-to-date: /root/common/indy-ros2/install/indy_description/share/indy_description//meshes/nuri3s\n'}
[0.081532] (indy_description) StdoutLine: {'line': b'-- Up-to-date: /root/common/indy-ros2/install/indy_description/share/indy_description//meshes/nuri3s/collision\n'}
[0.081633] (indy_description) StdoutLine: {'line': b'-- Up-to-date: /root/common/indy-ros2/install/indy_description/share/indy_description//meshes/nuri3s/collision/Nuri3s_0.stl\n'}
[0.081714] (indy_description) StdoutLine: {'line': b'-- Up-to-date: /root/common/indy-ros2/install/indy_description/share/indy_description//meshes/nuri3s/collision/Nuri3s_1.stl\n'}
[0.081788] (indy_description) StdoutLine: {'line': b'-- Up-to-date: /root/common/indy-ros2/install/indy_description/share/indy_description//meshes/nuri3s/collision/Nuri3s_6.stl\n'}
[0.081865] (indy_description) StdoutLine: {'line': b'-- Up-to-date: /root/common/indy-ros2/install/indy_description/share/indy_description//meshes/nuri3s/collision/Nuri3s_5.stl\n'}
[0.081939] (indy_description) StdoutLine: {'line': b'-- Up-to-date: /root/common/indy-ros2/install/indy_description/share/indy_description//meshes/nuri3s/collision/Nuri3s_3.stl\n'}
[0.082015] (indy_description) StdoutLine: {'line': b'-- Up-to-date: /root/common/indy-ros2/install/indy_description/share/indy_description//meshes/nuri3s/collision/Nuri3s_4.stl\n'}
[0.082097] (indy_description) StdoutLine: {'line': b'-- Up-to-date: /root/common/indy-ros2/install/indy_description/share/indy_description//meshes/nuri3s/collision/Nuri3s_2.stl\n'}
[0.082172] (indy_description) StdoutLine: {'line': b'-- Up-to-date: /root/common/indy-ros2/install/indy_description/share/indy_description//meshes/nuri3s/visual\n'}
[0.082240] (indy_description) StdoutLine: {'line': b'-- Up-to-date: /root/common/indy-ros2/install/indy_description/share/indy_description//meshes/nuri3s/visual/Nuri3s_0.stl\n'}
[0.082312] (indy_description) StdoutLine: {'line': b'-- Up-to-date: /root/common/indy-ros2/install/indy_description/share/indy_description//meshes/nuri3s/visual/Nuri3s_1.stl\n'}
[0.082392] (indy_description) StdoutLine: {'line': b'-- Up-to-date: /root/common/indy-ros2/install/indy_description/share/indy_description//meshes/nuri3s/visual/Nuri3s_6.stl\n'}
[0.082463] (indy_description) StdoutLine: {'line': b'-- Up-to-date: /root/common/indy-ros2/install/indy_description/share/indy_description//meshes/nuri3s/visual/Nuri3s_5.stl\n'}
[0.082552] (indy_description) StdoutLine: {'line': b'-- Up-to-date: /root/common/indy-ros2/install/indy_description/share/indy_description//meshes/nuri3s/visual/Nuri3s_3.stl\n'}
[0.082722] (indy_description) StdoutLine: {'line': b'-- Up-to-date: /root/common/indy-ros2/install/indy_description/share/indy_description//meshes/nuri3s/visual/Nuri3s_4.stl\n'}
[0.082798] (indy_description) StdoutLine: {'line': b'-- Up-to-date: /root/common/indy-ros2/install/indy_description/share/indy_description//meshes/nuri3s/visual/Nuri3s_2.stl\n'}
[0.082878] (indy_description) StdoutLine: {'line': b'-- Up-to-date: /root/common/indy-ros2/install/indy_description/share/indy_description//meshes/nuri7c\n'}
[0.082950] (indy_description) StdoutLine: {'line': b'-- Up-to-date: /root/common/indy-ros2/install/indy_description/share/indy_description//meshes/nuri7c/collision\n'}
[0.083021] (indy_description) StdoutLine: {'line': b'-- Up-to-date: /root/common/indy-ros2/install/indy_description/share/indy_description//meshes/nuri7c/collision/Nuri7c_5.stl\n'}
[0.083170] (indy_description) StdoutLine: {'line': b'-- Up-to-date: /root/common/indy-ros2/install/indy_description/share/indy_description//meshes/nuri7c/collision/Nuri7c_2.stl\n'}
[0.083247] (indy_description) StdoutLine: {'line': b'-- Up-to-date: /root/common/indy-ros2/install/indy_description/share/indy_description//meshes/nuri7c/collision/Nuri7c_4.stl\n'}
[0.083320] (indy_description) StdoutLine: {'line': b'-- Up-to-date: /root/common/indy-ros2/install/indy_description/share/indy_description//meshes/nuri7c/collision/Nuri7c_0.stl\n'}
[0.083397] (indy_description) StdoutLine: {'line': b'-- Up-to-date: /root/common/indy-ros2/install/indy_description/share/indy_description//meshes/nuri7c/collision/Nuri7c_3.stl\n'}
[0.083476] (indy_description) StdoutLine: {'line': b'-- Up-to-date: /root/common/indy-ros2/install/indy_description/share/indy_description//meshes/nuri7c/collision/Nuri7c_6.stl\n'}
[0.083553] (indy_description) StdoutLine: {'line': b'-- Up-to-date: /root/common/indy-ros2/install/indy_description/share/indy_description//meshes/nuri7c/collision/Nuri7c_1.stl\n'}
[0.083623] (indy_description) StdoutLine: {'line': b'-- Up-to-date: /root/common/indy-ros2/install/indy_description/share/indy_description//meshes/nuri7c/visual\n'}
[0.083694] (indy_description) StdoutLine: {'line': b'-- Up-to-date: /root/common/indy-ros2/install/indy_description/share/indy_description//meshes/nuri7c/visual/Nuri7c_5.stl\n'}
[0.083771] (indy_description) StdoutLine: {'line': b'-- Up-to-date: /root/common/indy-ros2/install/indy_description/share/indy_description//meshes/nuri7c/visual/Nuri7c_2.stl\n'}
[0.083845] (indy_description) StdoutLine: {'line': b'-- Up-to-date: /root/common/indy-ros2/install/indy_description/share/indy_description//meshes/nuri7c/visual/Nuri7c_4.stl\n'}
[0.083917] (indy_description) StdoutLine: {'line': b'-- Up-to-date: /root/common/indy-ros2/install/indy_description/share/indy_description//meshes/nuri7c/visual/Nuri7c_0.stl\n'}
[0.083991] (indy_description) StdoutLine: {'line': b'-- Up-to-date: /root/common/indy-ros2/install/indy_description/share/indy_description//meshes/nuri7c/visual/Nuri7c_3.stl\n'}
[0.084066] (indy_description) StdoutLine: {'line': b'-- Up-to-date: /root/common/indy-ros2/install/indy_description/share/indy_description//meshes/nuri7c/visual/Nuri7c_6.stl\n'}
[0.084135] (indy_description) StdoutLine: {'line': b'-- Up-to-date: /root/common/indy-ros2/install/indy_description/share/indy_description//meshes/nuri7c/visual/Nuri7c_1.stl\n'}
[0.084208] (indy_description) StdoutLine: {'line': b'-- Up-to-date: /root/common/indy-ros2/install/indy_description/share/indy_description//meshes/indy12_v2\n'}
[0.084286] (indy_description) StdoutLine: {'line': b'-- Up-to-date: /root/common/indy-ros2/install/indy_description/share/indy_description//meshes/indy12_v2/collision\n'}
[0.084362] (indy_description) StdoutLine: {'line': b'-- Up-to-date: /root/common/indy-ros2/install/indy_description/share/indy_description//meshes/indy12_v2/collision/Indy12_v2_3.stl\n'}
[0.084442] (indy_description) StdoutLine: {'line': b'-- Up-to-date: /root/common/indy-ros2/install/indy_description/share/indy_description//meshes/indy12_v2/collision/Indy12_v2_6.stl\n'}
[0.084516] (indy_description) StdoutLine: {'line': b'-- Up-to-date: /root/common/indy-ros2/install/indy_description/share/indy_description//meshes/indy12_v2/collision/Indy12_v2_5.stl\n'}
[0.084593] (indy_description) StdoutLine: {'line': b'-- Up-to-date: /root/common/indy-ros2/install/indy_description/share/indy_description//meshes/indy12_v2/collision/Indy12_v2_4.stl\n'}
[0.084668] (indy_description) StdoutLine: {'line': b'-- Up-to-date: /root/common/indy-ros2/install/indy_description/share/indy_description//meshes/indy12_v2/collision/Indy12_v2_1.stl\n'}
[0.085724] (indy_description) StdoutLine: {'line': b'-- Up-to-date: /root/common/indy-ros2/install/indy_description/share/indy_description//meshes/indy12_v2/collision/Indy12_v2_0.stl\n'}
[0.085828] (indy_description) StdoutLine: {'line': b'-- Up-to-date: /root/common/indy-ros2/install/indy_description/share/indy_description//meshes/indy12_v2/collision/Indy12_v2_2.stl\n'}
[0.085930] (indy_description) StdoutLine: {'line': b'-- Up-to-date: /root/common/indy-ros2/install/indy_description/share/indy_description//meshes/indy12_v2/visual\n'}
[0.086128] (indy_description) StdoutLine: {'line': b'-- Up-to-date: /root/common/indy-ros2/install/indy_description/share/indy_description//meshes/indy12_v2/visual/Indy12_v2_3.stl\n'}
[0.086322] (indy_description) StdoutLine: {'line': b'-- Up-to-date: /root/common/indy-ros2/install/indy_description/share/indy_description//meshes/indy12_v2/visual/Indy12_v2_6.stl\n'}
[0.086415] (indy_description) StdoutLine: {'line': b'-- Up-to-date: /root/common/indy-ros2/install/indy_description/share/indy_description//meshes/indy12_v2/visual/Indy12_v2_5.stl\n'}
[0.086505] (indy_description) StdoutLine: {'line': b'-- Up-to-date: /root/common/indy-ros2/install/indy_description/share/indy_description//meshes/indy12_v2/visual/Indy12_v2_4.stl\n'}
[0.086747] (indy_description) StdoutLine: {'line': b'-- Up-to-date: /root/common/indy-ros2/install/indy_description/share/indy_description//meshes/indy12_v2/visual/Indy12_v2_1.stl\n'}
[0.086837] (indy_description) StdoutLine: {'line': b'-- Up-to-date: /root/common/indy-ros2/install/indy_description/share/indy_description//meshes/indy12_v2/visual/Indy12_v2_0.stl\n'}
[0.087168] (indy_description) StdoutLine: {'line': b'-- Up-to-date: /root/common/indy-ros2/install/indy_description/share/indy_description//meshes/indy12_v2/visual/Indy12_v2_2.stl\n'}
[0.087245] (indy_description) StdoutLine: {'line': b'-- Up-to-date: /root/common/indy-ros2/install/indy_description/share/indy_description//meshes/dual_icon3\n'}
[0.087337] (indy_description) StdoutLine: {'line': b'-- Up-to-date: /root/common/indy-ros2/install/indy_description/share/indy_description//meshes/dual_icon3/collision\n'}
[0.088172] (indy_description) StdoutLine: {'line': b'-- Up-to-date: /root/common/indy-ros2/install/indy_description/share/indy_description//meshes/dual_icon3/collision/Body_base.stl\n'}
[0.088398] (indy_description) StdoutLine: {'line': b'-- Up-to-date: /root/common/indy-ros2/install/indy_description/share/indy_description//meshes/dual_icon3/collision/Body_cover.stl\n'}
[0.089621] (indy_description) StdoutLine: {'line': b'-- Up-to-date: /root/common/indy-ros2/install/indy_description/share/indy_description//meshes/dual_icon3/collision/Body_frame.stl\n'}
[0.089898] (indy_description) StdoutLine: {'line': b'-- Up-to-date: /root/common/indy-ros2/install/indy_description/share/indy_description//meshes/dual_icon3/visual\n'}
[0.090580] (indy_description) StdoutLine: {'line': b'-- Up-to-date: /root/common/indy-ros2/install/indy_description/share/indy_description//meshes/dual_icon3/visual/Body_base.stl\n'}
[0.091226] (indy_description) StdoutLine: {'line': b'-- Up-to-date: /root/common/indy-ros2/install/indy_description/share/indy_description//meshes/dual_icon3/visual/Body_cover.stl\n'}
[0.091347] (indy_description) StdoutLine: {'line': b'-- Up-to-date: /root/common/indy-ros2/install/indy_description/share/indy_description//meshes/dual_icon3/visual/Body_frame.stl\n'}
[0.091451] (indy_description) StdoutLine: {'line': b'-- Up-to-date: /root/common/indy-ros2/install/indy_description/share/indy_description//meshes/icon7l\n'}
[0.092026] (indy_description) StdoutLine: {'line': b'-- Up-to-date: /root/common/indy-ros2/install/indy_description/share/indy_description//meshes/icon7l/collision\n'}
[0.092630] (indy_description) StdoutLine: {'line': b'-- Up-to-date: /root/common/indy-ros2/install/indy_description/share/indy_description//meshes/icon7l/collision/ICoN7L_3.stl\n'}
[0.092742] (indy_description) StdoutLine: {'line': b'-- Up-to-date: /root/common/indy-ros2/install/indy_description/share/indy_description//meshes/icon7l/collision/ICoN7L_1.stl\n'}
[0.092842] (indy_description) StdoutLine: {'line': b'-- Up-to-date: /root/common/indy-ros2/install/indy_description/share/indy_description//meshes/icon7l/collision/ICoN7L_2.stl\n'}
[0.093452] (indy_description) StdoutLine: {'line': b'-- Up-to-date: /root/common/indy-ros2/install/indy_description/share/indy_description//meshes/icon7l/collision/ICoN7L_0.stl\n'}
[0.093565] (indy_description) StdoutLine: {'line': b'-- Up-to-date: /root/common/indy-ros2/install/indy_description/share/indy_description//meshes/icon7l/collision/ICoN7L_4.stl\n'}
[0.093817] (indy_description) StdoutLine: {'line': b'-- Up-to-date: /root/common/indy-ros2/install/indy_description/share/indy_description//meshes/icon7l/collision/ICoN7L_5.stl\n'}
[0.094222] (indy_description) StdoutLine: {'line': b'-- Up-to-date: /root/common/indy-ros2/install/indy_description/share/indy_description//meshes/icon7l/collision/ICoN7L_6.stl\n'}
[0.094309] (indy_description) StdoutLine: {'line': b'-- Up-to-date: /root/common/indy-ros2/install/indy_description/share/indy_description//meshes/icon7l/visual\n'}
[0.094404] (indy_description) StdoutLine: {'line': b'-- Up-to-date: /root/common/indy-ros2/install/indy_description/share/indy_description//meshes/icon7l/visual/ICoN7L_3.stl\n'}
[0.094681] (indy_description) StdoutLine: {'line': b'-- Up-to-date: /root/common/indy-ros2/install/indy_description/share/indy_description//meshes/icon7l/visual/ICoN7L_1.stl\n'}
[0.094822] (indy_description) StdoutLine: {'line': b'-- Up-to-date: /root/common/indy-ros2/install/indy_description/share/indy_description//meshes/icon7l/visual/ICoN7L_2.stl\n'}
[0.094940] (indy_description) StdoutLine: {'line': b'-- Up-to-date: /root/common/indy-ros2/install/indy_description/share/indy_description//meshes/icon7l/visual/ICoN7L_0.stl\n'}
[0.095051] (indy_description) StdoutLine: {'line': b'-- Up-to-date: /root/common/indy-ros2/install/indy_description/share/indy_description//meshes/icon7l/visual/ICoN7L_4.stl\n'}
[0.095293] (indy_description) StdoutLine: {'line': b'-- Up-to-date: /root/common/indy-ros2/install/indy_description/share/indy_description//meshes/icon7l/visual/ICoN7L_5.stl\n'}
[0.095625] (indy_description) StdoutLine: {'line': b'-- Up-to-date: /root/common/indy-ros2/install/indy_description/share/indy_description//meshes/icon7l/visual/ICoN7L_6.stl\n'}
[0.095911] (indy_description) StdoutLine: {'line': b'-- Up-to-date: /root/common/indy-ros2/install/indy_description/share/indy_description//rviz_config\n'}
[0.096121] (indy_description) StdoutLine: {'line': b'-- Up-to-date: /root/common/indy-ros2/install/indy_description/share/indy_description//rviz_config/indy.rviz\n'}
[0.096171] (indy_description) StdoutLine: {'line': b'-- Up-to-date: /root/common/indy-ros2/install/indy_description/share/indy_description//urdf\n'}
[0.096223] (indy_description) StdoutLine: {'line': b'-- Up-to-date: /root/common/indy-ros2/install/indy_description/share/indy_description//urdf/generate_all_urdfs.sh\n'}
[0.096272] (indy_description) StdoutLine: {'line': b'-- Up-to-date: /root/common/indy-ros2/install/indy_description/share/indy_description//urdf/indy.urdf.xacro\n'}
[0.096320] (indy_description) StdoutLine: {'line': b'-- Up-to-date: /root/common/indy-ros2/install/indy_description/share/indy_description//urdf/indy_macro.xacro\n'}
[0.096367] (indy_description) StdoutLine: {'line': b'-- Up-to-date: /root/common/indy-ros2/install/indy_description/share/indy_description//urdf/indy.ros2_control.xacro\n'}
[0.096414] (indy_description) StdoutLine: {'line': b'-- Up-to-date: /root/common/indy-ros2/install/indy_description/share/indy_description//urdf/materials.xacro\n'}
[0.096461] (indy_description) StdoutLine: {'line': b'-- Up-to-date: /root/common/indy-ros2/install/indy_description/share/indy_description//urdf/indy_common.xacro\n'}
[0.096507] (indy_description) StdoutLine: {'line': b'-- Up-to-date: /root/common/indy-ros2/install/indy_description/share/indy_description//urdf/indy_transmissions.xacro\n'}
[0.096553] (indy_description) StdoutLine: {'line': b'-- Up-to-date: /root/common/indy-ros2/install/indy_description/share/indy_description//urdf/config\n'}
[0.096599] (indy_description) StdoutLine: {'line': b'-- Up-to-date: /root/common/indy-ros2/install/indy_description/share/indy_description//urdf/config/indy12\n'}
[0.096646] (indy_description) StdoutLine: {'line': b'-- Up-to-date: /root/common/indy-ros2/install/indy_description/share/indy_description//urdf/config/indy12/visual_parameters.yaml\n'}
[0.096693] (indy_description) StdoutLine: {'line': b'-- Up-to-date: /root/common/indy-ros2/install/indy_description/share/indy_description//urdf/config/indy12/physical_parameters.yaml\n'}
[0.096739] (indy_description) StdoutLine: {'line': b'-- Up-to-date: /root/common/indy-ros2/install/indy_description/share/indy_description//urdf/config/indy12/joint_axes.yaml\n'}
[0.096785] (indy_description) StdoutLine: {'line': b'-- Up-to-date: /root/common/indy-ros2/install/indy_description/share/indy_description//urdf/config/indy12/kinematics.yaml\n'}
[0.096831] (indy_description) StdoutLine: {'line': b'-- Up-to-date: /root/common/indy-ros2/install/indy_description/share/indy_description//urdf/config/indy12/joint_limits.yaml\n'}
[0.096877] (indy_description) StdoutLine: {'line': b'-- Up-to-date: /root/common/indy-ros2/install/indy_description/share/indy_description//urdf/config/indyrp2\n'}
[0.096924] (indy_description) StdoutLine: {'line': b'-- Up-to-date: /root/common/indy-ros2/install/indy_description/share/indy_description//urdf/config/indyrp2/visual_parameters.yaml\n'}
[0.096970] (indy_description) StdoutLine: {'line': b'-- Up-to-date: /root/common/indy-ros2/install/indy_description/share/indy_description//urdf/config/indyrp2/physical_parameters.yaml\n'}
[0.097017] (indy_description) StdoutLine: {'line': b'-- Up-to-date: /root/common/indy-ros2/install/indy_description/share/indy_description//urdf/config/indyrp2/joint_axes.yaml\n'}
[0.097063] (indy_description) StdoutLine: {'line': b'-- Up-to-date: /root/common/indy-ros2/install/indy_description/share/indy_description//urdf/config/indyrp2/kinematics.yaml\n'}
[0.097109] (indy_description) StdoutLine: {'line': b'-- Up-to-date: /root/common/indy-ros2/install/indy_description/share/indy_description//urdf/config/indyrp2/joint_limits.yaml\n'}
[0.097155] (indy_description) StdoutLine: {'line': b'-- Up-to-date: /root/common/indy-ros2/install/indy_description/share/indy_description//urdf/config/opti5\n'}
[0.097204] (indy_description) StdoutLine: {'line': b'-- Up-to-date: /root/common/indy-ros2/install/indy_description/share/indy_description//urdf/config/opti5/visual_parameters.yaml\n'}
[0.097250] (indy_description) StdoutLine: {'line': b'-- Up-to-date: /root/common/indy-ros2/install/indy_description/share/indy_description//urdf/config/opti5/physical_parameters.yaml\n'}
[0.097296] (indy_description) StdoutLine: {'line': b'-- Up-to-date: /root/common/indy-ros2/install/indy_description/share/indy_description//urdf/config/opti5/joint_axes.yaml\n'}
[0.097348] (indy_description) StdoutLine: {'line': b'-- Up-to-date: /root/common/indy-ros2/install/indy_description/share/indy_description//urdf/config/opti5/kinematics.yaml\n'}
[0.097395] (indy_description) StdoutLine: {'line': b'-- Up-to-date: /root/common/indy-ros2/install/indy_description/share/indy_description//urdf/config/opti5/joint_limits.yaml\n'}
[0.097440] (indy_description) StdoutLine: {'line': b'-- Up-to-date: /root/common/indy-ros2/install/indy_description/share/indy_description//urdf/config/indy7\n'}
[0.097486] (indy_description) StdoutLine: {'line': b'-- Up-to-date: /root/common/indy-ros2/install/indy_description/share/indy_description//urdf/config/indy7/visual_parameters.yaml\n'}
[0.097532] (indy_description) StdoutLine: {'line': b'-- Up-to-date: /root/common/indy-ros2/install/indy_description/share/indy_description//urdf/config/indy7/physical_parameters.yaml\n'}
[0.097578] (indy_description) StdoutLine: {'line': b'-- Up-to-date: /root/common/indy-ros2/install/indy_description/share/indy_description//urdf/config/indy7/joint_axes.yaml\n'}
[0.097624] (indy_description) StdoutLine: {'line': b'-- Up-to-date: /root/common/indy-ros2/install/indy_description/share/indy_description//urdf/config/indy7/kinematics.yaml\n'}
[0.097670] (indy_description) StdoutLine: {'line': b'-- Up-to-date: /root/common/indy-ros2/install/indy_description/share/indy_description//urdf/config/indy7/joint_limits.yaml\n'}
[0.097719] (indy_description) StdoutLine: {'line': b'-- Up-to-date: /root/common/indy-ros2/install/indy_description/share/indy_description//urdf/config/indy7_v2\n'}
[0.097765] (indy_description) StdoutLine: {'line': b'-- Up-to-date: /root/common/indy-ros2/install/indy_description/share/indy_description//urdf/config/indy7_v2/visual_parameters.yaml\n'}
[0.097811] (indy_description) StdoutLine: {'line': b'-- Up-to-date: /root/common/indy-ros2/install/indy_description/share/indy_description//urdf/config/indy7_v2/physical_parameters.yaml\n'}
[0.097876] (indy_description) StdoutLine: {'line': b'-- Up-to-date: /root/common/indy-ros2/install/indy_description/share/indy_description//urdf/config/indy7_v2/joint_axes.yaml\n'}
[0.097959] (indy_description) StdoutLine: {'line': b'-- Up-to-date: /root/common/indy-ros2/install/indy_description/share/indy_description//urdf/config/indy7_v2/kinematics.yaml\n'}
[0.098077] (indy_interfaces) StdoutLine: {'line': b'[ 41%] Built target indy_interfaces__rosidl_typesupport_introspection_cpp\n'}
[0.098134] (indy_description) StdoutLine: {'line': b'-- Up-to-date: /root/common/indy-ros2/install/indy_description/share/indy_description//urdf/config/indy7_v2/joint_limits.yaml\n'}
[0.098183] (indy_description) StdoutLine: {'line': b'-- Up-to-date: /root/common/indy-ros2/install/indy_description/share/indy_description//urdf/config/nuri4s\n'}
[0.098230] (indy_interfaces) StdoutLine: {'line': b'[ 45%] Built target indy_interfaces__rosidl_typesupport_fastrtps_cpp\n'}
[0.098278] (indy_description) StdoutLine: {'line': b'-- Up-to-date: /root/common/indy-ros2/install/indy_description/share/indy_description//urdf/config/nuri4s/visual_parameters.yaml\n'}
[0.098340] (indy_description) StdoutLine: {'line': b'-- Up-to-date: /root/common/indy-ros2/install/indy_description/share/indy_description//urdf/config/nuri4s/physical_parameters.yaml\n'}
[0.098387] (indy_description) StdoutLine: {'line': b'-- Up-to-date: /root/common/indy-ros2/install/indy_description/share/indy_description//urdf/config/nuri4s/joint_axes.yaml\n'}
[0.098439] (indy_description) StdoutLine: {'line': b'-- Up-to-date: /root/common/indy-ros2/install/indy_description/share/indy_description//urdf/config/nuri4s/kinematics.yaml\n'}
[0.098486] (indy_description) StdoutLine: {'line': b'-- Up-to-date: /root/common/indy-ros2/install/indy_description/share/indy_description//urdf/config/nuri4s/joint_limits.yaml\n'}
[0.098554] (indy_description) StdoutLine: {'line': b'-- Up-to-date: /root/common/indy-ros2/install/indy_description/share/indy_description//urdf/config/nuri20c\n'}
[0.098602] (indy_description) StdoutLine: {'line': b'-- Up-to-date: /root/common/indy-ros2/install/indy_description/share/indy_description//urdf/config/nuri20c/visual_parameters.yaml\n'}
[0.098683] (indy_description) StdoutLine: {'line': b'-- Up-to-date: /root/common/indy-ros2/install/indy_description/share/indy_description//urdf/config/nuri20c/physical_parameters.yaml\n'}
[0.098732] (indy_description) StdoutLine: {'line': b'-- Up-to-date: /root/common/indy-ros2/install/indy_description/share/indy_description//urdf/config/nuri20c/joint_axes.yaml\n'}
[0.098780] (indy_description) StdoutLine: {'line': b'-- Up-to-date: /root/common/indy-ros2/install/indy_description/share/indy_description//urdf/config/nuri20c/kinematics.yaml\n'}
[0.098829] (indy_description) StdoutLine: {'line': b'-- Up-to-date: /root/common/indy-ros2/install/indy_description/share/indy_description//urdf/config/nuri20c/joint_limits.yaml\n'}
[0.098877] (indy_description) StdoutLine: {'line': b'-- Up-to-date: /root/common/indy-ros2/install/indy_description/share/indy_description//urdf/config/indyrp2_v2\n'}
[0.098945] (indy_interfaces) StdoutLine: {'line': b'[ 56%] Built target indy_interfaces__rosidl_typesupport_c\n'}
[0.098998] (indy_description) StdoutLine: {'line': b'-- Up-to-date: /root/common/indy-ros2/install/indy_description/share/indy_description//urdf/config/indyrp2_v2/visual_parameters.yaml\n'}
[0.099049] (indy_description) StdoutLine: {'line': b'-- Up-to-date: /root/common/indy-ros2/install/indy_description/share/indy_description//urdf/config/indyrp2_v2/physical_parameters.yaml\n'}
[0.099098] (indy_description) StdoutLine: {'line': b'-- Up-to-date: /root/common/indy-ros2/install/indy_description/share/indy_description//urdf/config/indyrp2_v2/joint_axes.yaml\n'}
[0.099147] (indy_description) StdoutLine: {'line': b'-- Up-to-date: /root/common/indy-ros2/install/indy_description/share/indy_description//urdf/config/indyrp2_v2/kinematics.yaml\n'}
[0.099196] (indy_description) StdoutLine: {'line': b'-- Up-to-date: /root/common/indy-ros2/install/indy_description/share/indy_description//urdf/config/indyrp2_v2/joint_limits.yaml\n'}
[0.099246] (indy_description) StdoutLine: {'line': b'-- Up-to-date: /root/common/indy-ros2/install/indy_description/share/indy_description//urdf/config/icon3\n'}
[0.099303] (indy_description) StdoutLine: {'line': b'-- Up-to-date: /root/common/indy-ros2/install/indy_description/share/indy_description//urdf/config/icon3/visual_parameters.yaml\n'}
[0.099354] (indy_interfaces) StdoutLine: {'line': b'[ 67%] Built target indy_interfaces__rosidl_typesupport_introspection_c\n'}
[0.099406] (indy_description) StdoutLine: {'line': b'-- Up-to-date: /root/common/indy-ros2/install/indy_description/share/indy_description//urdf/config/icon3/physical_parameters.yaml\n'}
[0.099457] (indy_description) StdoutLine: {'line': b'-- Up-to-date: /root/common/indy-ros2/install/indy_description/share/indy_description//urdf/config/icon3/joint_axes.yaml\n'}
[0.099506] (indy_description) StdoutLine: {'line': b'-- Up-to-date: /root/common/indy-ros2/install/indy_description/share/indy_description//urdf/config/icon3/kinematics.yaml\n'}
[0.099556] (indy_description) StdoutLine: {'line': b'-- Up-to-date: /root/common/indy-ros2/install/indy_description/share/indy_description//urdf/config/icon3/joint_limits.yaml\n'}
[0.099605] (indy_description) StdoutLine: {'line': b'-- Up-to-date: /root/common/indy-ros2/install/indy_description/share/indy_description//urdf/config/nuri3s\n'}
[0.099658] (indy_description) StdoutLine: {'line': b'-- Up-to-date: /root/common/indy-ros2/install/indy_description/share/indy_description//urdf/config/nuri3s/visual_parameters.yaml\n'}
[0.099725] (indy_description) StdoutLine: {'line': b'-- Up-to-date: /root/common/indy-ros2/install/indy_description/share/indy_description//urdf/config/nuri3s/physical_parameters.yaml\n'}
[0.099773] (indy_description) StdoutLine: {'line': b'-- Up-to-date: /root/common/indy-ros2/install/indy_description/share/indy_description//urdf/config/nuri3s/joint_axes.yaml\n'}
[0.099840] (indy_description) StdoutLine: {'line': b'-- Up-to-date: /root/common/indy-ros2/install/indy_description/share/indy_description//urdf/config/nuri3s/kinematics.yaml\n'}
[0.099919] (-) TimerEvent: {}
[0.099998] (indy_description) StdoutLine: {'line': b'-- Up-to-date: /root/common/indy-ros2/install/indy_description/share/indy_description//urdf/config/nuri3s/joint_limits.yaml\n'}
[0.100056] (indy_description) StdoutLine: {'line': b'-- Up-to-date: /root/common/indy-ros2/install/indy_description/share/indy_description//urdf/config/nuri7c\n'}
[0.100142] (indy_description) StdoutLine: {'line': b'-- Up-to-date: /root/common/indy-ros2/install/indy_description/share/indy_description//urdf/config/nuri7c/visual_parameters.yaml\n'}
[0.100255] (indy_description) StdoutLine: {'line': b'-- Up-to-date: /root/common/indy-ros2/install/indy_description/share/indy_description//urdf/config/nuri7c/physical_parameters.yaml\n'}
[0.100555] (indy_description) StdoutLine: {'line': b'-- Up-to-date: /root/common/indy-ros2/install/indy_description/share/indy_description//urdf/config/nuri7c/joint_axes.yaml\n'}
[0.100655] (indy_description) StdoutLine: {'line': b'-- Up-to-date: /root/common/indy-ros2/install/indy_description/share/indy_description//urdf/config/nuri7c/kinematics.yaml\n'}
[0.100709] (indy_description) StdoutLine: {'line': b'-- Up-to-date: /root/common/indy-ros2/install/indy_description/share/indy_description//urdf/config/nuri7c/joint_limits.yaml\n'}
[0.100760] (indy_description) StdoutLine: {'line': b'-- Up-to-date: /root/common/indy-ros2/install/indy_description/share/indy_description//urdf/config/indy12_v2\n'}
[0.100844] (indy_description) StdoutLine: {'line': b'-- Up-to-date: /root/common/indy-ros2/install/indy_description/share/indy_description//urdf/config/indy12_v2/visual_parameters.yaml\n'}
[0.100893] (indy_description) StdoutLine: {'line': b'-- Up-to-date: /root/common/indy-ros2/install/indy_description/share/indy_description//urdf/config/indy12_v2/physical_parameters.yaml\n'}
[0.100942] (indy_description) StdoutLine: {'line': b'-- Up-to-date: /root/common/indy-ros2/install/indy_description/share/indy_description//urdf/config/indy12_v2/joint_axes.yaml\n'}
[0.100990] (indy_description) StdoutLine: {'line': b'-- Up-to-date: /root/common/indy-ros2/install/indy_description/share/indy_description//urdf/config/indy12_v2/kinematics.yaml\n'}
[0.101040] (indy_description) StdoutLine: {'line': b'-- Up-to-date: /root/common/indy-ros2/install/indy_description/share/indy_description//urdf/config/indy12_v2/joint_limits.yaml\n'}
[0.101088] (indy_description) StdoutLine: {'line': b'-- Up-to-date: /root/common/indy-ros2/install/indy_description/share/indy_description//urdf/config/dual_icon3\n'}
[0.101203] (indy_description) StdoutLine: {'line': b'-- Up-to-date: /root/common/indy-ros2/install/indy_description/share/indy_description//urdf/config/dual_icon3/visual_parameters.yaml\n'}
[0.101265] (indy_description) StdoutLine: {'line': b'-- Up-to-date: /root/common/indy-ros2/install/indy_description/share/indy_description//urdf/config/dual_icon3/physical_parameters.yaml\n'}
[0.101423] (indy_description) StdoutLine: {'line': b'-- Up-to-date: /root/common/indy-ros2/install/indy_description/share/indy_description//urdf/config/dual_icon3/joint_axes.yaml\n'}
[0.101479] (indy_description) StdoutLine: {'line': b'-- Up-to-date: /root/common/indy-ros2/install/indy_description/share/indy_description//urdf/config/dual_icon3/kinematics.yaml\n'}
[0.101531] (indy_description) StdoutLine: {'line': b'-- Up-to-date: /root/common/indy-ros2/install/indy_description/share/indy_description//urdf/config/dual_icon3/joint_limits.yaml\n'}
[0.101588] (indy_description) StdoutLine: {'line': b'-- Up-to-date: /root/common/indy-ros2/install/indy_description/share/indy_description//urdf/config/icon7l\n'}
[0.101769] (indy_description) StdoutLine: {'line': b'-- Up-to-date: /root/common/indy-ros2/install/indy_description/share/indy_description//urdf/config/icon7l/visual_parameters.yaml\n'}
[0.101875] (indy_description) StdoutLine: {'line': b'-- Up-to-date: /root/common/indy-ros2/install/indy_description/share/indy_description//urdf/config/icon7l/physical_parameters.yaml\n'}
[0.101962] (indy_description) StdoutLine: {'line': b'-- Up-to-date: /root/common/indy-ros2/install/indy_description/share/indy_description//urdf/config/icon7l/joint_axes.yaml\n'}
[0.102056] (indy_description) StdoutLine: {'line': b'-- Up-to-date: /root/common/indy-ros2/install/indy_description/share/indy_description//urdf/config/icon7l/kinematics.yaml\n'}
[0.102142] (indy_description) StdoutLine: {'line': b'-- Up-to-date: /root/common/indy-ros2/install/indy_description/share/indy_description//urdf/config/icon7l/joint_limits.yaml\n'}
[0.102230] (indy_description) StdoutLine: {'line': b'-- Up-to-date: /root/common/indy-ros2/install/indy_description/share/indy_description//urdf/config/initial_positions.yaml\n'}
[0.102432] (indy_description) StdoutLine: {'line': b'-- Up-to-date: /root/common/indy-ros2/install/indy_description/share/ament_index/resource_index/package_run_dependencies/indy_description\n'}
[0.102524] (indy_description) StdoutLine: {'line': b'-- Up-to-date: /root/common/indy-ros2/install/indy_description/share/ament_index/resource_index/parent_prefix_path/indy_description\n'}
[0.102618] (indy_description) StdoutLine: {'line': b'-- Up-to-date: /root/common/indy-ros2/install/indy_description/share/indy_description/environment/ament_prefix_path.sh\n'}
[0.102697] (indy_interfaces) StdoutLine: {'line': b'[ 78%] Built target indy_interfaces__rosidl_typesupport_fastrtps_c\n'}
[0.102764] (indy_description) StdoutLine: {'line': b'-- Up-to-date: /root/common/indy-ros2/install/indy_description/share/indy_description/environment/ament_prefix_path.dsv\n'}
[0.102942] (indy_description) StdoutLine: {'line': b'-- Up-to-date: /root/common/indy-ros2/install/indy_description/share/indy_description/environment/path.sh\n'}
[0.103031] (indy_description) StdoutLine: {'line': b'-- Up-to-date: /root/common/indy-ros2/install/indy_description/share/indy_description/environment/path.dsv\n'}
[0.103117] (indy_description) StdoutLine: {'line': b'-- Up-to-date: /root/common/indy-ros2/install/indy_description/share/indy_description/local_setup.bash\n'}
[0.103202] (indy_description) StdoutLine: {'line': b'-- Up-to-date: /root/common/indy-ros2/install/indy_description/share/indy_description/local_setup.sh\n'}
[0.103377] (indy_description) StdoutLine: {'line': b'-- Up-to-date: /root/common/indy-ros2/install/indy_description/share/indy_description/local_setup.zsh\n'}
[0.103464] (indy_description) StdoutLine: {'line': b'-- Up-to-date: /root/common/indy-ros2/install/indy_description/share/indy_description/local_setup.dsv\n'}
[0.103549] (indy_description) StdoutLine: {'line': b'-- Installing: /root/common/indy-ros2/install/indy_description/share/indy_description/package.dsv\n'}
[0.103635] (indy_description) StdoutLine: {'line': b'-- Up-to-date: /root/common/indy-ros2/install/indy_description/share/ament_index/resource_index/packages/indy_description\n'}
[0.103721] (indy_description) StdoutLine: {'line': b'-- Up-to-date: /root/common/indy-ros2/install/indy_description/share/indy_description/cmake/indy_descriptionConfig.cmake\n'}
[0.103818] (indy_description) StdoutLine: {'line': b'-- Up-to-date: /root/common/indy-ros2/install/indy_description/share/indy_description/cmake/indy_descriptionConfig-version.cmake\n'}
[0.103902] (indy_description) StdoutLine: {'line': b'-- Up-to-date: /root/common/indy-ros2/install/indy_description/share/indy_description/package.xml\n'}
[0.103986] (indy_description) CommandEnded: {'returncode': 0}
[0.104371] (indy_interfaces) StdoutLine: {'line': b'[ 78%] Built target indy_interfaces\n'}
[0.104477] (indy_interfaces) StdoutLine: {'line': b'[ 80%] Built target indy_interfaces__py\n'}
[0.104568] (indy_interfaces) StdoutLine: {'line': b'[ 89%] Built target indy_interfaces__rosidl_generator_py\n'}
[0.109031] (indy_interfaces) StdoutLine: {'line': b'[ 92%] Built target indy_interfaces__rosidl_typesupport_introspection_c__pyext\n'}
[0.109806] (indy_interfaces) StdoutLine: {'line': b'[ 96%] Built target indy_interfaces__rosidl_typesupport_fastrtps_c__pyext\n'}
[0.112349] (indy_interfaces) StdoutLine: {'line': b'[100%] Built target indy_interfaces__rosidl_typesupport_c__pyext\n'}
[0.118071] (indy_description) JobEnded: {'identifier': 'indy_description', 'rc': 0}
[0.119289] (indy_driver) JobStarted: {'identifier': 'indy_driver'}
[0.123179] (indy_gazebo) JobStarted: {'identifier': 'indy_gazebo'}
[0.126633] (indy_moveit) JobStarted: {'identifier': 'indy_moveit'}
[0.132607] (indy_driver) JobProgress: {'identifier': 'indy_driver', 'progress': 'cmake'}
[0.133061] (indy_driver) JobProgress: {'identifier': 'indy_driver', 'progress': 'build'}
[0.133247] (indy_driver) Command: {'cmd': ['/usr/bin/cmake', '--build', '/root/common/indy-ros2/build/indy_driver', '--', '-j12', '-l12'], 'cwd': '/root/common/indy-ros2/build/indy_driver', 'env': OrderedDict([('NV_LIBCUBLAS_VERSION', '11.11.3.6-1'), ('NV_CUDA_COMPAT_PACKAGE', 'cuda-compat-11-8'), ('HOSTNAME', 'idim'), ('SHLVL', '1'), ('LD_LIBRARY_PATH', '/opt/ros/humble/lib'), ('NV_LIBNCCL_PACKAGE_VERSION', '2.15.5-1'), ('AMENT_CPPCHECK_ALLOW_SLOW_VERSIONS', '1'), ('HOME', '/root'), ('OLDPWD', '/root/common'), ('ROS_PYTHON_VERSION', '3'), ('PS1', '\\[\x1b[0;33m\\]idim \\W $ \\[\x1b[0m\\]'), ('NV_LIBNPP_PACKAGE', 'libnpp-11-8=11.8.0.86-1'), ('CUDA_VERSION', '11.8.0'), ('COLCON_PREFIX_PATH', '/opt/ros/humble'), ('ROS_DISTRO', 'humble'), ('NV_LIBCUBLAS_PACKAGE_NAME', 'libcublas-11-8'), ('NVIDIA_REQUIRE_CUDA', 'cuda>=11.8 brand=tesla,driver>=470,driver<471 brand=unknown,driver>=470,driver<471 brand=nvidia,driver>=470,driver<471 brand=nvidiartx,driver>=470,driver<471 brand=geforce,driver>=470,driver<471 brand=geforcertx,driver>=470,driver<471 brand=quadro,driver>=470,driver<471 brand=quadrortx,driver>=470,driver<471 brand=titan,driver>=470,driver<471 brand=titanrtx,driver>=470,driver<471'), ('_', '/usr/bin/colcon'), ('ROS_VERSION', '2'), ('NV_LIBCUSPARSE_VERSION', '11.7.5.86-1'), ('NVIDIA_DRIVER_CAPABILITIES', 'graphics,utility,compute'), ('NV_CUDA_LIB_VERSION', '11.8.0-1'), ('NV_LIBNCCL_PACKAGE_NAME', 'libnccl2'), ('TERM', 'xterm'), ('NV_CUDA_CUDART_VERSION', '11.8.89-1'), ('QT_X11_NO_MITSHM', '1'), ('PATH', '/opt/ros/humble/bin:/usr/local/nvidia/bin:/usr/local/cuda/bin:/usr/local/sbin:/usr/local/bin:/usr/sbin:/usr/bin:/sbin:/bin'), ('NV_LIBCUBLAS_PACKAGE', 'libcublas-11-8=11.11.3.6-1'), ('NVARCH', 'x86_64'), ('DISPLAY', ':1'), ('NV_LIBNCCL_PACKAGE', 'libnccl2=2.15.5-1+cuda11.8'), ('NVIDIA_PRODUCT_NAME', 'CUDA'), ('LANG', 'en_US.UTF-8'), ('XAUTHORITY', '/tmp/.docker.xauth'), ('LS_COLORS', 'rs=0:di=01;34:ln=01;36:mh=00:pi=40;33:so=01;35:do=01;35:bd=40;33;01:cd=40;33;01:or=40;31;01:mi=00:su=37;41:sg=30;43:ca=30;41:tw=30;42:ow=34;42:st=37;44:ex=01;32:*.tar=01;31:*.tgz=01;31:*.arc=01;31:*.arj=01;31:*.taz=01;31:*.lha=01;31:*.lz4=01;31:*.lzh=01;31:*.lzma=01;31:*.tlz=01;31:*.txz=01;31:*.tzo=01;31:*.t7z=01;31:*.zip=01;31:*.z=01;31:*.dz=01;31:*.gz=01;31:*.lrz=01;31:*.lz=01;31:*.lzo=01;31:*.xz=01;31:*.zst=01;31:*.tzst=01;31:*.bz2=01;31:*.bz=01;31:*.tbz=01;31:*.tbz2=01;31:*.tz=01;31:*.deb=01;31:*.rpm=01;31:*.jar=01;31:*.war=01;31:*.ear=01;31:*.sar=01;31:*.rar=01;31:*.alz=01;31:*.ace=01;31:*.zoo=01;31:*.cpio=01;31:*.7z=01;31:*.rz=01;31:*.cab=01;31:*.wim=01;31:*.swm=01;31:*.dwm=01;31:*.esd=01;31:*.jpg=01;35:*.jpeg=01;35:*.mjpg=01;35:*.mjpeg=01;35:*.gif=01;35:*.bmp=01;35:*.pbm=01;35:*.pgm=01;35:*.ppm=01;35:*.tga=01;35:*.xbm=01;35:*.xpm=01;35:*.tif=01;35:*.tiff=01;35:*.png=01;35:*.svg=01;35:*.svgz=01;35:*.mng=01;35:*.pcx=01;35:*.mov=01;35:*.mpg=01;35:*.mpeg=01;35:*.m2v=01;35:*.mkv=01;35:*.webm=01;35:*.webp=01;35:*.ogm=01;35:*.mp4=01;35:*.m4v=01;35:*.mp4v=01;35:*.vob=01;35:*.qt=01;35:*.nuv=01;35:*.wmv=01;35:*.asf=01;35:*.rm=01;35:*.rmvb=01;35:*.flc=01;35:*.avi=01;35:*.fli=01;35:*.flv=01;35:*.gl=01;35:*.dl=01;35:*.xcf=01;35:*.xwd=01;35:*.yuv=01;35:*.cgm=01;35:*.emf=01;35:*.ogv=01;35:*.ogx=01;35:*.aac=00;36:*.au=00;36:*.flac=00;36:*.m4a=00;36:*.mid=00;36:*.midi=00;36:*.mka=00;36:*.mp3=00;36:*.mpc=00;36:*.ogg=00;36:*.ra=00;36:*.wav=00;36:*.oga=00;36:*.opus=00;36:*.spx=00;36:*.xspf=00;36:'), ('AMENT_PREFIX_PATH', '/root/common/indy-ros2/install/indy_description:/opt/ros/humble'), ('DEBIAN_FRONTEND', 'noninteractive'), ('NV_NVTX_VERSION', '11.8.86-1'), ('NV_LIBNPP_VERSION', '11.8.0.86-1'), ('PWD', '/root/common/indy-ros2/build/indy_driver'), ('PYTHONPATH', '/opt/ros/humble/local/lib/python3.10/dist-packages:/opt/ros/humble/lib/python3.10/site-packages'), ('NVIDIA_VISIBLE_DEVICES', 'all'), ('NCCL_VERSION', '2.15.5-1'), ('DEBCONF_NOWARNINGS', 'yes'), ('COLCON', '1'), ('CMAKE_PREFIX_PATH', '/root/common/indy-ros2/install/indy_description:/opt/ros/humble')]), 'shell': False}
[0.134843] (indy_gazebo) JobProgress: {'identifier': 'indy_gazebo', 'progress': 'cmake'}
[0.135149] (indy_gazebo) JobProgress: {'identifier': 'indy_gazebo', 'progress': 'build'}
[0.135692] (indy_gazebo) Command: {'cmd': ['/usr/bin/cmake', '--build', '/root/common/indy-ros2/build/indy_gazebo', '--', '-j12', '-l12'], 'cwd': '/root/common/indy-ros2/build/indy_gazebo', 'env': OrderedDict([('NV_LIBCUBLAS_VERSION', '11.11.3.6-1'), ('NV_CUDA_COMPAT_PACKAGE', 'cuda-compat-11-8'), ('HOSTNAME', 'idim'), ('SHLVL', '1'), ('LD_LIBRARY_PATH', '/opt/ros/humble/lib'), ('NV_LIBNCCL_PACKAGE_VERSION', '2.15.5-1'), ('AMENT_CPPCHECK_ALLOW_SLOW_VERSIONS', '1'), ('HOME', '/root'), ('OLDPWD', '/root/common'), ('ROS_PYTHON_VERSION', '3'), ('PS1', '\\[\x1b[0;33m\\]idim \\W $ \\[\x1b[0m\\]'), ('NV_LIBNPP_PACKAGE', 'libnpp-11-8=11.8.0.86-1'), ('CUDA_VERSION', '11.8.0'), ('COLCON_PREFIX_PATH', '/opt/ros/humble'), ('ROS_DISTRO', 'humble'), ('NV_LIBCUBLAS_PACKAGE_NAME', 'libcublas-11-8'), ('NVIDIA_REQUIRE_CUDA', 'cuda>=11.8 brand=tesla,driver>=470,driver<471 brand=unknown,driver>=470,driver<471 brand=nvidia,driver>=470,driver<471 brand=nvidiartx,driver>=470,driver<471 brand=geforce,driver>=470,driver<471 brand=geforcertx,driver>=470,driver<471 brand=quadro,driver>=470,driver<471 brand=quadrortx,driver>=470,driver<471 brand=titan,driver>=470,driver<471 brand=titanrtx,driver>=470,driver<471'), ('_', '/usr/bin/colcon'), ('ROS_VERSION', '2'), ('NV_LIBCUSPARSE_VERSION', '11.7.5.86-1'), ('NVIDIA_DRIVER_CAPABILITIES', 'graphics,utility,compute'), ('NV_CUDA_LIB_VERSION', '11.8.0-1'), ('NV_LIBNCCL_PACKAGE_NAME', 'libnccl2'), ('TERM', 'xterm'), ('NV_CUDA_CUDART_VERSION', '11.8.89-1'), ('QT_X11_NO_MITSHM', '1'), ('PATH', '/opt/ros/humble/bin:/usr/local/nvidia/bin:/usr/local/cuda/bin:/usr/local/sbin:/usr/local/bin:/usr/sbin:/usr/bin:/sbin:/bin'), ('NV_LIBCUBLAS_PACKAGE', 'libcublas-11-8=11.11.3.6-1'), ('NVARCH', 'x86_64'), ('DISPLAY', ':1'), ('NV_LIBNCCL_PACKAGE', 'libnccl2=2.15.5-1+cuda11.8'), ('NVIDIA_PRODUCT_NAME', 'CUDA'), ('LANG', 'en_US.UTF-8'), ('XAUTHORITY', '/tmp/.docker.xauth'), ('LS_COLORS', 'rs=0:di=01;34:ln=01;36:mh=00:pi=40;33:so=01;35:do=01;35:bd=40;33;01:cd=40;33;01:or=40;31;01:mi=00:su=37;41:sg=30;43:ca=30;41:tw=30;42:ow=34;42:st=37;44:ex=01;32:*.tar=01;31:*.tgz=01;31:*.arc=01;31:*.arj=01;31:*.taz=01;31:*.lha=01;31:*.lz4=01;31:*.lzh=01;31:*.lzma=01;31:*.tlz=01;31:*.txz=01;31:*.tzo=01;31:*.t7z=01;31:*.zip=01;31:*.z=01;31:*.dz=01;31:*.gz=01;31:*.lrz=01;31:*.lz=01;31:*.lzo=01;31:*.xz=01;31:*.zst=01;31:*.tzst=01;31:*.bz2=01;31:*.bz=01;31:*.tbz=01;31:*.tbz2=01;31:*.tz=01;31:*.deb=01;31:*.rpm=01;31:*.jar=01;31:*.war=01;31:*.ear=01;31:*.sar=01;31:*.rar=01;31:*.alz=01;31:*.ace=01;31:*.zoo=01;31:*.cpio=01;31:*.7z=01;31:*.rz=01;31:*.cab=01;31:*.wim=01;31:*.swm=01;31:*.dwm=01;31:*.esd=01;31:*.jpg=01;35:*.jpeg=01;35:*.mjpg=01;35:*.mjpeg=01;35:*.gif=01;35:*.bmp=01;35:*.pbm=01;35:*.pgm=01;35:*.ppm=01;35:*.tga=01;35:*.xbm=01;35:*.xpm=01;35:*.tif=01;35:*.tiff=01;35:*.png=01;35:*.svg=01;35:*.svgz=01;35:*.mng=01;35:*.pcx=01;35:*.mov=01;35:*.mpg=01;35:*.mpeg=01;35:*.m2v=01;35:*.mkv=01;35:*.webm=01;35:*.webp=01;35:*.ogm=01;35:*.mp4=01;35:*.m4v=01;35:*.mp4v=01;35:*.vob=01;35:*.qt=01;35:*.nuv=01;35:*.wmv=01;35:*.asf=01;35:*.rm=01;35:*.rmvb=01;35:*.flc=01;35:*.avi=01;35:*.fli=01;35:*.flv=01;35:*.gl=01;35:*.dl=01;35:*.xcf=01;35:*.xwd=01;35:*.yuv=01;35:*.cgm=01;35:*.emf=01;35:*.ogv=01;35:*.ogx=01;35:*.aac=00;36:*.au=00;36:*.flac=00;36:*.m4a=00;36:*.mid=00;36:*.midi=00;36:*.mka=00;36:*.mp3=00;36:*.mpc=00;36:*.ogg=00;36:*.ra=00;36:*.wav=00;36:*.oga=00;36:*.opus=00;36:*.spx=00;36:*.xspf=00;36:'), ('AMENT_PREFIX_PATH', '/root/common/indy-ros2/install/indy_description:/opt/ros/humble'), ('DEBIAN_FRONTEND', 'noninteractive'), ('NV_NVTX_VERSION', '11.8.86-1'), ('NV_LIBNPP_VERSION', '11.8.0.86-1'), ('PWD', '/root/common/indy-ros2/build/indy_gazebo'), ('PYTHONPATH', '/opt/ros/humble/local/lib/python3.10/dist-packages:/opt/ros/humble/lib/python3.10/site-packages'), ('NVIDIA_VISIBLE_DEVICES', 'all'), ('NCCL_VERSION', '2.15.5-1'), ('DEBCONF_NOWARNINGS', 'yes'), ('COLCON', '1'), ('CMAKE_PREFIX_PATH', '/root/common/indy-ros2/install/indy_description:/opt/ros/humble')]), 'shell': False}
[0.137650] (indy_moveit) JobProgress: {'identifier': 'indy_moveit', 'progress': 'cmake'}
[0.138141] (indy_moveit) JobProgress: {'identifier': 'indy_moveit', 'progress': 'build'}
[0.138368] (indy_moveit) Command: {'cmd': ['/usr/bin/cmake', '--build', '/root/common/indy-ros2/build/indy_moveit', '--', '-j12', '-l12'], 'cwd': '/root/common/indy-ros2/build/indy_moveit', 'env': OrderedDict([('NV_LIBCUBLAS_VERSION', '11.11.3.6-1'), ('NV_CUDA_COMPAT_PACKAGE', 'cuda-compat-11-8'), ('HOSTNAME', 'idim'), ('SHLVL', '1'), ('LD_LIBRARY_PATH', '/opt/ros/humble/lib'), ('NV_LIBNCCL_PACKAGE_VERSION', '2.15.5-1'), ('AMENT_CPPCHECK_ALLOW_SLOW_VERSIONS', '1'), ('HOME', '/root'), ('OLDPWD', '/root/common'), ('ROS_PYTHON_VERSION', '3'), ('PS1', '\\[\x1b[0;33m\\]idim \\W $ \\[\x1b[0m\\]'), ('NV_LIBNPP_PACKAGE', 'libnpp-11-8=11.8.0.86-1'), ('CUDA_VERSION', '11.8.0'), ('COLCON_PREFIX_PATH', '/opt/ros/humble'), ('ROS_DISTRO', 'humble'), ('NV_LIBCUBLAS_PACKAGE_NAME', 'libcublas-11-8'), ('NVIDIA_REQUIRE_CUDA', 'cuda>=11.8 brand=tesla,driver>=470,driver<471 brand=unknown,driver>=470,driver<471 brand=nvidia,driver>=470,driver<471 brand=nvidiartx,driver>=470,driver<471 brand=geforce,driver>=470,driver<471 brand=geforcertx,driver>=470,driver<471 brand=quadro,driver>=470,driver<471 brand=quadrortx,driver>=470,driver<471 brand=titan,driver>=470,driver<471 brand=titanrtx,driver>=470,driver<471'), ('_', '/usr/bin/colcon'), ('ROS_VERSION', '2'), ('NV_LIBCUSPARSE_VERSION', '11.7.5.86-1'), ('NVIDIA_DRIVER_CAPABILITIES', 'graphics,utility,compute'), ('NV_CUDA_LIB_VERSION', '11.8.0-1'), ('NV_LIBNCCL_PACKAGE_NAME', 'libnccl2'), ('TERM', 'xterm'), ('NV_CUDA_CUDART_VERSION', '11.8.89-1'), ('QT_X11_NO_MITSHM', '1'), ('PATH', '/opt/ros/humble/bin:/usr/local/nvidia/bin:/usr/local/cuda/bin:/usr/local/sbin:/usr/local/bin:/usr/sbin:/usr/bin:/sbin:/bin'), ('NV_LIBCUBLAS_PACKAGE', 'libcublas-11-8=11.11.3.6-1'), ('NVARCH', 'x86_64'), ('DISPLAY', ':1'), ('NV_LIBNCCL_PACKAGE', 'libnccl2=2.15.5-1+cuda11.8'), ('NVIDIA_PRODUCT_NAME', 'CUDA'), ('LANG', 'en_US.UTF-8'), ('XAUTHORITY', '/tmp/.docker.xauth'), ('LS_COLORS', 'rs=0:di=01;34:ln=01;36:mh=00:pi=40;33:so=01;35:do=01;35:bd=40;33;01:cd=40;33;01:or=40;31;01:mi=00:su=37;41:sg=30;43:ca=30;41:tw=30;42:ow=34;42:st=37;44:ex=01;32:*.tar=01;31:*.tgz=01;31:*.arc=01;31:*.arj=01;31:*.taz=01;31:*.lha=01;31:*.lz4=01;31:*.lzh=01;31:*.lzma=01;31:*.tlz=01;31:*.txz=01;31:*.tzo=01;31:*.t7z=01;31:*.zip=01;31:*.z=01;31:*.dz=01;31:*.gz=01;31:*.lrz=01;31:*.lz=01;31:*.lzo=01;31:*.xz=01;31:*.zst=01;31:*.tzst=01;31:*.bz2=01;31:*.bz=01;31:*.tbz=01;31:*.tbz2=01;31:*.tz=01;31:*.deb=01;31:*.rpm=01;31:*.jar=01;31:*.war=01;31:*.ear=01;31:*.sar=01;31:*.rar=01;31:*.alz=01;31:*.ace=01;31:*.zoo=01;31:*.cpio=01;31:*.7z=01;31:*.rz=01;31:*.cab=01;31:*.wim=01;31:*.swm=01;31:*.dwm=01;31:*.esd=01;31:*.jpg=01;35:*.jpeg=01;35:*.mjpg=01;35:*.mjpeg=01;35:*.gif=01;35:*.bmp=01;35:*.pbm=01;35:*.pgm=01;35:*.ppm=01;35:*.tga=01;35:*.xbm=01;35:*.xpm=01;35:*.tif=01;35:*.tiff=01;35:*.png=01;35:*.svg=01;35:*.svgz=01;35:*.mng=01;35:*.pcx=01;35:*.mov=01;35:*.mpg=01;35:*.mpeg=01;35:*.m2v=01;35:*.mkv=01;35:*.webm=01;35:*.webp=01;35:*.ogm=01;35:*.mp4=01;35:*.m4v=01;35:*.mp4v=01;35:*.vob=01;35:*.qt=01;35:*.nuv=01;35:*.wmv=01;35:*.asf=01;35:*.rm=01;35:*.rmvb=01;35:*.flc=01;35:*.avi=01;35:*.fli=01;35:*.flv=01;35:*.gl=01;35:*.dl=01;35:*.xcf=01;35:*.xwd=01;35:*.yuv=01;35:*.cgm=01;35:*.emf=01;35:*.ogv=01;35:*.ogx=01;35:*.aac=00;36:*.au=00;36:*.flac=00;36:*.m4a=00;36:*.mid=00;36:*.midi=00;36:*.mka=00;36:*.mp3=00;36:*.mpc=00;36:*.ogg=00;36:*.ra=00;36:*.wav=00;36:*.oga=00;36:*.opus=00;36:*.spx=00;36:*.xspf=00;36:'), ('AMENT_PREFIX_PATH', '/root/common/indy-ros2/install/indy_description:/opt/ros/humble'), ('DEBIAN_FRONTEND', 'noninteractive'), ('NV_NVTX_VERSION', '11.8.86-1'), ('NV_LIBNPP_VERSION', '11.8.0.86-1'), ('PWD', '/root/common/indy-ros2/build/indy_moveit'), ('PYTHONPATH', '/opt/ros/humble/local/lib/python3.10/dist-packages:/opt/ros/humble/lib/python3.10/site-packages'), ('NVIDIA_VISIBLE_DEVICES', 'all'), ('NCCL_VERSION', '2.15.5-1'), ('DEBCONF_NOWARNINGS', 'yes'), ('COLCON', '1'), ('CMAKE_PREFIX_PATH', '/root/common/indy-ros2/install/indy_description:/opt/ros/humble')]), 'shell': False}
[0.151493] (indy_gazebo) CommandEnded: {'returncode': 0}
[0.157827] (indy_driver) StdoutLine: {'line': b'Built target ament_cmake_python_copy_indy_driver\n'}
[0.164939] (indy_moveit) StdoutLine: {'line': b'Built target ament_cmake_python_copy_indy_moveit\n'}
[0.166551] (indy_gazebo) JobProgress: {'identifier': 'indy_gazebo', 'progress': 'install'}
[0.167480] (indy_gazebo) Command: {'cmd': ['/usr/bin/cmake', '--install', '/root/common/indy-ros2/build/indy_gazebo'], 'cwd': '/root/common/indy-ros2/build/indy_gazebo', 'env': OrderedDict([('NV_LIBCUBLAS_VERSION', '11.11.3.6-1'), ('NV_CUDA_COMPAT_PACKAGE', 'cuda-compat-11-8'), ('HOSTNAME', 'idim'), ('SHLVL', '1'), ('LD_LIBRARY_PATH', '/opt/ros/humble/lib'), ('NV_LIBNCCL_PACKAGE_VERSION', '2.15.5-1'), ('AMENT_CPPCHECK_ALLOW_SLOW_VERSIONS', '1'), ('HOME', '/root'), ('OLDPWD', '/root/common'), ('ROS_PYTHON_VERSION', '3'), ('PS1', '\\[\x1b[0;33m\\]idim \\W $ \\[\x1b[0m\\]'), ('NV_LIBNPP_PACKAGE', 'libnpp-11-8=11.8.0.86-1'), ('CUDA_VERSION', '11.8.0'), ('COLCON_PREFIX_PATH', '/opt/ros/humble'), ('ROS_DISTRO', 'humble'), ('NV_LIBCUBLAS_PACKAGE_NAME', 'libcublas-11-8'), ('NVIDIA_REQUIRE_CUDA', 'cuda>=11.8 brand=tesla,driver>=470,driver<471 brand=unknown,driver>=470,driver<471 brand=nvidia,driver>=470,driver<471 brand=nvidiartx,driver>=470,driver<471 brand=geforce,driver>=470,driver<471 brand=geforcertx,driver>=470,driver<471 brand=quadro,driver>=470,driver<471 brand=quadrortx,driver>=470,driver<471 brand=titan,driver>=470,driver<471 brand=titanrtx,driver>=470,driver<471'), ('_', '/usr/bin/colcon'), ('ROS_VERSION', '2'), ('NV_LIBCUSPARSE_VERSION', '11.7.5.86-1'), ('NVIDIA_DRIVER_CAPABILITIES', 'graphics,utility,compute'), ('NV_CUDA_LIB_VERSION', '11.8.0-1'), ('NV_LIBNCCL_PACKAGE_NAME', 'libnccl2'), ('TERM', 'xterm'), ('NV_CUDA_CUDART_VERSION', '11.8.89-1'), ('QT_X11_NO_MITSHM', '1'), ('PATH', '/opt/ros/humble/bin:/usr/local/nvidia/bin:/usr/local/cuda/bin:/usr/local/sbin:/usr/local/bin:/usr/sbin:/usr/bin:/sbin:/bin'), ('NV_LIBCUBLAS_PACKAGE', 'libcublas-11-8=11.11.3.6-1'), ('NVARCH', 'x86_64'), ('DISPLAY', ':1'), ('NV_LIBNCCL_PACKAGE', 'libnccl2=2.15.5-1+cuda11.8'), ('NVIDIA_PRODUCT_NAME', 'CUDA'), ('LANG', 'en_US.UTF-8'), ('XAUTHORITY', '/tmp/.docker.xauth'), ('LS_COLORS', 'rs=0:di=01;34:ln=01;36:mh=00:pi=40;33:so=01;35:do=01;35:bd=40;33;01:cd=40;33;01:or=40;31;01:mi=00:su=37;41:sg=30;43:ca=30;41:tw=30;42:ow=34;42:st=37;44:ex=01;32:*.tar=01;31:*.tgz=01;31:*.arc=01;31:*.arj=01;31:*.taz=01;31:*.lha=01;31:*.lz4=01;31:*.lzh=01;31:*.lzma=01;31:*.tlz=01;31:*.txz=01;31:*.tzo=01;31:*.t7z=01;31:*.zip=01;31:*.z=01;31:*.dz=01;31:*.gz=01;31:*.lrz=01;31:*.lz=01;31:*.lzo=01;31:*.xz=01;31:*.zst=01;31:*.tzst=01;31:*.bz2=01;31:*.bz=01;31:*.tbz=01;31:*.tbz2=01;31:*.tz=01;31:*.deb=01;31:*.rpm=01;31:*.jar=01;31:*.war=01;31:*.ear=01;31:*.sar=01;31:*.rar=01;31:*.alz=01;31:*.ace=01;31:*.zoo=01;31:*.cpio=01;31:*.7z=01;31:*.rz=01;31:*.cab=01;31:*.wim=01;31:*.swm=01;31:*.dwm=01;31:*.esd=01;31:*.jpg=01;35:*.jpeg=01;35:*.mjpg=01;35:*.mjpeg=01;35:*.gif=01;35:*.bmp=01;35:*.pbm=01;35:*.pgm=01;35:*.ppm=01;35:*.tga=01;35:*.xbm=01;35:*.xpm=01;35:*.tif=01;35:*.tiff=01;35:*.png=01;35:*.svg=01;35:*.svgz=01;35:*.mng=01;35:*.pcx=01;35:*.mov=01;35:*.mpg=01;35:*.mpeg=01;35:*.m2v=01;35:*.mkv=01;35:*.webm=01;35:*.webp=01;35:*.ogm=01;35:*.mp4=01;35:*.m4v=01;35:*.mp4v=01;35:*.vob=01;35:*.qt=01;35:*.nuv=01;35:*.wmv=01;35:*.asf=01;35:*.rm=01;35:*.rmvb=01;35:*.flc=01;35:*.avi=01;35:*.fli=01;35:*.flv=01;35:*.gl=01;35:*.dl=01;35:*.xcf=01;35:*.xwd=01;35:*.yuv=01;35:*.cgm=01;35:*.emf=01;35:*.ogv=01;35:*.ogx=01;35:*.aac=00;36:*.au=00;36:*.flac=00;36:*.m4a=00;36:*.mid=00;36:*.midi=00;36:*.mka=00;36:*.mp3=00;36:*.mpc=00;36:*.ogg=00;36:*.ra=00;36:*.wav=00;36:*.oga=00;36:*.opus=00;36:*.spx=00;36:*.xspf=00;36:'), ('AMENT_PREFIX_PATH', '/root/common/indy-ros2/install/indy_description:/opt/ros/humble'), ('DEBIAN_FRONTEND', 'noninteractive'), ('NV_NVTX_VERSION', '11.8.86-1'), ('NV_LIBNPP_VERSION', '11.8.0.86-1'), ('PWD', '/root/common/indy-ros2/build/indy_gazebo'), ('PYTHONPATH', '/opt/ros/humble/local/lib/python3.10/dist-packages:/opt/ros/humble/lib/python3.10/site-packages'), ('NVIDIA_VISIBLE_DEVICES', 'all'), ('NCCL_VERSION', '2.15.5-1'), ('DEBCONF_NOWARNINGS', 'yes'), ('COLCON', '1'), ('CMAKE_PREFIX_PATH', '/root/common/indy-ros2/install/indy_description:/opt/ros/humble')]), 'shell': False}
[0.170369] (indy_gazebo) StdoutLine: {'line': b'-- Install configuration: ""\n'}
[0.170587] (indy_gazebo) StdoutLine: {'line': b'-- Up-to-date: /root/common/indy-ros2/install/indy_gazebo/share/indy_gazebo//launch\n'}
[0.170779] (indy_gazebo) StdoutLine: {'line': b'-- Up-to-date: /root/common/indy-ros2/install/indy_gazebo/share/indy_gazebo//launch/indy_gazebo.launch.py\n'}
[0.170917] (indy_gazebo) StdoutLine: {'line': b'-- Up-to-date: /root/common/indy-ros2/install/indy_gazebo/share/indy_gazebo//controller\n'}
[0.171026] (indy_gazebo) StdoutLine: {'line': b'-- Up-to-date: /root/common/indy-ros2/install/indy_gazebo/share/indy_gazebo//controller/indy_controllers_7dof.yaml\n'}
[0.171140] (indy_gazebo) StdoutLine: {'line': b'-- Up-to-date: /root/common/indy-ros2/install/indy_gazebo/share/indy_gazebo//controller/indy_controllers_6dof.yaml\n'}
[0.171255] (indy_gazebo) StdoutLine: {'line': b'-- Up-to-date: /root/common/indy-ros2/install/indy_gazebo/share/ament_index/resource_index/package_run_dependencies/indy_gazebo\n'}
[0.171344] (indy_gazebo) StdoutLine: {'line': b'-- Up-to-date: /root/common/indy-ros2/install/indy_gazebo/share/ament_index/resource_index/parent_prefix_path/indy_gazebo\n'}
[0.171434] (indy_gazebo) StdoutLine: {'line': b'-- Up-to-date: /root/common/indy-ros2/install/indy_gazebo/share/indy_gazebo/environment/ament_prefix_path.sh\n'}
[0.171520] (indy_gazebo) StdoutLine: {'line': b'-- Up-to-date: /root/common/indy-ros2/install/indy_gazebo/share/indy_gazebo/environment/ament_prefix_path.dsv\n'}
[0.171606] (indy_gazebo) StdoutLine: {'line': b'-- Up-to-date: /root/common/indy-ros2/install/indy_gazebo/share/indy_gazebo/environment/path.sh\n'}
[0.171718] (indy_gazebo) StdoutLine: {'line': b'-- Up-to-date: /root/common/indy-ros2/install/indy_gazebo/share/indy_gazebo/environment/path.dsv\n'}
[0.171883] (indy_gazebo) StdoutLine: {'line': b'-- Up-to-date: /root/common/indy-ros2/install/indy_gazebo/share/indy_gazebo/local_setup.bash\n'}
[0.172277] (indy_gazebo) StdoutLine: {'line': b'-- Up-to-date: /root/common/indy-ros2/install/indy_gazebo/share/indy_gazebo/local_setup.sh\n'}
[0.173310] (indy_gazebo) StdoutLine: {'line': b'-- Up-to-date: /root/common/indy-ros2/install/indy_gazebo/share/indy_gazebo/local_setup.zsh\n'}
[0.173499] (indy_gazebo) StdoutLine: {'line': b'-- Up-to-date: /root/common/indy-ros2/install/indy_gazebo/share/indy_gazebo/local_setup.dsv\n'}
[0.173674] (indy_gazebo) StdoutLine: {'line': b'-- Installing: /root/common/indy-ros2/install/indy_gazebo/share/indy_gazebo/package.dsv\n'}
[0.173825] (indy_gazebo) StdoutLine: {'line': b'-- Up-to-date: /root/common/indy-ros2/install/indy_gazebo/share/ament_index/resource_index/packages/indy_gazebo\n'}
[0.174013] (indy_gazebo) StdoutLine: {'line': b'-- Up-to-date: /root/common/indy-ros2/install/indy_gazebo/share/indy_gazebo/cmake/indy_gazeboConfig.cmake\n'}
[0.174190] (indy_gazebo) StdoutLine: {'line': b'-- Up-to-date: /root/common/indy-ros2/install/indy_gazebo/share/indy_gazebo/cmake/indy_gazeboConfig-version.cmake\n'}
[0.174365] (indy_gazebo) StdoutLine: {'line': b'-- Up-to-date: /root/common/indy-ros2/install/indy_gazebo/share/indy_gazebo/package.xml\n'}
[0.174539] (indy_gazebo) CommandEnded: {'returncode': 0}
[0.196707] (indy_gazebo) JobEnded: {'identifier': 'indy_gazebo', 'rc': 0}
[0.200035] (-) TimerEvent: {}
[0.289217] (indy_interfaces) StdoutLine: {'line': b'running egg_info\n'}
[0.289785] (indy_interfaces) StdoutLine: {'line': b'writing indy_interfaces.egg-info/PKG-INFO\n'}
[0.289958] (indy_interfaces) StdoutLine: {'line': b'writing dependency_links to indy_interfaces.egg-info/dependency_links.txt\n'}
[0.290110] (indy_interfaces) StdoutLine: {'line': b'writing top-level names to indy_interfaces.egg-info/top_level.txt\n'}
[0.291845] (indy_interfaces) StdoutLine: {'line': b"reading manifest file 'indy_interfaces.egg-info/SOURCES.txt'\n"}
[0.292453] (indy_interfaces) StdoutLine: {'line': b"writing manifest file 'indy_interfaces.egg-info/SOURCES.txt'\n"}
[0.300149] (-) TimerEvent: {}
[0.308669] (indy_interfaces) StdoutLine: {'line': b'[100%] Built target ament_cmake_python_build_indy_interfaces_egg\n'}
[0.313002] (indy_interfaces) CommandEnded: {'returncode': 0}
[0.378184] (indy_driver) StdoutLine: {'line': b'running egg_info\n'}
[0.379111] (indy_driver) StdoutLine: {'line': b'writing indy_driver.egg-info/PKG-INFO\n'}
[0.379336] (indy_driver) StdoutLine: {'line': b'writing dependency_links to indy_driver.egg-info/dependency_links.txt\n'}
[0.379506] (indy_driver) StdoutLine: {'line': b'writing top-level names to indy_driver.egg-info/top_level.txt\n'}
[0.382096] (indy_driver) StdoutLine: {'line': b"reading manifest file 'indy_driver.egg-info/SOURCES.txt'\n"}
[0.383060] (indy_driver) StdoutLine: {'line': b"writing manifest file 'indy_driver.egg-info/SOURCES.txt'\n"}
[0.389378] (indy_moveit) StdoutLine: {'line': b'running egg_info\n'}
[0.390016] (indy_moveit) StdoutLine: {'line': b'writing indy_moveit.egg-info/PKG-INFO\n'}
[0.390194] (indy_moveit) StdoutLine: {'line': b'writing dependency_links to indy_moveit.egg-info/dependency_links.txt\n'}
[0.390387] (indy_moveit) StdoutLine: {'line': b'writing top-level names to indy_moveit.egg-info/top_level.txt\n'}
[0.392084] (indy_moveit) StdoutLine: {'line': b"reading manifest file 'indy_moveit.egg-info/SOURCES.txt'\n"}
[0.392641] (indy_moveit) StdoutLine: {'line': b"writing manifest file 'indy_moveit.egg-info/SOURCES.txt'\n"}
[0.393293] (indy_interfaces) JobProgress: {'identifier': 'indy_interfaces', 'progress': 'install'}
[0.393580] (indy_interfaces) Command: {'cmd': ['/usr/bin/cmake', '--install', '/root/common/indy-ros2/build/indy_interfaces'], 'cwd': '/root/common/indy-ros2/build/indy_interfaces', 'env': OrderedDict([('NV_LIBCUBLAS_VERSION', '11.11.3.6-1'), ('NV_CUDA_COMPAT_PACKAGE', 'cuda-compat-11-8'), ('HOSTNAME', 'idim'), ('SHLVL', '1'), ('LD_LIBRARY_PATH', '/opt/ros/humble/lib'), ('NV_LIBNCCL_PACKAGE_VERSION', '2.15.5-1'), ('AMENT_CPPCHECK_ALLOW_SLOW_VERSIONS', '1'), ('HOME', '/root'), ('OLDPWD', '/root/common'), ('ROS_PYTHON_VERSION', '3'), ('PS1', '\\[\x1b[0;33m\\]idim \\W $ \\[\x1b[0m\\]'), ('NV_LIBNPP_PACKAGE', 'libnpp-11-8=11.8.0.86-1'), ('CUDA_VERSION', '11.8.0'), ('COLCON_PREFIX_PATH', '/opt/ros/humble'), ('ROS_DISTRO', 'humble'), ('NV_LIBCUBLAS_PACKAGE_NAME', 'libcublas-11-8'), ('NVIDIA_REQUIRE_CUDA', 'cuda>=11.8 brand=tesla,driver>=470,driver<471 brand=unknown,driver>=470,driver<471 brand=nvidia,driver>=470,driver<471 brand=nvidiartx,driver>=470,driver<471 brand=geforce,driver>=470,driver<471 brand=geforcertx,driver>=470,driver<471 brand=quadro,driver>=470,driver<471 brand=quadrortx,driver>=470,driver<471 brand=titan,driver>=470,driver<471 brand=titanrtx,driver>=470,driver<471'), ('_', '/usr/bin/colcon'), ('ROS_VERSION', '2'), ('NV_LIBCUSPARSE_VERSION', '11.7.5.86-1'), ('NVIDIA_DRIVER_CAPABILITIES', 'graphics,utility,compute'), ('NV_CUDA_LIB_VERSION', '11.8.0-1'), ('NV_LIBNCCL_PACKAGE_NAME', 'libnccl2'), ('TERM', 'xterm'), ('NV_CUDA_CUDART_VERSION', '11.8.89-1'), ('QT_X11_NO_MITSHM', '1'), ('PATH', '/opt/ros/humble/bin:/usr/local/nvidia/bin:/usr/local/cuda/bin:/usr/local/sbin:/usr/local/bin:/usr/sbin:/usr/bin:/sbin:/bin'), ('NV_LIBCUBLAS_PACKAGE', 'libcublas-11-8=11.11.3.6-1'), ('NVARCH', 'x86_64'), ('DISPLAY', ':1'), ('NV_LIBNCCL_PACKAGE', 'libnccl2=2.15.5-1+cuda11.8'), ('NVIDIA_PRODUCT_NAME', 'CUDA'), ('LANG', 'en_US.UTF-8'), ('XAUTHORITY', '/tmp/.docker.xauth'), ('LS_COLORS', 'rs=0:di=01;34:ln=01;36:mh=00:pi=40;33:so=01;35:do=01;35:bd=40;33;01:cd=40;33;01:or=40;31;01:mi=00:su=37;41:sg=30;43:ca=30;41:tw=30;42:ow=34;42:st=37;44:ex=01;32:*.tar=01;31:*.tgz=01;31:*.arc=01;31:*.arj=01;31:*.taz=01;31:*.lha=01;31:*.lz4=01;31:*.lzh=01;31:*.lzma=01;31:*.tlz=01;31:*.txz=01;31:*.tzo=01;31:*.t7z=01;31:*.zip=01;31:*.z=01;31:*.dz=01;31:*.gz=01;31:*.lrz=01;31:*.lz=01;31:*.lzo=01;31:*.xz=01;31:*.zst=01;31:*.tzst=01;31:*.bz2=01;31:*.bz=01;31:*.tbz=01;31:*.tbz2=01;31:*.tz=01;31:*.deb=01;31:*.rpm=01;31:*.jar=01;31:*.war=01;31:*.ear=01;31:*.sar=01;31:*.rar=01;31:*.alz=01;31:*.ace=01;31:*.zoo=01;31:*.cpio=01;31:*.7z=01;31:*.rz=01;31:*.cab=01;31:*.wim=01;31:*.swm=01;31:*.dwm=01;31:*.esd=01;31:*.jpg=01;35:*.jpeg=01;35:*.mjpg=01;35:*.mjpeg=01;35:*.gif=01;35:*.bmp=01;35:*.pbm=01;35:*.pgm=01;35:*.ppm=01;35:*.tga=01;35:*.xbm=01;35:*.xpm=01;35:*.tif=01;35:*.tiff=01;35:*.png=01;35:*.svg=01;35:*.svgz=01;35:*.mng=01;35:*.pcx=01;35:*.mov=01;35:*.mpg=01;35:*.mpeg=01;35:*.m2v=01;35:*.mkv=01;35:*.webm=01;35:*.webp=01;35:*.ogm=01;35:*.mp4=01;35:*.m4v=01;35:*.mp4v=01;35:*.vob=01;35:*.qt=01;35:*.nuv=01;35:*.wmv=01;35:*.asf=01;35:*.rm=01;35:*.rmvb=01;35:*.flc=01;35:*.avi=01;35:*.fli=01;35:*.flv=01;35:*.gl=01;35:*.dl=01;35:*.xcf=01;35:*.xwd=01;35:*.yuv=01;35:*.cgm=01;35:*.emf=01;35:*.ogv=01;35:*.ogx=01;35:*.aac=00;36:*.au=00;36:*.flac=00;36:*.m4a=00;36:*.mid=00;36:*.midi=00;36:*.mka=00;36:*.mp3=00;36:*.mpc=00;36:*.ogg=00;36:*.ra=00;36:*.wav=00;36:*.oga=00;36:*.opus=00;36:*.spx=00;36:*.xspf=00;36:'), ('AMENT_PREFIX_PATH', '/opt/ros/humble'), ('DEBIAN_FRONTEND', 'noninteractive'), ('NV_NVTX_VERSION', '11.8.86-1'), ('NV_LIBNPP_VERSION', '11.8.0.86-1'), ('PWD', '/root/common/indy-ros2/build/indy_interfaces'), ('PYTHONPATH', '/opt/ros/humble/local/lib/python3.10/dist-packages:/opt/ros/humble/lib/python3.10/site-packages'), ('NVIDIA_VISIBLE_DEVICES', 'all'), ('NCCL_VERSION', '2.15.5-1'), ('DEBCONF_NOWARNINGS', 'yes'), ('COLCON', '1'), ('CMAKE_PREFIX_PATH', '/opt/ros/humble')]), 'shell': False}
[0.397318] (indy_interfaces) StdoutLine: {'line': b'-- Install configuration: ""\n'}
[0.397652] (indy_interfaces) StdoutLine: {'line': b'-- Up-to-date: /root/common/indy-ros2/install/indy_interfaces/share/ament_index/resource_index/rosidl_interfaces/indy_interfaces\n'}
[0.397890] (indy_interfaces) StdoutLine: {'line': b'-- Up-to-date: /root/common/indy-ros2/install/indy_interfaces/include/indy_interfaces/indy_interfaces\n'}
[0.398103] (indy_interfaces) StdoutLine: {'line': b'-- Up-to-date: /root/common/indy-ros2/install/indy_interfaces/include/indy_interfaces/indy_interfaces/msg\n'}
[0.398262] (indy_interfaces) StdoutLine: {'line': b'-- Up-to-date: /root/common/indy-ros2/install/indy_interfaces/include/indy_interfaces/indy_interfaces/msg/servo_rx.h\n'}
[0.398415] (indy_interfaces) StdoutLine: {'line': b'-- Up-to-date: /root/common/indy-ros2/install/indy_interfaces/include/indy_interfaces/indy_interfaces/msg/detail\n'}
[0.398547] (indy_interfaces) StdoutLine: {'line': b'-- Up-to-date: /root/common/indy-ros2/install/indy_interfaces/include/indy_interfaces/indy_interfaces/msg/detail/servo_rx__functions.c\n'}
[0.398720] (indy_interfaces) StdoutLine: {'line': b'-- Up-to-date: /root/common/indy-ros2/install/indy_interfaces/include/indy_interfaces/indy_interfaces/msg/detail/servo_tx__type_support.h\n'}
[0.398906] (indy_interfaces) StdoutLine: {'line': b'-- Up-to-date: /root/common/indy-ros2/install/indy_interfaces/include/indy_interfaces/indy_interfaces/msg/detail/servo_rx__struct.h\n'}
[0.399114] (indy_interfaces) StdoutLine: {'line': b'-- Up-to-date: /root/common/indy-ros2/install/indy_interfaces/include/indy_interfaces/indy_interfaces/msg/detail/servo_data_array__struct.h\n'}
[0.399266] (indy_interfaces) StdoutLine: {'line': b'-- Up-to-date: /root/common/indy-ros2/install/indy_interfaces/include/indy_interfaces/indy_interfaces/msg/detail/servo_data_array__functions.h\n'}
[0.399410] (indy_interfaces) StdoutLine: {'line': b'-- Up-to-date: /root/common/indy-ros2/install/indy_interfaces/include/indy_interfaces/indy_interfaces/msg/detail/servo_data_array__type_support.h\n'}
[0.399534] (indy_interfaces) StdoutLine: {'line': b'-- Up-to-date: /root/common/indy-ros2/install/indy_interfaces/include/indy_interfaces/indy_interfaces/msg/detail/servo_rx__type_support.h\n'}
[0.399727] (indy_interfaces) StdoutLine: {'line': b'-- Up-to-date: /root/common/indy-ros2/install/indy_interfaces/include/indy_interfaces/indy_interfaces/msg/detail/servo_rx__functions.h\n'}
[0.399982] (indy_interfaces) StdoutLine: {'line': b'-- Up-to-date: /root/common/indy-ros2/install/indy_interfaces/include/indy_interfaces/indy_interfaces/msg/detail/servo_tx__struct.h\n'}
[0.400154] (-) TimerEvent: {}
[0.400402] (indy_interfaces) StdoutLine: {'line': b'-- Up-to-date: /root/common/indy-ros2/install/indy_interfaces/include/indy_interfaces/indy_interfaces/msg/detail/servo_data_array__functions.c\n'}
[0.400649] (indy_interfaces) StdoutLine: {'line': b'-- Up-to-date: /root/common/indy-ros2/install/indy_interfaces/include/indy_interfaces/indy_interfaces/msg/detail/servo_tx__functions.c\n'}
[0.400791] (indy_interfaces) StdoutLine: {'line': b'-- Up-to-date: /root/common/indy-ros2/install/indy_interfaces/include/indy_interfaces/indy_interfaces/msg/detail/servo_tx__functions.h\n'}
[0.400969] (indy_interfaces) StdoutLine: {'line': b'-- Up-to-date: /root/common/indy-ros2/install/indy_interfaces/include/indy_interfaces/indy_interfaces/msg/servo_data_array.h\n'}
[0.401130] (indy_interfaces) StdoutLine: {'line': b'-- Up-to-date: /root/common/indy-ros2/install/indy_interfaces/include/indy_interfaces/indy_interfaces/msg/servo_tx.h\n'}
[0.401364] (indy_interfaces) StdoutLine: {'line': b'-- Up-to-date: /root/common/indy-ros2/install/indy_interfaces/include/indy_interfaces/indy_interfaces/msg/rosidl_generator_c__visibility_control.h\n'}
[0.401608] (indy_interfaces) StdoutLine: {'line': b'-- Up-to-date: /root/common/indy-ros2/install/indy_interfaces/include/indy_interfaces/indy_interfaces/srv\n'}
[0.401783] (indy_interfaces) StdoutLine: {'line': b'-- Up-to-date: /root/common/indy-ros2/install/indy_interfaces/include/indy_interfaces/indy_interfaces/srv/detail\n'}
[0.401956] (indy_interfaces) StdoutLine: {'line': b'-- Up-to-date: /root/common/indy-ros2/install/indy_interfaces/include/indy_interfaces/indy_interfaces/srv/detail/indy_service__struct.h\n'}
[0.402164] (indy_interfaces) StdoutLine: {'line': b'-- Up-to-date: /root/common/indy-ros2/install/indy_interfaces/include/indy_interfaces/indy_interfaces/srv/detail/indy_service__functions.c\n'}
[0.402315] (indy_interfaces) StdoutLine: {'line': b'-- Up-to-date: /root/common/indy-ros2/install/indy_interfaces/include/indy_interfaces/indy_interfaces/srv/detail/indy_service__type_support.h\n'}
[0.402454] (indy_interfaces) StdoutLine: {'line': b'-- Up-to-date: /root/common/indy-ros2/install/indy_interfaces/include/indy_interfaces/indy_interfaces/srv/detail/indy_service__functions.h\n'}
[0.402578] (indy_interfaces) StdoutLine: {'line': b'-- Up-to-date: /root/common/indy-ros2/install/indy_interfaces/include/indy_interfaces/indy_interfaces/srv/indy_service.h\n'}
[0.402828] (indy_interfaces) StdoutLine: {'line': b'-- Up-to-date: /root/common/indy-ros2/install/indy_interfaces/share/indy_interfaces/environment/library_path.sh\n'}
[0.403046] (indy_interfaces) StdoutLine: {'line': b'-- Up-to-date: /root/common/indy-ros2/install/indy_interfaces/share/indy_interfaces/environment/library_path.dsv\n'}
[0.403205] (indy_interfaces) StdoutLine: {'line': b'-- Up-to-date: /root/common/indy-ros2/install/indy_interfaces/lib/libindy_interfaces__rosidl_generator_c.so\n'}
[0.403344] (indy_interfaces) StdoutLine: {'line': b'-- Up-to-date: /root/common/indy-ros2/install/indy_interfaces/include/indy_interfaces/indy_interfaces\n'}
[0.403476] (indy_interfaces) StdoutLine: {'line': b'-- Up-to-date: /root/common/indy-ros2/install/indy_interfaces/include/indy_interfaces/indy_interfaces/msg\n'}
[0.403628] (indy_interfaces) StdoutLine: {'line': b'-- Up-to-date: /root/common/indy-ros2/install/indy_interfaces/include/indy_interfaces/indy_interfaces/msg/detail\n'}
[0.403787] (indy_interfaces) StdoutLine: {'line': b'-- Up-to-date: /root/common/indy-ros2/install/indy_interfaces/include/indy_interfaces/indy_interfaces/msg/detail/servo_data_array__rosidl_typesupport_fastrtps_c.h\n'}
[0.403933] (indy_interfaces) StdoutLine: {'line': b'-- Up-to-date: /root/common/indy-ros2/install/indy_interfaces/include/indy_interfaces/indy_interfaces/msg/detail/servo_rx__rosidl_typesupport_fastrtps_c.h\n'}
[0.404089] (indy_interfaces) StdoutLine: {'line': b'-- Up-to-date: /root/common/indy-ros2/install/indy_interfaces/include/indy_interfaces/indy_interfaces/msg/detail/servo_tx__rosidl_typesupport_fastrtps_c.h\n'}
[0.404223] (indy_interfaces) StdoutLine: {'line': b'-- Up-to-date: /root/common/indy-ros2/install/indy_interfaces/include/indy_interfaces/indy_interfaces/msg/rosidl_typesupport_fastrtps_c__visibility_control.h\n'}
[0.404363] (indy_interfaces) StdoutLine: {'line': b'-- Up-to-date: /root/common/indy-ros2/install/indy_interfaces/include/indy_interfaces/indy_interfaces/srv\n'}
[0.404502] (indy_interfaces) StdoutLine: {'line': b'-- Up-to-date: /root/common/indy-ros2/install/indy_interfaces/include/indy_interfaces/indy_interfaces/srv/detail\n'}
[0.404633] (indy_interfaces) StdoutLine: {'line': b'-- Up-to-date: /root/common/indy-ros2/install/indy_interfaces/include/indy_interfaces/indy_interfaces/srv/detail/indy_service__rosidl_typesupport_fastrtps_c.h\n'}
[0.404774] (indy_interfaces) StdoutLine: {'line': b'-- Up-to-date: /root/common/indy-ros2/install/indy_interfaces/lib/libindy_interfaces__rosidl_typesupport_fastrtps_c.so\n'}
[0.404944] (indy_interfaces) StdoutLine: {'line': b'-- Up-to-date: /root/common/indy-ros2/install/indy_interfaces/include/indy_interfaces/indy_interfaces\n'}
[0.405122] (indy_interfaces) StdoutLine: {'line': b'-- Up-to-date: /root/common/indy-ros2/install/indy_interfaces/include/indy_interfaces/indy_interfaces/msg\n'}
[0.405285] (indy_interfaces) StdoutLine: {'line': b'-- Up-to-date: /root/common/indy-ros2/install/indy_interfaces/include/indy_interfaces/indy_interfaces/msg/detail\n'}
[0.405422] (indy_interfaces) StdoutLine: {'line': b'-- Up-to-date: /root/common/indy-ros2/install/indy_interfaces/include/indy_interfaces/indy_interfaces/msg/detail/servo_tx__type_support.c\n'}
[0.405538] (indy_interfaces) StdoutLine: {'line': b'-- Up-to-date: /root/common/indy-ros2/install/indy_interfaces/include/indy_interfaces/indy_interfaces/msg/detail/servo_data_array__type_support.c\n'}
[0.405595] (indy_interfaces) StdoutLine: {'line': b'-- Up-to-date: /root/common/indy-ros2/install/indy_interfaces/include/indy_interfaces/indy_interfaces/msg/detail/servo_tx__rosidl_typesupport_introspection_c.h\n'}
[0.405646] (indy_interfaces) StdoutLine: {'line': b'-- Up-to-date: /root/common/indy-ros2/install/indy_interfaces/include/indy_interfaces/indy_interfaces/msg/detail/servo_data_array__rosidl_typesupport_introspection_c.h\n'}
[0.405698] (indy_interfaces) StdoutLine: {'line': b'-- Up-to-date: /root/common/indy-ros2/install/indy_interfaces/include/indy_interfaces/indy_interfaces/msg/detail/servo_rx__rosidl_typesupport_introspection_c.h\n'}
[0.405747] (indy_interfaces) StdoutLine: {'line': b'-- Up-to-date: /root/common/indy-ros2/install/indy_interfaces/include/indy_interfaces/indy_interfaces/msg/detail/servo_rx__type_support.c\n'}
[0.405824] (indy_interfaces) StdoutLine: {'line': b'-- Up-to-date: /root/common/indy-ros2/install/indy_interfaces/include/indy_interfaces/indy_interfaces/msg/rosidl_typesupport_introspection_c__visibility_control.h\n'}
[0.405878] (indy_interfaces) StdoutLine: {'line': b'-- Up-to-date: /root/common/indy-ros2/install/indy_interfaces/include/indy_interfaces/indy_interfaces/srv\n'}
[0.405926] (indy_interfaces) StdoutLine: {'line': b'-- Up-to-date: /root/common/indy-ros2/install/indy_interfaces/include/indy_interfaces/indy_interfaces/srv/detail\n'}
[0.405980] (indy_interfaces) StdoutLine: {'line': b'-- Up-to-date: /root/common/indy-ros2/install/indy_interfaces/include/indy_interfaces/indy_interfaces/srv/detail/indy_service__type_support.c\n'}
[0.406028] (indy_interfaces) StdoutLine: {'line': b'-- Up-to-date: /root/common/indy-ros2/install/indy_interfaces/include/indy_interfaces/indy_interfaces/srv/detail/indy_service__rosidl_typesupport_introspection_c.h\n'}
[0.406076] (indy_interfaces) StdoutLine: {'line': b'-- Up-to-date: /root/common/indy-ros2/install/indy_interfaces/lib/libindy_interfaces__rosidl_typesupport_introspection_c.so\n'}
[0.406124] (indy_interfaces) StdoutLine: {'line': b'-- Up-to-date: /root/common/indy-ros2/install/indy_interfaces/lib/libindy_interfaces__rosidl_typesupport_c.so\n'}
[0.406173] (indy_interfaces) StdoutLine: {'line': b'-- Up-to-date: /root/common/indy-ros2/install/indy_interfaces/include/indy_interfaces/indy_interfaces\n'}
[0.406222] (indy_interfaces) StdoutLine: {'line': b'-- Up-to-date: /root/common/indy-ros2/install/indy_interfaces/include/indy_interfaces/indy_interfaces/msg\n'}
[0.406269] (indy_interfaces) StdoutLine: {'line': b'-- Up-to-date: /root/common/indy-ros2/install/indy_interfaces/include/indy_interfaces/indy_interfaces/msg/detail\n'}
[0.406316] (indy_interfaces) StdoutLine: {'line': b'-- Up-to-date: /root/common/indy-ros2/install/indy_interfaces/include/indy_interfaces/indy_interfaces/msg/detail/servo_tx__struct.hpp\n'}
[0.406363] (indy_interfaces) StdoutLine: {'line': b'-- Up-to-date: /root/common/indy-ros2/install/indy_interfaces/include/indy_interfaces/indy_interfaces/msg/detail/servo_data_array__struct.hpp\n'}
[0.406410] (indy_interfaces) StdoutLine: {'line': b'-- Up-to-date: /root/common/indy-ros2/install/indy_interfaces/include/indy_interfaces/indy_interfaces/msg/detail/servo_data_array__builder.hpp\n'}
[0.406458] (indy_interfaces) StdoutLine: {'line': b'-- Up-to-date: /root/common/indy-ros2/install/indy_interfaces/include/indy_interfaces/indy_interfaces/msg/detail/servo_tx__traits.hpp\n'}
[0.406504] (indy_interfaces) StdoutLine: {'line': b'-- Up-to-date: /root/common/indy-ros2/install/indy_interfaces/include/indy_interfaces/indy_interfaces/msg/detail/servo_rx__struct.hpp\n'}
[0.406551] (indy_interfaces) StdoutLine: {'line': b'-- Up-to-date: /root/common/indy-ros2/install/indy_interfaces/include/indy_interfaces/indy_interfaces/msg/detail/servo_rx__traits.hpp\n'}
[0.406597] (indy_interfaces) StdoutLine: {'line': b'-- Up-to-date: /root/common/indy-ros2/install/indy_interfaces/include/indy_interfaces/indy_interfaces/msg/detail/servo_tx__builder.hpp\n'}
[0.406714] (indy_interfaces) StdoutLine: {'line': b'-- Up-to-date: /root/common/indy-ros2/install/indy_interfaces/include/indy_interfaces/indy_interfaces/msg/detail/servo_data_array__traits.hpp\n'}
[0.406778] (indy_interfaces) StdoutLine: {'line': b'-- Up-to-date: /root/common/indy-ros2/install/indy_interfaces/include/indy_interfaces/indy_interfaces/msg/detail/servo_rx__builder.hpp\n'}
[0.406846] (indy_interfaces) StdoutLine: {'line': b'-- Up-to-date: /root/common/indy-ros2/install/indy_interfaces/include/indy_interfaces/indy_interfaces/msg/servo_tx.hpp\n'}
[0.406895] (indy_interfaces) StdoutLine: {'line': b'-- Up-to-date: /root/common/indy-ros2/install/indy_interfaces/include/indy_interfaces/indy_interfaces/msg/servo_rx.hpp\n'}
[0.406943] (indy_interfaces) StdoutLine: {'line': b'-- Up-to-date: /root/common/indy-ros2/install/indy_interfaces/include/indy_interfaces/indy_interfaces/msg/servo_data_array.hpp\n'}
[0.406994] (indy_interfaces) StdoutLine: {'line': b'-- Up-to-date: /root/common/indy-ros2/install/indy_interfaces/include/indy_interfaces/indy_interfaces/srv\n'}
[0.407047] (indy_interfaces) StdoutLine: {'line': b'-- Up-to-date: /root/common/indy-ros2/install/indy_interfaces/include/indy_interfaces/indy_interfaces/srv/indy_service.hpp\n'}
[0.407099] (indy_interfaces) StdoutLine: {'line': b'-- Up-to-date: /root/common/indy-ros2/install/indy_interfaces/include/indy_interfaces/indy_interfaces/srv/detail\n'}
[0.407148] (indy_interfaces) StdoutLine: {'line': b'-- Up-to-date: /root/common/indy-ros2/install/indy_interfaces/include/indy_interfaces/indy_interfaces/srv/detail/indy_service__struct.hpp\n'}
[0.407197] (indy_interfaces) StdoutLine: {'line': b'-- Up-to-date: /root/common/indy-ros2/install/indy_interfaces/include/indy_interfaces/indy_interfaces/srv/detail/indy_service__traits.hpp\n'}
[0.407245] (indy_interfaces) StdoutLine: {'line': b'-- Up-to-date: /root/common/indy-ros2/install/indy_interfaces/include/indy_interfaces/indy_interfaces/srv/detail/indy_service__builder.hpp\n'}
[0.407294] (indy_interfaces) StdoutLine: {'line': b'-- Up-to-date: /root/common/indy-ros2/install/indy_interfaces/include/indy_interfaces/indy_interfaces\n'}
[0.407478] (indy_interfaces) StdoutLine: {'line': b'-- Up-to-date: /root/common/indy-ros2/install/indy_interfaces/include/indy_interfaces/indy_interfaces/msg\n'}
[0.407549] (indy_interfaces) StdoutLine: {'line': b'-- Up-to-date: /root/common/indy-ros2/install/indy_interfaces/include/indy_interfaces/indy_interfaces/msg/detail\n'}
[0.407605] (indy_interfaces) StdoutLine: {'line': b'-- Up-to-date: /root/common/indy-ros2/install/indy_interfaces/include/indy_interfaces/indy_interfaces/msg/detail/dds_fastrtps\n'}
[0.407942] (indy_interfaces) StdoutLine: {'line': b'-- Up-to-date: /root/common/indy-ros2/install/indy_interfaces/include/indy_interfaces/indy_interfaces/msg/detail/servo_data_array__rosidl_typesupport_fastrtps_cpp.hpp\n'}
[0.408183] (indy_interfaces) StdoutLine: {'line': b'-- Up-to-date: /root/common/indy-ros2/install/indy_interfaces/include/indy_interfaces/indy_interfaces/msg/detail/servo_rx__rosidl_typesupport_fastrtps_cpp.hpp\n'}
[0.408393] (indy_interfaces) StdoutLine: {'line': b'-- Up-to-date: /root/common/indy-ros2/install/indy_interfaces/include/indy_interfaces/indy_interfaces/msg/detail/servo_tx__rosidl_typesupport_fastrtps_cpp.hpp\n'}
[0.408680] (indy_interfaces) StdoutLine: {'line': b'-- Up-to-date: /root/common/indy-ros2/install/indy_interfaces/include/indy_interfaces/indy_interfaces/msg/rosidl_typesupport_fastrtps_cpp__visibility_control.h\n'}
[0.408964] (indy_interfaces) StdoutLine: {'line': b'-- Up-to-date: /root/common/indy-ros2/install/indy_interfaces/include/indy_interfaces/indy_interfaces/srv\n'}
[0.409176] (indy_interfaces) StdoutLine: {'line': b'-- Up-to-date: /root/common/indy-ros2/install/indy_interfaces/include/indy_interfaces/indy_interfaces/srv/detail\n'}
[0.409262] (indy_interfaces) StdoutLine: {'line': b'-- Up-to-date: /root/common/indy-ros2/install/indy_interfaces/include/indy_interfaces/indy_interfaces/srv/detail/dds_fastrtps\n'}
[0.409466] (indy_interfaces) StdoutLine: {'line': b'-- Up-to-date: /root/common/indy-ros2/install/indy_interfaces/include/indy_interfaces/indy_interfaces/srv/detail/indy_service__rosidl_typesupport_fastrtps_cpp.hpp\n'}
[0.409694] (indy_interfaces) StdoutLine: {'line': b'-- Up-to-date: /root/common/indy-ros2/install/indy_interfaces/lib/libindy_interfaces__rosidl_typesupport_fastrtps_cpp.so\n'}
[0.409746] (indy_interfaces) StdoutLine: {'line': b'-- Up-to-date: /root/common/indy-ros2/install/indy_interfaces/include/indy_interfaces/indy_interfaces\n'}
[0.409795] (indy_interfaces) StdoutLine: {'line': b'-- Up-to-date: /root/common/indy-ros2/install/indy_interfaces/include/indy_interfaces/indy_interfaces/msg\n'}
[0.409845] (indy_interfaces) StdoutLine: {'line': b'-- Up-to-date: /root/common/indy-ros2/install/indy_interfaces/include/indy_interfaces/indy_interfaces/msg/detail\n'}
[0.409893] (indy_interfaces) StdoutLine: {'line': b'-- Up-to-date: /root/common/indy-ros2/install/indy_interfaces/include/indy_interfaces/indy_interfaces/msg/detail/servo_rx__rosidl_typesupport_introspection_cpp.hpp\n'}
[0.409949] (indy_interfaces) StdoutLine: {'line': b'-- Up-to-date: /root/common/indy-ros2/install/indy_interfaces/include/indy_interfaces/indy_interfaces/msg/detail/servo_tx__rosidl_typesupport_introspection_cpp.hpp\n'}
[0.409996] (indy_interfaces) StdoutLine: {'line': b'-- Up-to-date: /root/common/indy-ros2/install/indy_interfaces/include/indy_interfaces/indy_interfaces/msg/detail/servo_tx__type_support.cpp\n'}
[0.410044] (indy_interfaces) StdoutLine: {'line': b'-- Up-to-date: /root/common/indy-ros2/install/indy_interfaces/include/indy_interfaces/indy_interfaces/msg/detail/servo_rx__type_support.cpp\n'}
[0.410091] (indy_interfaces) StdoutLine: {'line': b'-- Up-to-date: /root/common/indy-ros2/install/indy_interfaces/include/indy_interfaces/indy_interfaces/msg/detail/servo_data_array__type_support.cpp\n'}
[0.410138] (indy_interfaces) StdoutLine: {'line': b'-- Up-to-date: /root/common/indy-ros2/install/indy_interfaces/include/indy_interfaces/indy_interfaces/msg/detail/servo_data_array__rosidl_typesupport_introspection_cpp.hpp\n'}
[0.410185] (indy_interfaces) StdoutLine: {'line': b'-- Up-to-date: /root/common/indy-ros2/install/indy_interfaces/include/indy_interfaces/indy_interfaces/srv\n'}
[0.410231] (indy_interfaces) StdoutLine: {'line': b'-- Up-to-date: /root/common/indy-ros2/install/indy_interfaces/include/indy_interfaces/indy_interfaces/srv/detail\n'}
[0.410278] (indy_interfaces) StdoutLine: {'line': b'-- Up-to-date: /root/common/indy-ros2/install/indy_interfaces/include/indy_interfaces/indy_interfaces/srv/detail/indy_service__type_support.cpp\n'}
[0.410328] (indy_interfaces) StdoutLine: {'line': b'-- Up-to-date: /root/common/indy-ros2/install/indy_interfaces/include/indy_interfaces/indy_interfaces/srv/detail/indy_service__rosidl_typesupport_introspection_cpp.hpp\n'}
[0.410376] (indy_interfaces) StdoutLine: {'line': b'-- Up-to-date: /root/common/indy-ros2/install/indy_interfaces/lib/libindy_interfaces__rosidl_typesupport_introspection_cpp.so\n'}
[0.410422] (indy_driver) StdoutLine: {'line': b'Built target ament_cmake_python_build_indy_driver_egg\n'}
[0.410474] (indy_interfaces) StdoutLine: {'line': b'-- Up-to-date: /root/common/indy-ros2/install/indy_interfaces/lib/libindy_interfaces__rosidl_typesupport_cpp.so\n'}
[0.410521] (indy_interfaces) StdoutLine: {'line': b'-- Up-to-date: /root/common/indy-ros2/install/indy_interfaces/share/indy_interfaces/environment/pythonpath.sh\n'}
[0.410569] (indy_interfaces) StdoutLine: {'line': b'-- Up-to-date: /root/common/indy-ros2/install/indy_interfaces/share/indy_interfaces/environment/pythonpath.dsv\n'}
[0.410692] (indy_interfaces) StdoutLine: {'line': b'-- Up-to-date: /root/common/indy-ros2/install/indy_interfaces/local/lib/python3.10/dist-packages/indy_interfaces-0.0.0-py3.10.egg-info\n'}
[0.410747] (indy_interfaces) StdoutLine: {'line': b'-- Installing: /root/common/indy-ros2/install/indy_interfaces/local/lib/python3.10/dist-packages/indy_interfaces-0.0.0-py3.10.egg-info/SOURCES.txt\n'}
[0.410796] (indy_interfaces) StdoutLine: {'line': b'-- Installing: /root/common/indy-ros2/install/indy_interfaces/local/lib/python3.10/dist-packages/indy_interfaces-0.0.0-py3.10.egg-info/PKG-INFO\n'}
[0.410845] (indy_interfaces) StdoutLine: {'line': b'-- Installing: /root/common/indy-ros2/install/indy_interfaces/local/lib/python3.10/dist-packages/indy_interfaces-0.0.0-py3.10.egg-info/dependency_links.txt\n'}
[0.410893] (indy_interfaces) StdoutLine: {'line': b'-- Installing: /root/common/indy-ros2/install/indy_interfaces/local/lib/python3.10/dist-packages/indy_interfaces-0.0.0-py3.10.egg-info/top_level.txt\n'}
[0.410941] (indy_interfaces) StdoutLine: {'line': b'-- Up-to-date: /root/common/indy-ros2/install/indy_interfaces/local/lib/python3.10/dist-packages/indy_interfaces\n'}
[0.410989] (indy_interfaces) StdoutLine: {'line': b'-- Up-to-date: /root/common/indy-ros2/install/indy_interfaces/local/lib/python3.10/dist-packages/indy_interfaces/_indy_interfaces_s.ep.rosidl_typesupport_introspection_c.c\n'}
[0.411043] (indy_interfaces) StdoutLine: {'line': b'-- Up-to-date: /root/common/indy-ros2/install/indy_interfaces/local/lib/python3.10/dist-packages/indy_interfaces/libindy_interfaces__rosidl_generator_py.so\n'}
[0.411094] (indy_interfaces) StdoutLine: {'line': b'-- Up-to-date: /root/common/indy-ros2/install/indy_interfaces/local/lib/python3.10/dist-packages/indy_interfaces/msg\n'}
[0.411141] (indy_interfaces) StdoutLine: {'line': b'-- Up-to-date: /root/common/indy-ros2/install/indy_interfaces/local/lib/python3.10/dist-packages/indy_interfaces/msg/_servo_data_array_s.c\n'}
[0.411188] (indy_interfaces) StdoutLine: {'line': b'-- Up-to-date: /root/common/indy-ros2/install/indy_interfaces/local/lib/python3.10/dist-packages/indy_interfaces/msg/_servo_rx.py\n'}
[0.411235] (indy_interfaces) StdoutLine: {'line': b'-- Up-to-date: /root/common/indy-ros2/install/indy_interfaces/local/lib/python3.10/dist-packages/indy_interfaces/msg/_servo_data_array.py\n'}
[0.411282] (indy_interfaces) StdoutLine: {'line': b'-- Up-to-date: /root/common/indy-ros2/install/indy_interfaces/local/lib/python3.10/dist-packages/indy_interfaces/msg/__init__.py\n'}
[0.411329] (indy_interfaces) StdoutLine: {'line': b'-- Up-to-date: /root/common/indy-ros2/install/indy_interfaces/local/lib/python3.10/dist-packages/indy_interfaces/msg/_servo_tx.py\n'}
[0.411376] (indy_interfaces) StdoutLine: {'line': b'-- Up-to-date: /root/common/indy-ros2/install/indy_interfaces/local/lib/python3.10/dist-packages/indy_interfaces/msg/_servo_rx_s.c\n'}
[0.411423] (indy_interfaces) StdoutLine: {'line': b'-- Up-to-date: /root/common/indy-ros2/install/indy_interfaces/local/lib/python3.10/dist-packages/indy_interfaces/msg/_servo_tx_s.c\n'}
[0.411470] (indy_interfaces) StdoutLine: {'line': b'-- Up-to-date: /root/common/indy-ros2/install/indy_interfaces/local/lib/python3.10/dist-packages/indy_interfaces/__init__.py\n'}
[0.411517] (indy_interfaces) StdoutLine: {'line': b'-- Up-to-date: /root/common/indy-ros2/install/indy_interfaces/local/lib/python3.10/dist-packages/indy_interfaces/_indy_interfaces_s.ep.rosidl_typesupport_c.c\n'}
[0.411565] (indy_interfaces) StdoutLine: {'line': b'-- Up-to-date: /root/common/indy-ros2/install/indy_interfaces/local/lib/python3.10/dist-packages/indy_interfaces/srv\n'}
[0.411612] (indy_interfaces) StdoutLine: {'line': b'-- Up-to-date: /root/common/indy-ros2/install/indy_interfaces/local/lib/python3.10/dist-packages/indy_interfaces/srv/__init__.py\n'}
[0.411659] (indy_interfaces) StdoutLine: {'line': b'-- Up-to-date: /root/common/indy-ros2/install/indy_interfaces/local/lib/python3.10/dist-packages/indy_interfaces/srv/_indy_service.py\n'}
[0.411705] (indy_interfaces) StdoutLine: {'line': b'-- Up-to-date: /root/common/indy-ros2/install/indy_interfaces/local/lib/python3.10/dist-packages/indy_interfaces/srv/_indy_service_s.c\n'}
[0.411752] (indy_interfaces) StdoutLine: {'line': b'-- Up-to-date: /root/common/indy-ros2/install/indy_interfaces/local/lib/python3.10/dist-packages/indy_interfaces/_indy_interfaces_s.ep.rosidl_typesupport_fastrtps_c.c\n'}
[0.411803] (indy_interfaces) StdoutLine: {'line': b'-- Up-to-date: /root/common/indy-ros2/install/indy_interfaces/local/lib/python3.10/dist-packages/indy_interfaces/indy_interfaces_s__rosidl_typesupport_c.cpython-310-x86_64-linux-gnu.so\n'}
[0.411851] (indy_interfaces) StdoutLine: {'line': b'-- Up-to-date: /root/common/indy-ros2/install/indy_interfaces/local/lib/python3.10/dist-packages/indy_interfaces/indy_interfaces_s__rosidl_typesupport_fastrtps_c.cpython-310-x86_64-linux-gnu.so\n'}
[0.411899] (indy_interfaces) StdoutLine: {'line': b'-- Up-to-date: /root/common/indy-ros2/install/indy_interfaces/local/lib/python3.10/dist-packages/indy_interfaces/indy_interfaces_s__rosidl_typesupport_introspection_c.cpython-310-x86_64-linux-gnu.so\n'}
[0.411948] (indy_driver) CommandEnded: {'returncode': 0}
[0.415196] (indy_moveit) StdoutLine: {'line': b'Built target ament_cmake_python_build_indy_moveit_egg\n'}
[0.419672] (indy_moveit) CommandEnded: {'returncode': 0}
[0.422393] (indy_driver) JobProgress: {'identifier': 'indy_driver', 'progress': 'install'}
[0.422487] (indy_driver) Command: {'cmd': ['/usr/bin/cmake', '--install', '/root/common/indy-ros2/build/indy_driver'], 'cwd': '/root/common/indy-ros2/build/indy_driver', 'env': OrderedDict([('NV_LIBCUBLAS_VERSION', '11.11.3.6-1'), ('NV_CUDA_COMPAT_PACKAGE', 'cuda-compat-11-8'), ('HOSTNAME', 'idim'), ('SHLVL', '1'), ('LD_LIBRARY_PATH', '/opt/ros/humble/lib'), ('NV_LIBNCCL_PACKAGE_VERSION', '2.15.5-1'), ('AMENT_CPPCHECK_ALLOW_SLOW_VERSIONS', '1'), ('HOME', '/root'), ('OLDPWD', '/root/common'), ('ROS_PYTHON_VERSION', '3'), ('PS1', '\\[\x1b[0;33m\\]idim \\W $ \\[\x1b[0m\\]'), ('NV_LIBNPP_PACKAGE', 'libnpp-11-8=11.8.0.86-1'), ('CUDA_VERSION', '11.8.0'), ('COLCON_PREFIX_PATH', '/opt/ros/humble'), ('ROS_DISTRO', 'humble'), ('NV_LIBCUBLAS_PACKAGE_NAME', 'libcublas-11-8'), ('NVIDIA_REQUIRE_CUDA', 'cuda>=11.8 brand=tesla,driver>=470,driver<471 brand=unknown,driver>=470,driver<471 brand=nvidia,driver>=470,driver<471 brand=nvidiartx,driver>=470,driver<471 brand=geforce,driver>=470,driver<471 brand=geforcertx,driver>=470,driver<471 brand=quadro,driver>=470,driver<471 brand=quadrortx,driver>=470,driver<471 brand=titan,driver>=470,driver<471 brand=titanrtx,driver>=470,driver<471'), ('_', '/usr/bin/colcon'), ('ROS_VERSION', '2'), ('NV_LIBCUSPARSE_VERSION', '11.7.5.86-1'), ('NVIDIA_DRIVER_CAPABILITIES', 'graphics,utility,compute'), ('NV_CUDA_LIB_VERSION', '11.8.0-1'), ('NV_LIBNCCL_PACKAGE_NAME', 'libnccl2'), ('TERM', 'xterm'), ('NV_CUDA_CUDART_VERSION', '11.8.89-1'), ('QT_X11_NO_MITSHM', '1'), ('PATH', '/opt/ros/humble/bin:/usr/local/nvidia/bin:/usr/local/cuda/bin:/usr/local/sbin:/usr/local/bin:/usr/sbin:/usr/bin:/sbin:/bin'), ('NV_LIBCUBLAS_PACKAGE', 'libcublas-11-8=11.11.3.6-1'), ('NVARCH', 'x86_64'), ('DISPLAY', ':1'), ('NV_LIBNCCL_PACKAGE', 'libnccl2=2.15.5-1+cuda11.8'), ('NVIDIA_PRODUCT_NAME', 'CUDA'), ('LANG', 'en_US.UTF-8'), ('XAUTHORITY', '/tmp/.docker.xauth'), ('LS_COLORS', 'rs=0:di=01;34:ln=01;36:mh=00:pi=40;33:so=01;35:do=01;35:bd=40;33;01:cd=40;33;01:or=40;31;01:mi=00:su=37;41:sg=30;43:ca=30;41:tw=30;42:ow=34;42:st=37;44:ex=01;32:*.tar=01;31:*.tgz=01;31:*.arc=01;31:*.arj=01;31:*.taz=01;31:*.lha=01;31:*.lz4=01;31:*.lzh=01;31:*.lzma=01;31:*.tlz=01;31:*.txz=01;31:*.tzo=01;31:*.t7z=01;31:*.zip=01;31:*.z=01;31:*.dz=01;31:*.gz=01;31:*.lrz=01;31:*.lz=01;31:*.lzo=01;31:*.xz=01;31:*.zst=01;31:*.tzst=01;31:*.bz2=01;31:*.bz=01;31:*.tbz=01;31:*.tbz2=01;31:*.tz=01;31:*.deb=01;31:*.rpm=01;31:*.jar=01;31:*.war=01;31:*.ear=01;31:*.sar=01;31:*.rar=01;31:*.alz=01;31:*.ace=01;31:*.zoo=01;31:*.cpio=01;31:*.7z=01;31:*.rz=01;31:*.cab=01;31:*.wim=01;31:*.swm=01;31:*.dwm=01;31:*.esd=01;31:*.jpg=01;35:*.jpeg=01;35:*.mjpg=01;35:*.mjpeg=01;35:*.gif=01;35:*.bmp=01;35:*.pbm=01;35:*.pgm=01;35:*.ppm=01;35:*.tga=01;35:*.xbm=01;35:*.xpm=01;35:*.tif=01;35:*.tiff=01;35:*.png=01;35:*.svg=01;35:*.svgz=01;35:*.mng=01;35:*.pcx=01;35:*.mov=01;35:*.mpg=01;35:*.mpeg=01;35:*.m2v=01;35:*.mkv=01;35:*.webm=01;35:*.webp=01;35:*.ogm=01;35:*.mp4=01;35:*.m4v=01;35:*.mp4v=01;35:*.vob=01;35:*.qt=01;35:*.nuv=01;35:*.wmv=01;35:*.asf=01;35:*.rm=01;35:*.rmvb=01;35:*.flc=01;35:*.avi=01;35:*.fli=01;35:*.flv=01;35:*.gl=01;35:*.dl=01;35:*.xcf=01;35:*.xwd=01;35:*.yuv=01;35:*.cgm=01;35:*.emf=01;35:*.ogv=01;35:*.ogx=01;35:*.aac=00;36:*.au=00;36:*.flac=00;36:*.m4a=00;36:*.mid=00;36:*.midi=00;36:*.mka=00;36:*.mp3=00;36:*.mpc=00;36:*.ogg=00;36:*.ra=00;36:*.wav=00;36:*.oga=00;36:*.opus=00;36:*.spx=00;36:*.xspf=00;36:'), ('AMENT_PREFIX_PATH', '/root/common/indy-ros2/install/indy_description:/opt/ros/humble'), ('DEBIAN_FRONTEND', 'noninteractive'), ('NV_NVTX_VERSION', '11.8.86-1'), ('NV_LIBNPP_VERSION', '11.8.0.86-1'), ('PWD', '/root/common/indy-ros2/build/indy_driver'), ('PYTHONPATH', '/opt/ros/humble/local/lib/python3.10/dist-packages:/opt/ros/humble/lib/python3.10/site-packages'), ('NVIDIA_VISIBLE_DEVICES', 'all'), ('NCCL_VERSION', '2.15.5-1'), ('DEBCONF_NOWARNINGS', 'yes'), ('COLCON', '1'), ('CMAKE_PREFIX_PATH', '/root/common/indy-ros2/install/indy_description:/opt/ros/humble')]), 'shell': False}
[0.424917] (indy_driver) StdoutLine: {'line': b'-- Install configuration: ""\n'}
[0.425033] (indy_driver) StdoutLine: {'line': b'-- Up-to-date: /root/common/indy-ros2/install/indy_driver/share/indy_driver//launch\n'}
[0.425148] (indy_driver) StdoutLine: {'line': b'-- Up-to-date: /root/common/indy-ros2/install/indy_driver/share/indy_driver//launch/indy_bringup.launch.py\n'}
[0.425516] (indy_driver) StdoutLine: {'line': b'-- Up-to-date: /root/common/indy-ros2/install/indy_driver/share/indy_driver//controller\n'}
[0.425627] (indy_driver) StdoutLine: {'line': b'-- Up-to-date: /root/common/indy-ros2/install/indy_driver/share/indy_driver//controller/indy_controllers_7dof.yaml\n'}
[0.425726] (indy_driver) StdoutLine: {'line': b'-- Up-to-date: /root/common/indy-ros2/install/indy_driver/share/indy_driver//controller/indy_controllers_6dof.yaml\n'}
[0.425797] (indy_driver) StdoutLine: {'line': b'-- Up-to-date: /root/common/indy-ros2/install/indy_driver/lib/indy_driver/indy_driver.py\n'}
[0.425970] (indy_driver) StdoutLine: {'line': b'-- Up-to-date: /root/common/indy-ros2/install/indy_driver/lib/indy_driver/servo_joy_input.py\n'}
[0.426102] (indy_driver) StdoutLine: {'line': b'-- Up-to-date: /root/common/indy-ros2/install/indy_driver/lib/indy_driver/servo_keyboard_input.py\n'}
[0.426157] (indy_driver) StdoutLine: {'line': b'-- Up-to-date: /root/common/indy-ros2/install/indy_driver/lib/indy_driver/indy_define.py\n'}
[0.426209] (indy_driver) StdoutLine: {'line': b'-- Up-to-date: /root/common/indy-ros2/install/indy_driver/share/indy_driver/environment/pythonpath.sh\n'}
[0.426259] (indy_driver) StdoutLine: {'line': b'-- Up-to-date: /root/common/indy-ros2/install/indy_driver/share/indy_driver/environment/pythonpath.dsv\n'}
[0.426310] (indy_driver) StdoutLine: {'line': b'-- Up-to-date: /root/common/indy-ros2/install/indy_driver/local/lib/python3.10/dist-packages/indy_driver-1.0.0-py3.10.egg-info\n'}
[0.426361] (indy_driver) StdoutLine: {'line': b'-- Installing: /root/common/indy-ros2/install/indy_driver/local/lib/python3.10/dist-packages/indy_driver-1.0.0-py3.10.egg-info/SOURCES.txt\n'}
[0.426412] (indy_driver) StdoutLine: {'line': b'-- Installing: /root/common/indy-ros2/install/indy_driver/local/lib/python3.10/dist-packages/indy_driver-1.0.0-py3.10.egg-info/PKG-INFO\n'}
[0.426563] (indy_driver) StdoutLine: {'line': b'-- Installing: /root/common/indy-ros2/install/indy_driver/local/lib/python3.10/dist-packages/indy_driver-1.0.0-py3.10.egg-info/dependency_links.txt\n'}
[0.426695] (indy_driver) StdoutLine: {'line': b'-- Installing: /root/common/indy-ros2/install/indy_driver/local/lib/python3.10/dist-packages/indy_driver-1.0.0-py3.10.egg-info/top_level.txt\n'}
[0.426763] (indy_driver) StdoutLine: {'line': b'-- Up-to-date: /root/common/indy-ros2/install/indy_driver/local/lib/python3.10/dist-packages/indy_driver\n'}
[0.426816] (indy_driver) StdoutLine: {'line': b'-- Up-to-date: /root/common/indy-ros2/install/indy_driver/local/lib/python3.10/dist-packages/indy_driver/__init__.py\n'}
[0.426867] (indy_driver) StdoutLine: {'line': b'-- Up-to-date: /root/common/indy-ros2/install/indy_driver/local/lib/python3.10/dist-packages/indy_driver/indy_driver.py\n'}
[0.426935] (indy_driver) StdoutLine: {'line': b'-- Up-to-date: /root/common/indy-ros2/install/indy_driver/local/lib/python3.10/dist-packages/indy_driver/servo_keyboard_input.py\n'}
[0.426984] (indy_driver) StdoutLine: {'line': b'-- Up-to-date: /root/common/indy-ros2/install/indy_driver/local/lib/python3.10/dist-packages/indy_driver/indy_define.py\n'}
[0.427052] (indy_driver) StdoutLine: {'line': b'-- Up-to-date: /root/common/indy-ros2/install/indy_driver/local/lib/python3.10/dist-packages/indy_driver/servo_joy_input.py\n'}
[0.432796] (indy_moveit) JobProgress: {'identifier': 'indy_moveit', 'progress': 'install'}
[0.433475] (indy_moveit) Command: {'cmd': ['/usr/bin/cmake', '--install', '/root/common/indy-ros2/build/indy_moveit'], 'cwd': '/root/common/indy-ros2/build/indy_moveit', 'env': OrderedDict([('NV_LIBCUBLAS_VERSION', '11.11.3.6-1'), ('NV_CUDA_COMPAT_PACKAGE', 'cuda-compat-11-8'), ('HOSTNAME', 'idim'), ('SHLVL', '1'), ('LD_LIBRARY_PATH', '/opt/ros/humble/lib'), ('NV_LIBNCCL_PACKAGE_VERSION', '2.15.5-1'), ('AMENT_CPPCHECK_ALLOW_SLOW_VERSIONS', '1'), ('HOME', '/root'), ('OLDPWD', '/root/common'), ('ROS_PYTHON_VERSION', '3'), ('PS1', '\\[\x1b[0;33m\\]idim \\W $ \\[\x1b[0m\\]'), ('NV_LIBNPP_PACKAGE', 'libnpp-11-8=11.8.0.86-1'), ('CUDA_VERSION', '11.8.0'), ('COLCON_PREFIX_PATH', '/opt/ros/humble'), ('ROS_DISTRO', 'humble'), ('NV_LIBCUBLAS_PACKAGE_NAME', 'libcublas-11-8'), ('NVIDIA_REQUIRE_CUDA', 'cuda>=11.8 brand=tesla,driver>=470,driver<471 brand=unknown,driver>=470,driver<471 brand=nvidia,driver>=470,driver<471 brand=nvidiartx,driver>=470,driver<471 brand=geforce,driver>=470,driver<471 brand=geforcertx,driver>=470,driver<471 brand=quadro,driver>=470,driver<471 brand=quadrortx,driver>=470,driver<471 brand=titan,driver>=470,driver<471 brand=titanrtx,driver>=470,driver<471'), ('_', '/usr/bin/colcon'), ('ROS_VERSION', '2'), ('NV_LIBCUSPARSE_VERSION', '11.7.5.86-1'), ('NVIDIA_DRIVER_CAPABILITIES', 'graphics,utility,compute'), ('NV_CUDA_LIB_VERSION', '11.8.0-1'), ('NV_LIBNCCL_PACKAGE_NAME', 'libnccl2'), ('TERM', 'xterm'), ('NV_CUDA_CUDART_VERSION', '11.8.89-1'), ('QT_X11_NO_MITSHM', '1'), ('PATH', '/opt/ros/humble/bin:/usr/local/nvidia/bin:/usr/local/cuda/bin:/usr/local/sbin:/usr/local/bin:/usr/sbin:/usr/bin:/sbin:/bin'), ('NV_LIBCUBLAS_PACKAGE', 'libcublas-11-8=11.11.3.6-1'), ('NVARCH', 'x86_64'), ('DISPLAY', ':1'), ('NV_LIBNCCL_PACKAGE', 'libnccl2=2.15.5-1+cuda11.8'), ('NVIDIA_PRODUCT_NAME', 'CUDA'), ('LANG', 'en_US.UTF-8'), ('XAUTHORITY', '/tmp/.docker.xauth'), ('LS_COLORS', 'rs=0:di=01;34:ln=01;36:mh=00:pi=40;33:so=01;35:do=01;35:bd=40;33;01:cd=40;33;01:or=40;31;01:mi=00:su=37;41:sg=30;43:ca=30;41:tw=30;42:ow=34;42:st=37;44:ex=01;32:*.tar=01;31:*.tgz=01;31:*.arc=01;31:*.arj=01;31:*.taz=01;31:*.lha=01;31:*.lz4=01;31:*.lzh=01;31:*.lzma=01;31:*.tlz=01;31:*.txz=01;31:*.tzo=01;31:*.t7z=01;31:*.zip=01;31:*.z=01;31:*.dz=01;31:*.gz=01;31:*.lrz=01;31:*.lz=01;31:*.lzo=01;31:*.xz=01;31:*.zst=01;31:*.tzst=01;31:*.bz2=01;31:*.bz=01;31:*.tbz=01;31:*.tbz2=01;31:*.tz=01;31:*.deb=01;31:*.rpm=01;31:*.jar=01;31:*.war=01;31:*.ear=01;31:*.sar=01;31:*.rar=01;31:*.alz=01;31:*.ace=01;31:*.zoo=01;31:*.cpio=01;31:*.7z=01;31:*.rz=01;31:*.cab=01;31:*.wim=01;31:*.swm=01;31:*.dwm=01;31:*.esd=01;31:*.jpg=01;35:*.jpeg=01;35:*.mjpg=01;35:*.mjpeg=01;35:*.gif=01;35:*.bmp=01;35:*.pbm=01;35:*.pgm=01;35:*.ppm=01;35:*.tga=01;35:*.xbm=01;35:*.xpm=01;35:*.tif=01;35:*.tiff=01;35:*.png=01;35:*.svg=01;35:*.svgz=01;35:*.mng=01;35:*.pcx=01;35:*.mov=01;35:*.mpg=01;35:*.mpeg=01;35:*.m2v=01;35:*.mkv=01;35:*.webm=01;35:*.webp=01;35:*.ogm=01;35:*.mp4=01;35:*.m4v=01;35:*.mp4v=01;35:*.vob=01;35:*.qt=01;35:*.nuv=01;35:*.wmv=01;35:*.asf=01;35:*.rm=01;35:*.rmvb=01;35:*.flc=01;35:*.avi=01;35:*.fli=01;35:*.flv=01;35:*.gl=01;35:*.dl=01;35:*.xcf=01;35:*.xwd=01;35:*.yuv=01;35:*.cgm=01;35:*.emf=01;35:*.ogv=01;35:*.ogx=01;35:*.aac=00;36:*.au=00;36:*.flac=00;36:*.m4a=00;36:*.mid=00;36:*.midi=00;36:*.mka=00;36:*.mp3=00;36:*.mpc=00;36:*.ogg=00;36:*.ra=00;36:*.wav=00;36:*.oga=00;36:*.opus=00;36:*.spx=00;36:*.xspf=00;36:'), ('AMENT_PREFIX_PATH', '/root/common/indy-ros2/install/indy_description:/opt/ros/humble'), ('DEBIAN_FRONTEND', 'noninteractive'), ('NV_NVTX_VERSION', '11.8.86-1'), ('NV_LIBNPP_VERSION', '11.8.0.86-1'), ('PWD', '/root/common/indy-ros2/build/indy_moveit'), ('PYTHONPATH', '/opt/ros/humble/local/lib/python3.10/dist-packages:/opt/ros/humble/lib/python3.10/site-packages'), ('NVIDIA_VISIBLE_DEVICES', 'all'), ('NCCL_VERSION', '2.15.5-1'), ('DEBCONF_NOWARNINGS', 'yes'), ('COLCON', '1'), ('CMAKE_PREFIX_PATH', '/root/common/indy-ros2/install/indy_description:/opt/ros/humble')]), 'shell': False}
[0.436076] (indy_interfaces) StdoutLine: {'line': b"Listing '/root/common/indy-ros2/install/indy_interfaces/local/lib/python3.10/dist-packages/indy_interfaces'...\n"}
[0.436386] (indy_interfaces) StdoutLine: {'line': b"Listing '/root/common/indy-ros2/install/indy_interfaces/local/lib/python3.10/dist-packages/indy_interfaces/msg'...\n"}
[0.436531] (indy_interfaces) StdoutLine: {'line': b"Listing '/root/common/indy-ros2/install/indy_interfaces/local/lib/python3.10/dist-packages/indy_interfaces/srv'...\n"}
[0.436596] (indy_moveit) StdoutLine: {'line': b'-- Install configuration: ""\n'}
[0.436674] (indy_moveit) StdoutLine: {'line': b'-- Up-to-date: /root/common/indy-ros2/install/indy_moveit/share/indy_moveit//launch\n'}
[0.436726] (indy_moveit) StdoutLine: {'line': b'-- Up-to-date: /root/common/indy-ros2/install/indy_moveit/share/indy_moveit//launch/moveit.launch.py\n'}
[0.436799] (indy_moveit) StdoutLine: {'line': b'-- Up-to-date: /root/common/indy-ros2/install/indy_moveit/share/indy_moveit//launch/indy_moveit_real_robot.launch.py\n'}
[0.436869] (indy_moveit) StdoutLine: {'line': b'-- Up-to-date: /root/common/indy-ros2/install/indy_moveit/share/indy_moveit//launch/indy_moveit_gazebo.launch.py\n'}
[0.436919] (indy_moveit) StdoutLine: {'line': b'-- Up-to-date: /root/common/indy-ros2/install/indy_moveit/share/indy_moveit//moveit_config\n'}
[0.437022] (indy_moveit) StdoutLine: {'line': b'-- Up-to-date: /root/common/indy-ros2/install/indy_moveit/share/indy_moveit//moveit_config/controllers_6dof.yaml\n'}
[0.437072] (indy_moveit) StdoutLine: {'line': b'-- Up-to-date: /root/common/indy-ros2/install/indy_moveit/share/indy_moveit//moveit_config/ompl_planning.yaml\n'}
[0.437120] (indy_moveit) StdoutLine: {'line': b'-- Up-to-date: /root/common/indy-ros2/install/indy_moveit/share/indy_moveit//moveit_config/controllers_7dof.yaml\n'}
[0.437168] (indy_moveit) StdoutLine: {'line': b'-- Up-to-date: /root/common/indy-ros2/install/indy_moveit/share/indy_moveit//moveit_config/indy_servo.yaml\n'}
[0.437216] (indy_moveit) StdoutLine: {'line': b'-- Up-to-date: /root/common/indy-ros2/install/indy_moveit/share/indy_moveit//moveit_config/kinematics.yaml\n'}
[0.437264] (indy_moveit) StdoutLine: {'line': b'-- Up-to-date: /root/common/indy-ros2/install/indy_moveit/share/indy_moveit//rviz_config\n'}
[0.437312] (indy_moveit) StdoutLine: {'line': b'-- Up-to-date: /root/common/indy-ros2/install/indy_moveit/share/indy_moveit//rviz_config/indy_moveit.rviz\n'}
[0.437360] (indy_moveit) StdoutLine: {'line': b'-- Up-to-date: /root/common/indy-ros2/install/indy_moveit/share/indy_moveit//rviz_config/indy_servo.rviz\n'}
[0.437407] (indy_moveit) StdoutLine: {'line': b'-- Up-to-date: /root/common/indy-ros2/install/indy_moveit/share/indy_moveit//srdf\n'}
[0.437455] (indy_moveit) StdoutLine: {'line': b'-- Up-to-date: /root/common/indy-ros2/install/indy_moveit/share/indy_moveit//srdf/indy.srdf.xacro\n'}
[0.437502] (indy_moveit) StdoutLine: {'line': b'-- Up-to-date: /root/common/indy-ros2/install/indy_moveit/share/indy_moveit//srdf/indy_macro.srdf.xacro\n'}
[0.437549] (indy_moveit) StdoutLine: {'line': b'-- Up-to-date: /root/common/indy-ros2/install/indy_moveit/share/indy_moveit/environment/pythonpath.sh\n'}
[0.437597] (indy_moveit) StdoutLine: {'line': b'-- Up-to-date: /root/common/indy-ros2/install/indy_moveit/share/indy_moveit/environment/pythonpath.dsv\n'}
[0.437644] (indy_moveit) StdoutLine: {'line': b'-- Up-to-date: /root/common/indy-ros2/install/indy_moveit/local/lib/python3.10/dist-packages/indy_moveit-1.0.0-py3.10.egg-info\n'}
[0.437693] (indy_moveit) StdoutLine: {'line': b'-- Installing: /root/common/indy-ros2/install/indy_moveit/local/lib/python3.10/dist-packages/indy_moveit-1.0.0-py3.10.egg-info/SOURCES.txt\n'}
[0.437741] (indy_moveit) StdoutLine: {'line': b'-- Installing: /root/common/indy-ros2/install/indy_moveit/local/lib/python3.10/dist-packages/indy_moveit-1.0.0-py3.10.egg-info/PKG-INFO\n'}
[0.437789] (indy_moveit) StdoutLine: {'line': b'-- Installing: /root/common/indy-ros2/install/indy_moveit/local/lib/python3.10/dist-packages/indy_moveit-1.0.0-py3.10.egg-info/dependency_links.txt\n'}
[0.437837] (indy_moveit) StdoutLine: {'line': b'-- Installing: /root/common/indy-ros2/install/indy_moveit/local/lib/python3.10/dist-packages/indy_moveit-1.0.0-py3.10.egg-info/top_level.txt\n'}
[0.437894] (indy_moveit) StdoutLine: {'line': b'-- Up-to-date: /root/common/indy-ros2/install/indy_moveit/local/lib/python3.10/dist-packages/indy_moveit\n'}
[0.437942] (indy_moveit) StdoutLine: {'line': b'-- Up-to-date: /root/common/indy-ros2/install/indy_moveit/local/lib/python3.10/dist-packages/indy_moveit/__init__.py\n'}
[0.437995] (indy_moveit) StdoutLine: {'line': b'-- Up-to-date: /root/common/indy-ros2/install/indy_moveit/local/lib/python3.10/dist-packages/indy_moveit/launch_common.py\n'}
[0.440220] (indy_interfaces) StdoutLine: {'line': b'-- Up-to-date: /root/common/indy-ros2/install/indy_interfaces/local/lib/python3.10/dist-packages/indy_interfaces/indy_interfaces_s__rosidl_typesupport_fastrtps_c.cpython-310-x86_64-linux-gnu.so\n'}
[0.440508] (indy_interfaces) StdoutLine: {'line': b'-- Up-to-date: /root/common/indy-ros2/install/indy_interfaces/local/lib/python3.10/dist-packages/indy_interfaces/indy_interfaces_s__rosidl_typesupport_introspection_c.cpython-310-x86_64-linux-gnu.so\n'}
[0.440774] (indy_interfaces) StdoutLine: {'line': b'-- Up-to-date: /root/common/indy-ros2/install/indy_interfaces/local/lib/python3.10/dist-packages/indy_interfaces/indy_interfaces_s__rosidl_typesupport_c.cpython-310-x86_64-linux-gnu.so\n'}
[0.441024] (indy_interfaces) StdoutLine: {'line': b'-- Up-to-date: /root/common/indy-ros2/install/indy_interfaces/lib/libindy_interfaces__rosidl_generator_py.so\n'}
[0.441211] (indy_interfaces) StdoutLine: {'line': b'-- Up-to-date: /root/common/indy-ros2/install/indy_interfaces/share/indy_interfaces/srv/IndyService.idl\n'}
[0.441316] (indy_interfaces) StdoutLine: {'line': b'-- Up-to-date: /root/common/indy-ros2/install/indy_interfaces/share/indy_interfaces/msg/ServoTx.idl\n'}
[0.441456] (indy_interfaces) StdoutLine: {'line': b'-- Up-to-date: /root/common/indy-ros2/install/indy_interfaces/share/indy_interfaces/msg/ServoRx.idl\n'}
[0.441545] (indy_interfaces) StdoutLine: {'line': b'-- Up-to-date: /root/common/indy-ros2/install/indy_interfaces/share/indy_interfaces/msg/ServoDataArray.idl\n'}
[0.441631] (indy_interfaces) StdoutLine: {'line': b'-- Up-to-date: /root/common/indy-ros2/install/indy_interfaces/share/indy_interfaces/srv/IndyService.srv\n'}
[0.441717] (indy_interfaces) StdoutLine: {'line': b'-- Up-to-date: /root/common/indy-ros2/install/indy_interfaces/share/indy_interfaces/srv/IndyService_Request.msg\n'}
[0.441801] (indy_interfaces) StdoutLine: {'line': b'-- Up-to-date: /root/common/indy-ros2/install/indy_interfaces/share/indy_interfaces/srv/IndyService_Response.msg\n'}
[0.441890] (indy_interfaces) StdoutLine: {'line': b'-- Up-to-date: /root/common/indy-ros2/install/indy_interfaces/share/indy_interfaces/msg/ServoTx.msg\n'}
[0.441992] (indy_interfaces) StdoutLine: {'line': b'-- Up-to-date: /root/common/indy-ros2/install/indy_interfaces/share/indy_interfaces/msg/ServoRx.msg\n'}
[0.442064] (indy_interfaces) StdoutLine: {'line': b'-- Up-to-date: /root/common/indy-ros2/install/indy_interfaces/share/indy_interfaces/msg/ServoDataArray.msg\n'}
[0.442166] (indy_interfaces) StdoutLine: {'line': b'-- Up-to-date: /root/common/indy-ros2/install/indy_interfaces/share/ament_index/resource_index/package_run_dependencies/indy_interfaces\n'}
[0.442215] (indy_interfaces) StdoutLine: {'line': b'-- Up-to-date: /root/common/indy-ros2/install/indy_interfaces/share/ament_index/resource_index/parent_prefix_path/indy_interfaces\n'}
[0.442284] (indy_interfaces) StdoutLine: {'line': b'-- Up-to-date: /root/common/indy-ros2/install/indy_interfaces/share/indy_interfaces/environment/ament_prefix_path.sh\n'}
[0.442334] (indy_interfaces) StdoutLine: {'line': b'-- Up-to-date: /root/common/indy-ros2/install/indy_interfaces/share/indy_interfaces/environment/ament_prefix_path.dsv\n'}
[0.442422] (indy_interfaces) StdoutLine: {'line': b'-- Up-to-date: /root/common/indy-ros2/install/indy_interfaces/share/indy_interfaces/environment/path.sh\n'}
[0.442509] (indy_interfaces) StdoutLine: {'line': b'-- Up-to-date: /root/common/indy-ros2/install/indy_interfaces/share/indy_interfaces/environment/path.dsv\n'}
[0.442594] (indy_interfaces) StdoutLine: {'line': b'-- Up-to-date: /root/common/indy-ros2/install/indy_interfaces/share/indy_interfaces/local_setup.bash\n'}
[0.442741] (indy_interfaces) StdoutLine: {'line': b'-- Up-to-date: /root/common/indy-ros2/install/indy_interfaces/share/indy_interfaces/local_setup.sh\n'}
[0.442811] (indy_interfaces) StdoutLine: {'line': b'-- Up-to-date: /root/common/indy-ros2/install/indy_interfaces/share/indy_interfaces/local_setup.zsh\n'}
[0.442898] (indy_interfaces) StdoutLine: {'line': b'-- Up-to-date: /root/common/indy-ros2/install/indy_interfaces/share/indy_interfaces/local_setup.dsv\n'}
[0.442984] (indy_interfaces) StdoutLine: {'line': b'-- Installing: /root/common/indy-ros2/install/indy_interfaces/share/indy_interfaces/package.dsv\n'}
[0.443075] (indy_interfaces) StdoutLine: {'line': b'-- Up-to-date: /root/common/indy-ros2/install/indy_interfaces/share/ament_index/resource_index/packages/indy_interfaces\n'}
[0.443187] (indy_interfaces) StdoutLine: {'line': b'-- Up-to-date: /root/common/indy-ros2/install/indy_interfaces/share/indy_interfaces/cmake/export_indy_interfaces__rosidl_generator_cExport.cmake\n'}
[0.443286] (indy_interfaces) StdoutLine: {'line': b'-- Up-to-date: /root/common/indy-ros2/install/indy_interfaces/share/indy_interfaces/cmake/export_indy_interfaces__rosidl_generator_cExport-noconfig.cmake\n'}
[0.443399] (indy_interfaces) StdoutLine: {'line': b'-- Up-to-date: /root/common/indy-ros2/install/indy_interfaces/share/indy_interfaces/cmake/export_indy_interfaces__rosidl_typesupport_fastrtps_cExport.cmake\n'}
[0.443467] (indy_interfaces) StdoutLine: {'line': b'-- Up-to-date: /root/common/indy-ros2/install/indy_interfaces/share/indy_interfaces/cmake/export_indy_interfaces__rosidl_typesupport_fastrtps_cExport-noconfig.cmake\n'}
[0.443518] (indy_interfaces) StdoutLine: {'line': b'-- Up-to-date: /root/common/indy-ros2/install/indy_interfaces/share/indy_interfaces/cmake/indy_interfaces__rosidl_typesupport_introspection_cExport.cmake\n'}
[0.443568] (indy_interfaces) StdoutLine: {'line': b'-- Up-to-date: /root/common/indy-ros2/install/indy_interfaces/share/indy_interfaces/cmake/indy_interfaces__rosidl_typesupport_introspection_cExport-noconfig.cmake\n'}
[0.443618] (indy_interfaces) StdoutLine: {'line': b'-- Up-to-date: /root/common/indy-ros2/install/indy_interfaces/share/indy_interfaces/cmake/indy_interfaces__rosidl_typesupport_cExport.cmake\n'}
[0.443667] (indy_interfaces) StdoutLine: {'line': b'-- Up-to-date: /root/common/indy-ros2/install/indy_interfaces/share/indy_interfaces/cmake/indy_interfaces__rosidl_typesupport_cExport-noconfig.cmake\n'}
[0.443716] (indy_interfaces) StdoutLine: {'line': b'-- Up-to-date: /root/common/indy-ros2/install/indy_interfaces/share/indy_interfaces/cmake/export_indy_interfaces__rosidl_generator_cppExport.cmake\n'}
[0.443765] (indy_interfaces) StdoutLine: {'line': b'-- Up-to-date: /root/common/indy-ros2/install/indy_interfaces/share/indy_interfaces/cmake/export_indy_interfaces__rosidl_typesupport_fastrtps_cppExport.cmake\n'}
[0.443814] (indy_interfaces) StdoutLine: {'line': b'-- Up-to-date: /root/common/indy-ros2/install/indy_interfaces/share/indy_interfaces/cmake/export_indy_interfaces__rosidl_typesupport_fastrtps_cppExport-noconfig.cmake\n'}
[0.443862] (indy_interfaces) StdoutLine: {'line': b'-- Up-to-date: /root/common/indy-ros2/install/indy_interfaces/share/indy_interfaces/cmake/indy_interfaces__rosidl_typesupport_introspection_cppExport.cmake\n'}
[0.443911] (indy_interfaces) StdoutLine: {'line': b'-- Up-to-date: /root/common/indy-ros2/install/indy_interfaces/share/indy_interfaces/cmake/indy_interfaces__rosidl_typesupport_introspection_cppExport-noconfig.cmake\n'}
[0.443966] (indy_interfaces) StdoutLine: {'line': b'-- Up-to-date: /root/common/indy-ros2/install/indy_interfaces/share/indy_interfaces/cmake/indy_interfaces__rosidl_typesupport_cppExport.cmake\n'}
[0.444014] (indy_interfaces) StdoutLine: {'line': b'-- Up-to-date: /root/common/indy-ros2/install/indy_interfaces/share/indy_interfaces/cmake/indy_interfaces__rosidl_typesupport_cppExport-noconfig.cmake\n'}
[0.444062] (indy_interfaces) StdoutLine: {'line': b'-- Up-to-date: /root/common/indy-ros2/install/indy_interfaces/share/indy_interfaces/cmake/export_indy_interfaces__rosidl_generator_pyExport.cmake\n'}
[0.444131] (indy_interfaces) StdoutLine: {'line': b'-- Up-to-date: /root/common/indy-ros2/install/indy_interfaces/share/indy_interfaces/cmake/export_indy_interfaces__rosidl_generator_pyExport-noconfig.cmake\n'}
[0.444266] (indy_interfaces) StdoutLine: {'line': b'-- Up-to-date: /root/common/indy-ros2/install/indy_interfaces/share/indy_interfaces/cmake/rosidl_cmake-extras.cmake\n'}
[0.444469] (indy_interfaces) StdoutLine: {'line': b'-- Up-to-date: /root/common/indy-ros2/install/indy_interfaces/share/indy_interfaces/cmake/ament_cmake_export_include_directories-extras.cmake\n'}
[0.444606] (indy_interfaces) StdoutLine: {'line': b'-- Up-to-date: /root/common/indy-ros2/install/indy_interfaces/share/indy_interfaces/cmake/ament_cmake_export_libraries-extras.cmake\n'}
[0.444717] (indy_interfaces) StdoutLine: {'line': b'-- Up-to-date: /root/common/indy-ros2/install/indy_interfaces/share/indy_interfaces/cmake/ament_cmake_export_targets-extras.cmake\n'}
[0.445440] (indy_interfaces) StdoutLine: {'line': b'-- Up-to-date: /root/common/indy-ros2/install/indy_interfaces/share/indy_interfaces/cmake/rosidl_cmake_export_typesupport_targets-extras.cmake\n'}
[0.445656] (indy_interfaces) StdoutLine: {'line': b'-- Up-to-date: /root/common/indy-ros2/install/indy_interfaces/share/indy_interfaces/cmake/ament_cmake_export_dependencies-extras.cmake\n'}
[0.445756] (indy_interfaces) StdoutLine: {'line': b'-- Up-to-date: /root/common/indy-ros2/install/indy_interfaces/share/indy_interfaces/cmake/rosidl_cmake_export_typesupport_libraries-extras.cmake\n'}
[0.445847] (indy_interfaces) StdoutLine: {'line': b'-- Up-to-date: /root/common/indy-ros2/install/indy_interfaces/share/indy_interfaces/cmake/indy_interfacesConfig.cmake\n'}
[0.445923] (indy_interfaces) StdoutLine: {'line': b'-- Up-to-date: /root/common/indy-ros2/install/indy_interfaces/share/indy_interfaces/cmake/indy_interfacesConfig-version.cmake\n'}
[0.446035] (indy_interfaces) StdoutLine: {'line': b'-- Up-to-date: /root/common/indy-ros2/install/indy_interfaces/share/indy_interfaces/package.xml\n'}
[0.446142] (indy_interfaces) CommandEnded: {'returncode': 0}
[0.453316] (indy_driver) StdoutLine: {'line': b"Listing '/root/common/indy-ros2/install/indy_driver/local/lib/python3.10/dist-packages/indy_driver'...\n"}
[0.457080] (indy_driver) StdoutLine: {'line': b'-- Up-to-date: /root/common/indy-ros2/install/indy_driver/share/ament_index/resource_index/package_run_dependencies/indy_driver\n'}
[0.457509] (indy_driver) StdoutLine: {'line': b'-- Up-to-date: /root/common/indy-ros2/install/indy_driver/share/ament_index/resource_index/parent_prefix_path/indy_driver\n'}
[0.457759] (indy_driver) StdoutLine: {'line': b'-- Up-to-date: /root/common/indy-ros2/install/indy_driver/share/indy_driver/environment/ament_prefix_path.sh\n'}
[0.457822] (indy_driver) StdoutLine: {'line': b'-- Up-to-date: /root/common/indy-ros2/install/indy_driver/share/indy_driver/environment/ament_prefix_path.dsv\n'}
[0.457877] (indy_driver) StdoutLine: {'line': b'-- Up-to-date: /root/common/indy-ros2/install/indy_driver/share/indy_driver/environment/path.sh\n'}
[0.457929] (indy_driver) StdoutLine: {'line': b'-- Up-to-date: /root/common/indy-ros2/install/indy_driver/share/indy_driver/environment/path.dsv\n'}
[0.457980] (indy_driver) StdoutLine: {'line': b'-- Up-to-date: /root/common/indy-ros2/install/indy_driver/share/indy_driver/local_setup.bash\n'}
[0.458031] (indy_driver) StdoutLine: {'line': b'-- Up-to-date: /root/common/indy-ros2/install/indy_driver/share/indy_driver/local_setup.sh\n'}
[0.458195] (indy_driver) StdoutLine: {'line': b'-- Up-to-date: /root/common/indy-ros2/install/indy_driver/share/indy_driver/local_setup.zsh\n'}
[0.458398] (indy_driver) StdoutLine: {'line': b'-- Up-to-date: /root/common/indy-ros2/install/indy_driver/share/indy_driver/local_setup.dsv\n'}
[0.458795] (indy_driver) StdoutLine: {'line': b'-- Installing: /root/common/indy-ros2/install/indy_driver/share/indy_driver/package.dsv\n'}
[0.459327] (indy_driver) StdoutLine: {'line': b'-- Up-to-date: /root/common/indy-ros2/install/indy_driver/share/ament_index/resource_index/packages/indy_driver\n'}
[0.459414] (indy_driver) StdoutLine: {'line': b'-- Up-to-date: /root/common/indy-ros2/install/indy_driver/share/indy_driver/cmake/indy_driverConfig.cmake\n'}
[0.459521] (indy_driver) StdoutLine: {'line': b'-- Up-to-date: /root/common/indy-ros2/install/indy_driver/share/indy_driver/cmake/indy_driverConfig-version.cmake\n'}
[0.459603] (indy_driver) StdoutLine: {'line': b'-- Up-to-date: /root/common/indy-ros2/install/indy_driver/share/indy_driver/package.xml\n'}
[0.459715] (indy_driver) CommandEnded: {'returncode': 0}
[0.464246] (indy_moveit) StdoutLine: {'line': b"Listing '/root/common/indy-ros2/install/indy_moveit/local/lib/python3.10/dist-packages/indy_moveit'...\n"}
[0.468213] (indy_moveit) StdoutLine: {'line': b'-- Up-to-date: /root/common/indy-ros2/install/indy_moveit/local/lib/python3.10/dist-packages/launch_common.py\n'}
[0.483171] (indy_driver) JobEnded: {'identifier': 'indy_driver', 'rc': 0}
[0.495891] (indy_moveit) StdoutLine: {'line': b'-- Up-to-date: /root/common/indy-ros2/install/indy_moveit/share/ament_index/resource_index/package_run_dependencies/indy_moveit\n'}
[0.496206] (indy_moveit) StdoutLine: {'line': b'-- Up-to-date: /root/common/indy-ros2/install/indy_moveit/share/ament_index/resource_index/parent_prefix_path/indy_moveit\n'}
[0.496516] (indy_moveit) StdoutLine: {'line': b'-- Up-to-date: /root/common/indy-ros2/install/indy_moveit/share/indy_moveit/environment/ament_prefix_path.sh\n'}
[0.496656] (indy_moveit) StdoutLine: {'line': b'-- Up-to-date: /root/common/indy-ros2/install/indy_moveit/share/indy_moveit/environment/ament_prefix_path.dsv\n'}
[0.496713] (indy_moveit) StdoutLine: {'line': b'-- Up-to-date: /root/common/indy-ros2/install/indy_moveit/share/indy_moveit/environment/path.sh\n'}
[0.496785] (indy_moveit) StdoutLine: {'line': b'-- Up-to-date: /root/common/indy-ros2/install/indy_moveit/share/indy_moveit/environment/path.dsv\n'}
[0.496896] (indy_moveit) StdoutLine: {'line': b'-- Up-to-date: /root/common/indy-ros2/install/indy_moveit/share/indy_moveit/local_setup.bash\n'}
[0.496947] (indy_moveit) StdoutLine: {'line': b'-- Up-to-date: /root/common/indy-ros2/install/indy_moveit/share/indy_moveit/local_setup.sh\n'}
[0.496999] (indy_moveit) StdoutLine: {'line': b'-- Up-to-date: /root/common/indy-ros2/install/indy_moveit/share/indy_moveit/local_setup.zsh\n'}
[0.497094] (indy_moveit) StdoutLine: {'line': b'-- Up-to-date: /root/common/indy-ros2/install/indy_moveit/share/indy_moveit/local_setup.dsv\n'}
[0.497148] (indy_moveit) StdoutLine: {'line': b'-- Installing: /root/common/indy-ros2/install/indy_moveit/share/indy_moveit/package.dsv\n'}
[0.497201] (indy_moveit) StdoutLine: {'line': b'-- Up-to-date: /root/common/indy-ros2/install/indy_moveit/share/ament_index/resource_index/packages/indy_moveit\n'}
[0.497253] (indy_moveit) StdoutLine: {'line': b'-- Up-to-date: /root/common/indy-ros2/install/indy_moveit/share/indy_moveit/cmake/indy_moveitConfig.cmake\n'}
[0.497491] (indy_moveit) StdoutLine: {'line': b'-- Up-to-date: /root/common/indy-ros2/install/indy_moveit/share/indy_moveit/cmake/indy_moveitConfig-version.cmake\n'}
[0.497804] (indy_moveit) StdoutLine: {'line': b'-- Up-to-date: /root/common/indy-ros2/install/indy_moveit/share/indy_moveit/package.xml\n'}
[0.498460] (indy_moveit) CommandEnded: {'returncode': 0}
[0.500233] (-) TimerEvent: {}
[0.521382] (indy_moveit) JobEnded: {'identifier': 'indy_moveit', 'rc': 0}
[0.539420] (indy_interfaces) JobEnded: {'identifier': 'indy_interfaces', 'rc': 0}
[0.539901] (-) EventReactorShutdown: {}
