[0.000000] (-) TimerEvent: {}
[0.000155] (indy_description) JobQueued: {'identifier': 'indy_description', 'dependencies': OrderedDict()}
[0.000212] (indy_interfaces) JobQueued: {'identifier': 'indy_interfaces', 'dependencies': OrderedDict()}
[0.000435] (indy_driver) JobQueued: {'identifier': 'indy_driver', 'dependencies': OrderedDict([('indy_description', '/root/common/indy-ros2/install/indy_description')])}
[0.000544] (indy_gazebo) JobQueued: {'identifier': 'indy_gazebo', 'dependencies': OrderedDict([('indy_description', '/root/common/indy-ros2/install/indy_description')])}
[0.000588] (indy_moveit) JobQueued: {'identifier': 'indy_moveit', 'dependencies': OrderedDict([('indy_description', '/root/common/indy-ros2/install/indy_description')])}
[0.000633] (indy_description) JobStarted: {'identifier': 'indy_description'}
[0.016971] (indy_interfaces) JobStarted: {'identifier': 'indy_interfaces'}
[0.021087] (indy_description) JobProgress: {'identifier': 'indy_description', 'progress': 'cmake'}
[0.022166] (indy_description) JobProgress: {'identifier': 'indy_description', 'progress': 'build'}
[0.022197] (indy_description) Command: {'cmd': ['/usr/bin/cmake', '--build', '/root/common/indy-ros2/build/indy_description', '--', '-j12', '-l12'], 'cwd': '/root/common/indy-ros2/build/indy_description', 'env': OrderedDict([('NV_LIBCUBLAS_VERSION', '11.11.3.6-1'), ('NV_CUDA_COMPAT_PACKAGE', 'cuda-compat-11-8'), ('HOSTNAME', 'idim'), ('SHLVL', '1'), ('LD_LIBRARY_PATH', '/opt/ros/humble/lib'), ('NV_LIBNCCL_PACKAGE_VERSION', '2.15.5-1'), ('AMENT_CPPCHECK_ALLOW_SLOW_VERSIONS', '1'), ('HOME', '/root'), ('OLDPWD', '/root/common'), ('ROS_PYTHON_VERSION', '3'), ('PS1', '\\[\x1b[0;33m\\]idim \\W $ \\[\x1b[0m\\]'), ('NV_LIBNPP_PACKAGE', 'libnpp-11-8=11.8.0.86-1'), ('CUDA_VERSION', '11.8.0'), ('COLCON_PREFIX_PATH', '/opt/ros/humble'), ('ROS_DISTRO', 'humble'), ('NV_LIBCUBLAS_PACKAGE_NAME', 'libcublas-11-8'), ('NVIDIA_REQUIRE_CUDA', 'cuda>=11.8 brand=tesla,driver>=470,driver<471 brand=unknown,driver>=470,driver<471 brand=nvidia,driver>=470,driver<471 brand=nvidiartx,driver>=470,driver<471 brand=geforce,driver>=470,driver<471 brand=geforcertx,driver>=470,driver<471 brand=quadro,driver>=470,driver<471 brand=quadrortx,driver>=470,driver<471 brand=titan,driver>=470,driver<471 brand=titanrtx,driver>=470,driver<471'), ('_', '/usr/bin/colcon'), ('ROS_VERSION', '2'), ('NV_LIBCUSPARSE_VERSION', '11.7.5.86-1'), ('NVIDIA_DRIVER_CAPABILITIES', 'graphics,utility,compute'), ('NV_CUDA_LIB_VERSION', '11.8.0-1'), ('NV_LIBNCCL_PACKAGE_NAME', 'libnccl2'), ('TERM', 'xterm'), ('NV_CUDA_CUDART_VERSION', '11.8.89-1'), ('QT_X11_NO_MITSHM', '1'), ('PATH', '/opt/ros/humble/bin:/usr/local/nvidia/bin:/usr/local/cuda/bin:/usr/local/sbin:/usr/local/bin:/usr/sbin:/usr/bin:/sbin:/bin'), ('NV_LIBCUBLAS_PACKAGE', 'libcublas-11-8=11.11.3.6-1'), ('NVARCH', 'x86_64'), ('DISPLAY', ':1'), ('NV_LIBNCCL_PACKAGE', 'libnccl2=2.15.5-1+cuda11.8'), ('NVIDIA_PRODUCT_NAME', 'CUDA'), ('LANG', 'en_US.UTF-8'), ('XAUTHORITY', '/tmp/.docker.xauth'), ('LS_COLORS', 'rs=0:di=01;34:ln=01;36:mh=00:pi=40;33:so=01;35:do=01;35:bd=40;33;01:cd=40;33;01:or=40;31;01:mi=00:su=37;41:sg=30;43:ca=30;41:tw=30;42:ow=34;42:st=37;44:ex=01;32:*.tar=01;31:*.tgz=01;31:*.arc=01;31:*.arj=01;31:*.taz=01;31:*.lha=01;31:*.lz4=01;31:*.lzh=01;31:*.lzma=01;31:*.tlz=01;31:*.txz=01;31:*.tzo=01;31:*.t7z=01;31:*.zip=01;31:*.z=01;31:*.dz=01;31:*.gz=01;31:*.lrz=01;31:*.lz=01;31:*.lzo=01;31:*.xz=01;31:*.zst=01;31:*.tzst=01;31:*.bz2=01;31:*.bz=01;31:*.tbz=01;31:*.tbz2=01;31:*.tz=01;31:*.deb=01;31:*.rpm=01;31:*.jar=01;31:*.war=01;31:*.ear=01;31:*.sar=01;31:*.rar=01;31:*.alz=01;31:*.ace=01;31:*.zoo=01;31:*.cpio=01;31:*.7z=01;31:*.rz=01;31:*.cab=01;31:*.wim=01;31:*.swm=01;31:*.dwm=01;31:*.esd=01;31:*.jpg=01;35:*.jpeg=01;35:*.mjpg=01;35:*.mjpeg=01;35:*.gif=01;35:*.bmp=01;35:*.pbm=01;35:*.pgm=01;35:*.ppm=01;35:*.tga=01;35:*.xbm=01;35:*.xpm=01;35:*.tif=01;35:*.tiff=01;35:*.png=01;35:*.svg=01;35:*.svgz=01;35:*.mng=01;35:*.pcx=01;35:*.mov=01;35:*.mpg=01;35:*.mpeg=01;35:*.m2v=01;35:*.mkv=01;35:*.webm=01;35:*.webp=01;35:*.ogm=01;35:*.mp4=01;35:*.m4v=01;35:*.mp4v=01;35:*.vob=01;35:*.qt=01;35:*.nuv=01;35:*.wmv=01;35:*.asf=01;35:*.rm=01;35:*.rmvb=01;35:*.flc=01;35:*.avi=01;35:*.fli=01;35:*.flv=01;35:*.gl=01;35:*.dl=01;35:*.xcf=01;35:*.xwd=01;35:*.yuv=01;35:*.cgm=01;35:*.emf=01;35:*.ogv=01;35:*.ogx=01;35:*.aac=00;36:*.au=00;36:*.flac=00;36:*.m4a=00;36:*.mid=00;36:*.midi=00;36:*.mka=00;36:*.mp3=00;36:*.mpc=00;36:*.ogg=00;36:*.ra=00;36:*.wav=00;36:*.oga=00;36:*.opus=00;36:*.spx=00;36:*.xspf=00;36:'), ('AMENT_PREFIX_PATH', '/opt/ros/humble'), ('DEBIAN_FRONTEND', 'noninteractive'), ('LIBUVC_BACKEND', 'libusb'), ('NV_NVTX_VERSION', '11.8.86-1'), ('NV_LIBNPP_VERSION', '11.8.0.86-1'), ('PWD', '/root/common/indy-ros2/build/indy_description'), ('PYTHONPATH', '/opt/ros/humble/local/lib/python3.10/dist-packages:/opt/ros/humble/lib/python3.10/site-packages'), ('NVIDIA_VISIBLE_DEVICES', 'all'), ('NCCL_VERSION', '2.15.5-1'), ('DEBCONF_NOWARNINGS', 'yes'), ('COLCON', '1'), ('CMAKE_PREFIX_PATH', '/opt/ros/humble')]), 'shell': False}
[0.025457] (indy_interfaces) JobProgress: {'identifier': 'indy_interfaces', 'progress': 'cmake'}
[0.026272] (indy_interfaces) JobProgress: {'identifier': 'indy_interfaces', 'progress': 'build'}
[0.027194] (indy_interfaces) Command: {'cmd': ['/usr/bin/cmake', '--build', '/root/common/indy-ros2/build/indy_interfaces', '--', '-j12', '-l12'], 'cwd': '/root/common/indy-ros2/build/indy_interfaces', 'env': OrderedDict([('NV_LIBCUBLAS_VERSION', '11.11.3.6-1'), ('NV_CUDA_COMPAT_PACKAGE', 'cuda-compat-11-8'), ('HOSTNAME', 'idim'), ('SHLVL', '1'), ('LD_LIBRARY_PATH', '/opt/ros/humble/lib'), ('NV_LIBNCCL_PACKAGE_VERSION', '2.15.5-1'), ('AMENT_CPPCHECK_ALLOW_SLOW_VERSIONS', '1'), ('HOME', '/root'), ('OLDPWD', '/root/common'), ('ROS_PYTHON_VERSION', '3'), ('PS1', '\\[\x1b[0;33m\\]idim \\W $ \\[\x1b[0m\\]'), ('NV_LIBNPP_PACKAGE', 'libnpp-11-8=11.8.0.86-1'), ('CUDA_VERSION', '11.8.0'), ('COLCON_PREFIX_PATH', '/opt/ros/humble'), ('ROS_DISTRO', 'humble'), ('NV_LIBCUBLAS_PACKAGE_NAME', 'libcublas-11-8'), ('NVIDIA_REQUIRE_CUDA', 'cuda>=11.8 brand=tesla,driver>=470,driver<471 brand=unknown,driver>=470,driver<471 brand=nvidia,driver>=470,driver<471 brand=nvidiartx,driver>=470,driver<471 brand=geforce,driver>=470,driver<471 brand=geforcertx,driver>=470,driver<471 brand=quadro,driver>=470,driver<471 brand=quadrortx,driver>=470,driver<471 brand=titan,driver>=470,driver<471 brand=titanrtx,driver>=470,driver<471'), ('_', '/usr/bin/colcon'), ('ROS_VERSION', '2'), ('NV_LIBCUSPARSE_VERSION', '11.7.5.86-1'), ('NVIDIA_DRIVER_CAPABILITIES', 'graphics,utility,compute'), ('NV_CUDA_LIB_VERSION', '11.8.0-1'), ('NV_LIBNCCL_PACKAGE_NAME', 'libnccl2'), ('TERM', 'xterm'), ('NV_CUDA_CUDART_VERSION', '11.8.89-1'), ('QT_X11_NO_MITSHM', '1'), ('PATH', '/opt/ros/humble/bin:/usr/local/nvidia/bin:/usr/local/cuda/bin:/usr/local/sbin:/usr/local/bin:/usr/sbin:/usr/bin:/sbin:/bin'), ('NV_LIBCUBLAS_PACKAGE', 'libcublas-11-8=11.11.3.6-1'), ('NVARCH', 'x86_64'), ('DISPLAY', ':1'), ('NV_LIBNCCL_PACKAGE', 'libnccl2=2.15.5-1+cuda11.8'), ('NVIDIA_PRODUCT_NAME', 'CUDA'), ('LANG', 'en_US.UTF-8'), ('XAUTHORITY', '/tmp/.docker.xauth'), ('LS_COLORS', 'rs=0:di=01;34:ln=01;36:mh=00:pi=40;33:so=01;35:do=01;35:bd=40;33;01:cd=40;33;01:or=40;31;01:mi=00:su=37;41:sg=30;43:ca=30;41:tw=30;42:ow=34;42:st=37;44:ex=01;32:*.tar=01;31:*.tgz=01;31:*.arc=01;31:*.arj=01;31:*.taz=01;31:*.lha=01;31:*.lz4=01;31:*.lzh=01;31:*.lzma=01;31:*.tlz=01;31:*.txz=01;31:*.tzo=01;31:*.t7z=01;31:*.zip=01;31:*.z=01;31:*.dz=01;31:*.gz=01;31:*.lrz=01;31:*.lz=01;31:*.lzo=01;31:*.xz=01;31:*.zst=01;31:*.tzst=01;31:*.bz2=01;31:*.bz=01;31:*.tbz=01;31:*.tbz2=01;31:*.tz=01;31:*.deb=01;31:*.rpm=01;31:*.jar=01;31:*.war=01;31:*.ear=01;31:*.sar=01;31:*.rar=01;31:*.alz=01;31:*.ace=01;31:*.zoo=01;31:*.cpio=01;31:*.7z=01;31:*.rz=01;31:*.cab=01;31:*.wim=01;31:*.swm=01;31:*.dwm=01;31:*.esd=01;31:*.jpg=01;35:*.jpeg=01;35:*.mjpg=01;35:*.mjpeg=01;35:*.gif=01;35:*.bmp=01;35:*.pbm=01;35:*.pgm=01;35:*.ppm=01;35:*.tga=01;35:*.xbm=01;35:*.xpm=01;35:*.tif=01;35:*.tiff=01;35:*.png=01;35:*.svg=01;35:*.svgz=01;35:*.mng=01;35:*.pcx=01;35:*.mov=01;35:*.mpg=01;35:*.mpeg=01;35:*.m2v=01;35:*.mkv=01;35:*.webm=01;35:*.webp=01;35:*.ogm=01;35:*.mp4=01;35:*.m4v=01;35:*.mp4v=01;35:*.vob=01;35:*.qt=01;35:*.nuv=01;35:*.wmv=01;35:*.asf=01;35:*.rm=01;35:*.rmvb=01;35:*.flc=01;35:*.avi=01;35:*.fli=01;35:*.flv=01;35:*.gl=01;35:*.dl=01;35:*.xcf=01;35:*.xwd=01;35:*.yuv=01;35:*.cgm=01;35:*.emf=01;35:*.ogv=01;35:*.ogx=01;35:*.aac=00;36:*.au=00;36:*.flac=00;36:*.m4a=00;36:*.mid=00;36:*.midi=00;36:*.mka=00;36:*.mp3=00;36:*.mpc=00;36:*.ogg=00;36:*.ra=00;36:*.wav=00;36:*.oga=00;36:*.opus=00;36:*.spx=00;36:*.xspf=00;36:'), ('AMENT_PREFIX_PATH', '/opt/ros/humble'), ('DEBIAN_FRONTEND', 'noninteractive'), ('LIBUVC_BACKEND', 'libusb'), ('NV_NVTX_VERSION', '11.8.86-1'), ('NV_LIBNPP_VERSION', '11.8.0.86-1'), ('PWD', '/root/common/indy-ros2/build/indy_interfaces'), ('PYTHONPATH', '/opt/ros/humble/local/lib/python3.10/dist-packages:/opt/ros/humble/lib/python3.10/site-packages'), ('NVIDIA_VISIBLE_DEVICES', 'all'), ('NCCL_VERSION', '2.15.5-1'), ('DEBCONF_NOWARNINGS', 'yes'), ('COLCON', '1'), ('CMAKE_PREFIX_PATH', '/opt/ros/humble')]), 'shell': False}
[0.066899] (indy_description) CommandEnded: {'returncode': 0}
[0.072923] (indy_interfaces) StdoutLine: {'line': b'[  1%] Built target indy_interfaces__cpp\n'}
[0.075164] (indy_interfaces) StdoutLine: {'line': b'[ 12%] Built target indy_interfaces__rosidl_generator_c\n'}
[0.080495] (indy_interfaces) StdoutLine: {'line': b'[ 12%] Built target ament_cmake_python_copy_indy_interfaces\n'}
[0.081823] (indy_description) JobProgress: {'identifier': 'indy_description', 'progress': 'install'}
[0.085396] (indy_description) Command: {'cmd': ['/usr/bin/cmake', '--install', '/root/common/indy-ros2/build/indy_description'], 'cwd': '/root/common/indy-ros2/build/indy_description', 'env': OrderedDict([('NV_LIBCUBLAS_VERSION', '11.11.3.6-1'), ('NV_CUDA_COMPAT_PACKAGE', 'cuda-compat-11-8'), ('HOSTNAME', 'idim'), ('SHLVL', '1'), ('LD_LIBRARY_PATH', '/opt/ros/humble/lib'), ('NV_LIBNCCL_PACKAGE_VERSION', '2.15.5-1'), ('AMENT_CPPCHECK_ALLOW_SLOW_VERSIONS', '1'), ('HOME', '/root'), ('OLDPWD', '/root/common'), ('ROS_PYTHON_VERSION', '3'), ('PS1', '\\[\x1b[0;33m\\]idim \\W $ \\[\x1b[0m\\]'), ('NV_LIBNPP_PACKAGE', 'libnpp-11-8=11.8.0.86-1'), ('CUDA_VERSION', '11.8.0'), ('COLCON_PREFIX_PATH', '/opt/ros/humble'), ('ROS_DISTRO', 'humble'), ('NV_LIBCUBLAS_PACKAGE_NAME', 'libcublas-11-8'), ('NVIDIA_REQUIRE_CUDA', 'cuda>=11.8 brand=tesla,driver>=470,driver<471 brand=unknown,driver>=470,driver<471 brand=nvidia,driver>=470,driver<471 brand=nvidiartx,driver>=470,driver<471 brand=geforce,driver>=470,driver<471 brand=geforcertx,driver>=470,driver<471 brand=quadro,driver>=470,driver<471 brand=quadrortx,driver>=470,driver<471 brand=titan,driver>=470,driver<471 brand=titanrtx,driver>=470,driver<471'), ('_', '/usr/bin/colcon'), ('ROS_VERSION', '2'), ('NV_LIBCUSPARSE_VERSION', '11.7.5.86-1'), ('NVIDIA_DRIVER_CAPABILITIES', 'graphics,utility,compute'), ('NV_CUDA_LIB_VERSION', '11.8.0-1'), ('NV_LIBNCCL_PACKAGE_NAME', 'libnccl2'), ('TERM', 'xterm'), ('NV_CUDA_CUDART_VERSION', '11.8.89-1'), ('QT_X11_NO_MITSHM', '1'), ('PATH', '/opt/ros/humble/bin:/usr/local/nvidia/bin:/usr/local/cuda/bin:/usr/local/sbin:/usr/local/bin:/usr/sbin:/usr/bin:/sbin:/bin'), ('NV_LIBCUBLAS_PACKAGE', 'libcublas-11-8=11.11.3.6-1'), ('NVARCH', 'x86_64'), ('DISPLAY', ':1'), ('NV_LIBNCCL_PACKAGE', 'libnccl2=2.15.5-1+cuda11.8'), ('NVIDIA_PRODUCT_NAME', 'CUDA'), ('LANG', 'en_US.UTF-8'), ('XAUTHORITY', '/tmp/.docker.xauth'), ('LS_COLORS', 'rs=0:di=01;34:ln=01;36:mh=00:pi=40;33:so=01;35:do=01;35:bd=40;33;01:cd=40;33;01:or=40;31;01:mi=00:su=37;41:sg=30;43:ca=30;41:tw=30;42:ow=34;42:st=37;44:ex=01;32:*.tar=01;31:*.tgz=01;31:*.arc=01;31:*.arj=01;31:*.taz=01;31:*.lha=01;31:*.lz4=01;31:*.lzh=01;31:*.lzma=01;31:*.tlz=01;31:*.txz=01;31:*.tzo=01;31:*.t7z=01;31:*.zip=01;31:*.z=01;31:*.dz=01;31:*.gz=01;31:*.lrz=01;31:*.lz=01;31:*.lzo=01;31:*.xz=01;31:*.zst=01;31:*.tzst=01;31:*.bz2=01;31:*.bz=01;31:*.tbz=01;31:*.tbz2=01;31:*.tz=01;31:*.deb=01;31:*.rpm=01;31:*.jar=01;31:*.war=01;31:*.ear=01;31:*.sar=01;31:*.rar=01;31:*.alz=01;31:*.ace=01;31:*.zoo=01;31:*.cpio=01;31:*.7z=01;31:*.rz=01;31:*.cab=01;31:*.wim=01;31:*.swm=01;31:*.dwm=01;31:*.esd=01;31:*.jpg=01;35:*.jpeg=01;35:*.mjpg=01;35:*.mjpeg=01;35:*.gif=01;35:*.bmp=01;35:*.pbm=01;35:*.pgm=01;35:*.ppm=01;35:*.tga=01;35:*.xbm=01;35:*.xpm=01;35:*.tif=01;35:*.tiff=01;35:*.png=01;35:*.svg=01;35:*.svgz=01;35:*.mng=01;35:*.pcx=01;35:*.mov=01;35:*.mpg=01;35:*.mpeg=01;35:*.m2v=01;35:*.mkv=01;35:*.webm=01;35:*.webp=01;35:*.ogm=01;35:*.mp4=01;35:*.m4v=01;35:*.mp4v=01;35:*.vob=01;35:*.qt=01;35:*.nuv=01;35:*.wmv=01;35:*.asf=01;35:*.rm=01;35:*.rmvb=01;35:*.flc=01;35:*.avi=01;35:*.fli=01;35:*.flv=01;35:*.gl=01;35:*.dl=01;35:*.xcf=01;35:*.xwd=01;35:*.yuv=01;35:*.cgm=01;35:*.emf=01;35:*.ogv=01;35:*.ogx=01;35:*.aac=00;36:*.au=00;36:*.flac=00;36:*.m4a=00;36:*.mid=00;36:*.midi=00;36:*.mka=00;36:*.mp3=00;36:*.mpc=00;36:*.ogg=00;36:*.ra=00;36:*.wav=00;36:*.oga=00;36:*.opus=00;36:*.spx=00;36:*.xspf=00;36:'), ('AMENT_PREFIX_PATH', '/opt/ros/humble'), ('DEBIAN_FRONTEND', 'noninteractive'), ('LIBUVC_BACKEND', 'libusb'), ('NV_NVTX_VERSION', '11.8.86-1'), ('NV_LIBNPP_VERSION', '11.8.0.86-1'), ('PWD', '/root/common/indy-ros2/build/indy_description'), ('PYTHONPATH', '/opt/ros/humble/local/lib/python3.10/dist-packages:/opt/ros/humble/lib/python3.10/site-packages'), ('NVIDIA_VISIBLE_DEVICES', 'all'), ('NCCL_VERSION', '2.15.5-1'), ('DEBCONF_NOWARNINGS', 'yes'), ('COLCON', '1'), ('CMAKE_PREFIX_PATH', '/opt/ros/humble')]), 'shell': False}
[0.088960] (indy_description) StdoutLine: {'line': b'-- Install configuration: ""\n'}
[0.089444] (indy_interfaces) StdoutLine: {'line': b'[ 23%] Built target indy_interfaces__rosidl_typesupport_introspection_c\n'}
[0.089649] (indy_description) StdoutLine: {'line': b'-- Up-to-date: /root/common/indy-ros2/install/indy_description/share/indy_description//launch\n'}
[0.089849] (indy_description) StdoutLine: {'line': b'-- Up-to-date: /root/common/indy-ros2/install/indy_description/share/indy_description//launch/indy_display.launch.py\n'}
[0.090046] (indy_interfaces) StdoutLine: {'line': b'[ 34%] Built target indy_interfaces__rosidl_typesupport_introspection_cpp\n'}
[0.090342] (indy_description) StdoutLine: {'line': b'-- Up-to-date: /root/common/indy-ros2/install/indy_description/share/indy_description//meshes\n'}
[0.090588] (indy_description) StdoutLine: {'line': b'-- Up-to-date: /root/common/indy-ros2/install/indy_description/share/indy_description//meshes/indy12\n'}
[0.090771] (indy_description) StdoutLine: {'line': b'-- Up-to-date: /root/common/indy-ros2/install/indy_description/share/indy_description//meshes/indy12/collision\n'}
[0.090925] (indy_description) StdoutLine: {'line': b'-- Up-to-date: /root/common/indy-ros2/install/indy_description/share/indy_description//meshes/indy12/collision/Indy12_3.stl\n'}
[0.091109] (indy_description) StdoutLine: {'line': b'-- Up-to-date: /root/common/indy-ros2/install/indy_description/share/indy_description//meshes/indy12/collision/Indy12_1.stl\n'}
[0.091274] (indy_description) StdoutLine: {'line': b'-- Up-to-date: /root/common/indy-ros2/install/indy_description/share/indy_description//meshes/indy12/collision/Indy12_0.stl\n'}
[0.091458] (indy_description) StdoutLine: {'line': b'-- Up-to-date: /root/common/indy-ros2/install/indy_description/share/indy_description//meshes/indy12/collision/Indy12_4.stl\n'}
[0.091620] (indy_description) StdoutLine: {'line': b'-- Up-to-date: /root/common/indy-ros2/install/indy_description/share/indy_description//meshes/indy12/collision/Indy12_6.stl\n'}
[0.091813] (indy_description) StdoutLine: {'line': b'-- Up-to-date: /root/common/indy-ros2/install/indy_description/share/indy_description//meshes/indy12/collision/Indy12_2.stl\n'}
[0.092194] (indy_description) StdoutLine: {'line': b'-- Up-to-date: /root/common/indy-ros2/install/indy_description/share/indy_description//meshes/indy12/collision/Indy12_5.stl\n'}
[0.092359] (indy_description) StdoutLine: {'line': b'-- Up-to-date: /root/common/indy-ros2/install/indy_description/share/indy_description//meshes/indy12/visual\n'}
[0.092544] (indy_description) StdoutLine: {'line': b'-- Up-to-date: /root/common/indy-ros2/install/indy_description/share/indy_description//meshes/indy12/visual/Indy12_3.stl\n'}
[0.092707] (indy_description) StdoutLine: {'line': b'-- Up-to-date: /root/common/indy-ros2/install/indy_description/share/indy_description//meshes/indy12/visual/Indy12_1.stl\n'}
[0.092864] (indy_description) StdoutLine: {'line': b'-- Up-to-date: /root/common/indy-ros2/install/indy_description/share/indy_description//meshes/indy12/visual/Indy12_0.stl\n'}
[0.093087] (indy_description) StdoutLine: {'line': b'-- Up-to-date: /root/common/indy-ros2/install/indy_description/share/indy_description//meshes/indy12/visual/Indy12_4.stl\n'}
[0.093265] (indy_description) StdoutLine: {'line': b'-- Up-to-date: /root/common/indy-ros2/install/indy_description/share/indy_description//meshes/indy12/visual/Indy12_6.stl\n'}
[0.093517] (indy_interfaces) StdoutLine: {'line': b'[ 45%] Built target indy_interfaces__rosidl_typesupport_c\n'}
[0.093693] (indy_description) StdoutLine: {'line': b'-- Up-to-date: /root/common/indy-ros2/install/indy_description/share/indy_description//meshes/indy12/visual/Indy12_2.stl\n'}
[0.093828] (indy_description) StdoutLine: {'line': b'-- Up-to-date: /root/common/indy-ros2/install/indy_description/share/indy_description//meshes/indy12/visual/Indy12_5.stl\n'}
[0.093975] (indy_description) StdoutLine: {'line': b'-- Up-to-date: /root/common/indy-ros2/install/indy_description/share/indy_description//meshes/indyrp2\n'}
[0.094117] (indy_description) StdoutLine: {'line': b'-- Up-to-date: /root/common/indy-ros2/install/indy_description/share/indy_description//meshes/indyrp2/collision\n'}
[0.094249] (indy_description) StdoutLine: {'line': b'-- Up-to-date: /root/common/indy-ros2/install/indy_description/share/indy_description//meshes/indyrp2/collision/IndyRP2_6.stl\n'}
[0.094390] (indy_description) StdoutLine: {'line': b'-- Up-to-date: /root/common/indy-ros2/install/indy_description/share/indy_description//meshes/indyrp2/collision/IndyRP2_3.stl\n'}
[0.094541] (indy_description) StdoutLine: {'line': b'-- Up-to-date: /root/common/indy-ros2/install/indy_description/share/indy_description//meshes/indyrp2/collision/IndyRP2_0.stl\n'}
[0.094711] (indy_description) StdoutLine: {'line': b'-- Up-to-date: /root/common/indy-ros2/install/indy_description/share/indy_description//meshes/indyrp2/collision/IndyRP2_2.stl\n'}
[0.094891] (indy_description) StdoutLine: {'line': b'-- Up-to-date: /root/common/indy-ros2/install/indy_description/share/indy_description//meshes/indyrp2/collision/IndyRP2_1.stl\n'}
[0.095064] (indy_description) StdoutLine: {'line': b'-- Up-to-date: /root/common/indy-ros2/install/indy_description/share/indy_description//meshes/indyrp2/collision/IndyRP2_5.stl\n'}
[0.095244] (indy_description) StdoutLine: {'line': b'-- Up-to-date: /root/common/indy-ros2/install/indy_description/share/indy_description//meshes/indyrp2/collision/IndyRP2_7.stl\n'}
[0.095414] (indy_description) StdoutLine: {'line': b'-- Up-to-date: /root/common/indy-ros2/install/indy_description/share/indy_description//meshes/indyrp2/collision/IndyRP2_eye_7.stl\n'}
[0.095592] (indy_interfaces) StdoutLine: {'line': b'[ 56%] Built target indy_interfaces__rosidl_typesupport_cpp\n'}
[0.095782] (indy_description) StdoutLine: {'line': b'-- Up-to-date: /root/common/indy-ros2/install/indy_description/share/indy_description//meshes/indyrp2/collision/IndyRP2_4.stl\n'}
[0.095957] (indy_description) StdoutLine: {'line': b'-- Up-to-date: /root/common/indy-ros2/install/indy_description/share/indy_description//meshes/indyrp2/visual\n'}
[0.096131] (indy_description) StdoutLine: {'line': b'-- Up-to-date: /root/common/indy-ros2/install/indy_description/share/indy_description//meshes/indyrp2/visual/IndyRP2_6.stl\n'}
[0.096312] (indy_description) StdoutLine: {'line': b'-- Up-to-date: /root/common/indy-ros2/install/indy_description/share/indy_description//meshes/indyrp2/visual/IndyRP2_3.stl\n'}
[0.096496] (indy_description) StdoutLine: {'line': b'-- Up-to-date: /root/common/indy-ros2/install/indy_description/share/indy_description//meshes/indyrp2/visual/IndyRP2_0.stl\n'}
[0.096666] (indy_description) StdoutLine: {'line': b'-- Up-to-date: /root/common/indy-ros2/install/indy_description/share/indy_description//meshes/indyrp2/visual/IndyRP2_2.stl\n'}
[0.096852] (indy_description) StdoutLine: {'line': b'-- Up-to-date: /root/common/indy-ros2/install/indy_description/share/indy_description//meshes/indyrp2/visual/IndyRP2_1.stl\n'}
[0.097050] (indy_description) StdoutLine: {'line': b'-- Up-to-date: /root/common/indy-ros2/install/indy_description/share/indy_description//meshes/indyrp2/visual/IndyRP2_5.stl\n'}
[0.097250] (indy_description) StdoutLine: {'line': b'-- Up-to-date: /root/common/indy-ros2/install/indy_description/share/indy_description//meshes/indyrp2/visual/IndyRP2_7.stl\n'}
[0.097406] (indy_description) StdoutLine: {'line': b'-- Up-to-date: /root/common/indy-ros2/install/indy_description/share/indy_description//meshes/indyrp2/visual/IndyRP2_eye_7.stl\n'}
[0.097600] (indy_description) StdoutLine: {'line': b'-- Up-to-date: /root/common/indy-ros2/install/indy_description/share/indy_description//meshes/indyrp2/visual/IndyRP2_4.stl\n'}
[0.097702] (indy_description) StdoutLine: {'line': b'-- Up-to-date: /root/common/indy-ros2/install/indy_description/share/indy_description//meshes/opti5\n'}
[0.097819] (indy_description) StdoutLine: {'line': b'-- Up-to-date: /root/common/indy-ros2/install/indy_description/share/indy_description//meshes/opti5/collision\n'}
[0.097966] (indy_description) StdoutLine: {'line': b'-- Up-to-date: /root/common/indy-ros2/install/indy_description/share/indy_description//meshes/opti5/collision/Opti5_5.stl\n'}
[0.098102] (indy_description) StdoutLine: {'line': b'-- Up-to-date: /root/common/indy-ros2/install/indy_description/share/indy_description//meshes/opti5/collision/Opti5_6.stl\n'}
[0.098190] (indy_description) StdoutLine: {'line': b'-- Up-to-date: /root/common/indy-ros2/install/indy_description/share/indy_description//meshes/opti5/collision/Opti5_2.stl\n'}
[0.098316] (indy_description) StdoutLine: {'line': b'-- Up-to-date: /root/common/indy-ros2/install/indy_description/share/indy_description//meshes/opti5/collision/Opti5_3.stl\n'}
[0.098419] (indy_description) StdoutLine: {'line': b'-- Up-to-date: /root/common/indy-ros2/install/indy_description/share/indy_description//meshes/opti5/collision/Opti5_4.stl\n'}
[0.098512] (indy_description) StdoutLine: {'line': b'-- Up-to-date: /root/common/indy-ros2/install/indy_description/share/indy_description//meshes/opti5/collision/Opti5_0.stl\n'}
[0.098599] (indy_description) StdoutLine: {'line': b'-- Up-to-date: /root/common/indy-ros2/install/indy_description/share/indy_description//meshes/opti5/collision/Opti5_1.stl\n'}
[0.098685] (indy_description) StdoutLine: {'line': b'-- Up-to-date: /root/common/indy-ros2/install/indy_description/share/indy_description//meshes/opti5/visual\n'}
[0.098772] (indy_description) StdoutLine: {'line': b'-- Up-to-date: /root/common/indy-ros2/install/indy_description/share/indy_description//meshes/opti5/visual/Opti5_5.stl\n'}
[0.098919] (indy_description) StdoutLine: {'line': b'-- Up-to-date: /root/common/indy-ros2/install/indy_description/share/indy_description//meshes/opti5/visual/Opti5_6.stl\n'}
[0.099128] (indy_description) StdoutLine: {'line': b'-- Up-to-date: /root/common/indy-ros2/install/indy_description/share/indy_description//meshes/opti5/visual/Opti5_2.stl\n'}
[0.099353] (-) TimerEvent: {}
[0.099620] (indy_description) StdoutLine: {'line': b'-- Up-to-date: /root/common/indy-ros2/install/indy_description/share/indy_description//meshes/opti5/visual/Opti5_3.stl\n'}
[0.100196] (indy_description) StdoutLine: {'line': b'-- Up-to-date: /root/common/indy-ros2/install/indy_description/share/indy_description//meshes/opti5/visual/Opti5_4.stl\n'}
[0.100378] (indy_description) StdoutLine: {'line': b'-- Up-to-date: /root/common/indy-ros2/install/indy_description/share/indy_description//meshes/opti5/visual/Opti5_0.stl\n'}
[0.100517] (indy_description) StdoutLine: {'line': b'-- Up-to-date: /root/common/indy-ros2/install/indy_description/share/indy_description//meshes/opti5/visual/Opti5_1.stl\n'}
[0.100699] (indy_description) StdoutLine: {'line': b'-- Up-to-date: /root/common/indy-ros2/install/indy_description/share/indy_description//meshes/indy7\n'}
[0.100800] (indy_description) StdoutLine: {'line': b'-- Up-to-date: /root/common/indy-ros2/install/indy_description/share/indy_description//meshes/indy7/collision\n'}
[0.100898] (indy_description) StdoutLine: {'line': b'-- Up-to-date: /root/common/indy-ros2/install/indy_description/share/indy_description//meshes/indy7/collision/Indy7_6.stl\n'}
[0.101109] (indy_description) StdoutLine: {'line': b'-- Up-to-date: /root/common/indy-ros2/install/indy_description/share/indy_description//meshes/indy7/collision/Indy7_2.stl\n'}
[0.101235] (indy_description) StdoutLine: {'line': b'-- Up-to-date: /root/common/indy-ros2/install/indy_description/share/indy_description//meshes/indy7/collision/Indy7_1.stl\n'}
[0.101355] (indy_description) StdoutLine: {'line': b'-- Up-to-date: /root/common/indy-ros2/install/indy_description/share/indy_description//meshes/indy7/collision/Indy7_3.stl\n'}
[0.101425] (indy_description) StdoutLine: {'line': b'-- Up-to-date: /root/common/indy-ros2/install/indy_description/share/indy_description//meshes/indy7/collision/Indy7_5.stl\n'}
[0.101515] (indy_description) StdoutLine: {'line': b'-- Up-to-date: /root/common/indy-ros2/install/indy_description/share/indy_description//meshes/indy7/collision/Indy7_0.stl\n'}
[0.101636] (indy_description) StdoutLine: {'line': b'-- Up-to-date: /root/common/indy-ros2/install/indy_description/share/indy_description//meshes/indy7/collision/Indy7_4.stl\n'}
[0.101707] (indy_description) StdoutLine: {'line': b'-- Up-to-date: /root/common/indy-ros2/install/indy_description/share/indy_description//meshes/indy7/collision/Indy7_eye_6.stl\n'}
[0.101758] (indy_description) StdoutLine: {'line': b'-- Up-to-date: /root/common/indy-ros2/install/indy_description/share/indy_description//meshes/indy7/visual\n'}
[0.101929] (indy_description) StdoutLine: {'line': b'-- Up-to-date: /root/common/indy-ros2/install/indy_description/share/indy_description//meshes/indy7/visual/Indy7_6.stl\n'}
[0.102016] (indy_description) StdoutLine: {'line': b'-- Up-to-date: /root/common/indy-ros2/install/indy_description/share/indy_description//meshes/indy7/visual/Indy7_2.stl\n'}
[0.102145] (indy_description) StdoutLine: {'line': b'-- Up-to-date: /root/common/indy-ros2/install/indy_description/share/indy_description//meshes/indy7/visual/Indy7_1.stl\n'}
[0.102250] (indy_description) StdoutLine: {'line': b'-- Up-to-date: /root/common/indy-ros2/install/indy_description/share/indy_description//meshes/indy7/visual/Indy7_3.stl\n'}
[0.102309] (indy_description) StdoutLine: {'line': b'-- Up-to-date: /root/common/indy-ros2/install/indy_description/share/indy_description//meshes/indy7/visual/Indy7_5.stl\n'}
[0.102374] (indy_description) StdoutLine: {'line': b'-- Up-to-date: /root/common/indy-ros2/install/indy_description/share/indy_description//meshes/indy7/visual/Indy7_0.stl\n'}
[0.102591] (indy_interfaces) StdoutLine: {'line': b'[ 67%] Built target indy_interfaces__rosidl_typesupport_fastrtps_cpp\n'}
[0.102709] (indy_description) StdoutLine: {'line': b'-- Up-to-date: /root/common/indy-ros2/install/indy_description/share/indy_description//meshes/indy7/visual/Indy7_4.stl\n'}
[0.102947] (indy_description) StdoutLine: {'line': b'-- Up-to-date: /root/common/indy-ros2/install/indy_description/share/indy_description//meshes/indy7/visual/Indy7_eye_6.stl\n'}
[0.103047] (indy_description) StdoutLine: {'line': b'-- Up-to-date: /root/common/indy-ros2/install/indy_description/share/indy_description//meshes/indy7_v2\n'}
[0.103104] (indy_description) StdoutLine: {'line': b'-- Up-to-date: /root/common/indy-ros2/install/indy_description/share/indy_description//meshes/indy7_v2/collision\n'}
[0.103157] (indy_description) StdoutLine: {'line': b'-- Up-to-date: /root/common/indy-ros2/install/indy_description/share/indy_description//meshes/indy7_v2/collision/Indy7_v2_1.stl\n'}
[0.103416] (indy_description) StdoutLine: {'line': b'-- Up-to-date: /root/common/indy-ros2/install/indy_description/share/indy_description//meshes/indy7_v2/collision/Indy7_v2_3.stl\n'}
[0.103515] (indy_description) StdoutLine: {'line': b'-- Up-to-date: /root/common/indy-ros2/install/indy_description/share/indy_description//meshes/indy7_v2/collision/Indy7_v2_eye_6.stl\n'}
[0.103567] (indy_description) StdoutLine: {'line': b'-- Up-to-date: /root/common/indy-ros2/install/indy_description/share/indy_description//meshes/indy7_v2/collision/Indy7_v2_5.stl\n'}
[0.103787] (indy_description) StdoutLine: {'line': b'-- Up-to-date: /root/common/indy-ros2/install/indy_description/share/indy_description//meshes/indy7_v2/collision/Indy7_v2_6.stl\n'}
[0.103906] (indy_description) StdoutLine: {'line': b'-- Up-to-date: /root/common/indy-ros2/install/indy_description/share/indy_description//meshes/indy7_v2/collision/Indy7_v2_2.stl\n'}
[0.104006] (indy_description) StdoutLine: {'line': b'-- Up-to-date: /root/common/indy-ros2/install/indy_description/share/indy_description//meshes/indy7_v2/collision/Indy7_v2_0.stl\n'}
[0.104134] (indy_description) StdoutLine: {'line': b'-- Up-to-date: /root/common/indy-ros2/install/indy_description/share/indy_description//meshes/indy7_v2/collision/Indy7_v2_4.stl\n'}
[0.104224] (indy_description) StdoutLine: {'line': b'-- Up-to-date: /root/common/indy-ros2/install/indy_description/share/indy_description//meshes/indy7_v2/visual\n'}
[0.104277] (indy_description) StdoutLine: {'line': b'-- Up-to-date: /root/common/indy-ros2/install/indy_description/share/indy_description//meshes/indy7_v2/visual/Indy7_v2_1.stl\n'}
[0.104329] (indy_description) StdoutLine: {'line': b'-- Up-to-date: /root/common/indy-ros2/install/indy_description/share/indy_description//meshes/indy7_v2/visual/Indy7_v2_3.stl\n'}
[0.104424] (indy_description) StdoutLine: {'line': b'-- Up-to-date: /root/common/indy-ros2/install/indy_description/share/indy_description//meshes/indy7_v2/visual/Indy7_v2_eye_6.stl\n'}
[0.104520] (indy_description) StdoutLine: {'line': b'-- Up-to-date: /root/common/indy-ros2/install/indy_description/share/indy_description//meshes/indy7_v2/visual/Indy7_v2_5.stl\n'}
[0.104596] (indy_description) StdoutLine: {'line': b'-- Up-to-date: /root/common/indy-ros2/install/indy_description/share/indy_description//meshes/indy7_v2/visual/Indy7_v2_6.stl\n'}
[0.104716] (indy_description) StdoutLine: {'line': b'-- Up-to-date: /root/common/indy-ros2/install/indy_description/share/indy_description//meshes/indy7_v2/visual/Indy7_v2_2.stl\n'}
[0.104803] (indy_description) StdoutLine: {'line': b'-- Up-to-date: /root/common/indy-ros2/install/indy_description/share/indy_description//meshes/indy7_v2/visual/Indy7_v2_0.stl\n'}
[0.104856] (indy_description) StdoutLine: {'line': b'-- Up-to-date: /root/common/indy-ros2/install/indy_description/share/indy_description//meshes/indy7_v2/visual/Indy7_v2_4.stl\n'}
[0.104907] (indy_description) StdoutLine: {'line': b'-- Up-to-date: /root/common/indy-ros2/install/indy_description/share/indy_description//meshes/nuri4s\n'}
[0.105053] (indy_description) StdoutLine: {'line': b'-- Up-to-date: /root/common/indy-ros2/install/indy_description/share/indy_description//meshes/nuri4s/collision\n'}
[0.105131] (indy_description) StdoutLine: {'line': b'-- Up-to-date: /root/common/indy-ros2/install/indy_description/share/indy_description//meshes/nuri4s/collision/Nuri4s_0.stl\n'}
[0.105230] (indy_description) StdoutLine: {'line': b'-- Up-to-date: /root/common/indy-ros2/install/indy_description/share/indy_description//meshes/nuri4s/collision/Nuri4s_5.stl\n'}
[0.105310] (indy_description) StdoutLine: {'line': b'-- Up-to-date: /root/common/indy-ros2/install/indy_description/share/indy_description//meshes/nuri4s/collision/Nuri4s_3.stl\n'}
[0.105464] (indy_description) StdoutLine: {'line': b'-- Up-to-date: /root/common/indy-ros2/install/indy_description/share/indy_description//meshes/nuri4s/collision/Nuri4s_6.stl\n'}
[0.105616] (indy_description) StdoutLine: {'line': b'-- Up-to-date: /root/common/indy-ros2/install/indy_description/share/indy_description//meshes/nuri4s/collision/Nuri4s_4.stl\n'}
[0.105698] (indy_description) StdoutLine: {'line': b'-- Up-to-date: /root/common/indy-ros2/install/indy_description/share/indy_description//meshes/nuri4s/collision/Nuri4s_2.stl\n'}
[0.105828] (indy_description) StdoutLine: {'line': b'-- Up-to-date: /root/common/indy-ros2/install/indy_description/share/indy_description//meshes/nuri4s/collision/Nuri4s_1.stl\n'}
[0.105899] (indy_description) StdoutLine: {'line': b'-- Up-to-date: /root/common/indy-ros2/install/indy_description/share/indy_description//meshes/nuri4s/visual\n'}
[0.106004] (indy_description) StdoutLine: {'line': b'-- Up-to-date: /root/common/indy-ros2/install/indy_description/share/indy_description//meshes/nuri4s/visual/Nuri4s_0.stl\n'}
[0.106107] (indy_description) StdoutLine: {'line': b'-- Up-to-date: /root/common/indy-ros2/install/indy_description/share/indy_description//meshes/nuri4s/visual/Nuri4s_5.stl\n'}
[0.106169] (indy_description) StdoutLine: {'line': b'-- Up-to-date: /root/common/indy-ros2/install/indy_description/share/indy_description//meshes/nuri4s/visual/Nuri4s_3.stl\n'}
[0.106216] (indy_description) StdoutLine: {'line': b'-- Up-to-date: /root/common/indy-ros2/install/indy_description/share/indy_description//meshes/nuri4s/visual/Nuri4s_6.stl\n'}
[0.106364] (indy_description) StdoutLine: {'line': b'-- Up-to-date: /root/common/indy-ros2/install/indy_description/share/indy_description//meshes/nuri4s/visual/Nuri4s_4.stl\n'}
[0.106476] (indy_description) StdoutLine: {'line': b'-- Up-to-date: /root/common/indy-ros2/install/indy_description/share/indy_description//meshes/nuri4s/visual/Nuri4s_2.stl\n'}
[0.106542] (indy_interfaces) StdoutLine: {'line': b'[ 78%] Built target indy_interfaces__rosidl_typesupport_fastrtps_c\n'}
[0.107186] (indy_description) StdoutLine: {'line': b'-- Up-to-date: /root/common/indy-ros2/install/indy_description/share/indy_description//meshes/nuri4s/visual/Nuri4s_1.stl\n'}
[0.107379] (indy_description) StdoutLine: {'line': b'-- Up-to-date: /root/common/indy-ros2/install/indy_description/share/indy_description//meshes/nuri20c\n'}
[0.107486] (indy_description) StdoutLine: {'line': b'-- Up-to-date: /root/common/indy-ros2/install/indy_description/share/indy_description//meshes/nuri20c/collision\n'}
[0.107592] (indy_description) StdoutLine: {'line': b'-- Up-to-date: /root/common/indy-ros2/install/indy_description/share/indy_description//meshes/nuri20c/collision/Nuri20c_3.stl\n'}
[0.107767] (indy_description) StdoutLine: {'line': b'-- Up-to-date: /root/common/indy-ros2/install/indy_description/share/indy_description//meshes/nuri20c/collision/Nuri20c_0.stl\n'}
[0.107951] (indy_description) StdoutLine: {'line': b'-- Up-to-date: /root/common/indy-ros2/install/indy_description/share/indy_description//meshes/nuri20c/collision/Nuri20c_2.stl\n'}
[0.108053] (indy_description) StdoutLine: {'line': b'-- Up-to-date: /root/common/indy-ros2/install/indy_description/share/indy_description//meshes/nuri20c/collision/Nuri20c_1.stl\n'}
[0.108134] (indy_description) StdoutLine: {'line': b'-- Up-to-date: /root/common/indy-ros2/install/indy_description/share/indy_description//meshes/nuri20c/collision/Nuri20c_4.stl\n'}
[0.108214] (indy_description) StdoutLine: {'line': b'-- Up-to-date: /root/common/indy-ros2/install/indy_description/share/indy_description//meshes/nuri20c/collision/Nuri20c_6.stl\n'}
[0.108294] (indy_description) StdoutLine: {'line': b'-- Up-to-date: /root/common/indy-ros2/install/indy_description/share/indy_description//meshes/nuri20c/collision/Nuri20c_5.stl\n'}
[0.108374] (indy_description) StdoutLine: {'line': b'-- Up-to-date: /root/common/indy-ros2/install/indy_description/share/indy_description//meshes/nuri20c/visual\n'}
[0.108455] (indy_description) StdoutLine: {'line': b'-- Up-to-date: /root/common/indy-ros2/install/indy_description/share/indy_description//meshes/nuri20c/visual/Nuri20c_3.stl\n'}
[0.108527] (indy_description) StdoutLine: {'line': b'-- Up-to-date: /root/common/indy-ros2/install/indy_description/share/indy_description//meshes/nuri20c/visual/Nuri20c_0.stl\n'}
[0.108614] (indy_description) StdoutLine: {'line': b'-- Up-to-date: /root/common/indy-ros2/install/indy_description/share/indy_description//meshes/nuri20c/visual/Nuri20c_2.stl\n'}
[0.108691] (indy_description) StdoutLine: {'line': b'-- Up-to-date: /root/common/indy-ros2/install/indy_description/share/indy_description//meshes/nuri20c/visual/Nuri20c_1.stl\n'}
[0.108770] (indy_description) StdoutLine: {'line': b'-- Up-to-date: /root/common/indy-ros2/install/indy_description/share/indy_description//meshes/nuri20c/visual/Nuri20c_4.stl\n'}
[0.108890] (indy_description) StdoutLine: {'line': b'-- Up-to-date: /root/common/indy-ros2/install/indy_description/share/indy_description//meshes/nuri20c/visual/Nuri20c_6.stl\n'}
[0.109029] (indy_description) StdoutLine: {'line': b'-- Up-to-date: /root/common/indy-ros2/install/indy_description/share/indy_description//meshes/nuri20c/visual/Nuri20c_5.stl\n'}
[0.109124] (indy_description) StdoutLine: {'line': b'-- Up-to-date: /root/common/indy-ros2/install/indy_description/share/indy_description//meshes/indyrp2_v2\n'}
[0.109200] (indy_description) StdoutLine: {'line': b'-- Up-to-date: /root/common/indy-ros2/install/indy_description/share/indy_description//meshes/indyrp2_v2/collision\n'}
[0.109282] (indy_description) StdoutLine: {'line': b'-- Up-to-date: /root/common/indy-ros2/install/indy_description/share/indy_description//meshes/indyrp2_v2/collision/IndyRP2_v2_2.stl\n'}
[0.109407] (indy_description) StdoutLine: {'line': b'-- Up-to-date: /root/common/indy-ros2/install/indy_description/share/indy_description//meshes/indyrp2_v2/collision/IndyRP2_v2_5.stl\n'}
[0.109522] (indy_description) StdoutLine: {'line': b'-- Up-to-date: /root/common/indy-ros2/install/indy_description/share/indy_description//meshes/indyrp2_v2/collision/IndyRP2_v2_7.stl\n'}
[0.109621] (indy_description) StdoutLine: {'line': b'-- Up-to-date: /root/common/indy-ros2/install/indy_description/share/indy_description//meshes/indyrp2_v2/collision/IndyRP2_v2_0.stl\n'}
[0.109709] (indy_description) StdoutLine: {'line': b'-- Up-to-date: /root/common/indy-ros2/install/indy_description/share/indy_description//meshes/indyrp2_v2/collision/IndyRP2_v2_3.stl\n'}
[0.109823] (indy_description) StdoutLine: {'line': b'-- Up-to-date: /root/common/indy-ros2/install/indy_description/share/indy_description//meshes/indyrp2_v2/collision/IndyRP2_v2_4.stl\n'}
[0.109940] (indy_description) StdoutLine: {'line': b'-- Up-to-date: /root/common/indy-ros2/install/indy_description/share/indy_description//meshes/indyrp2_v2/collision/IndyRP2_v2_6.stl\n'}
[0.110051] (indy_description) StdoutLine: {'line': b'-- Up-to-date: /root/common/indy-ros2/install/indy_description/share/indy_description//meshes/indyrp2_v2/collision/IndyRP2_v2_eye_7.stl\n'}
[0.110197] (indy_description) StdoutLine: {'line': b'-- Up-to-date: /root/common/indy-ros2/install/indy_description/share/indy_description//meshes/indyrp2_v2/collision/IndyRP2_v2_1.stl\n'}
[0.110297] (indy_description) StdoutLine: {'line': b'-- Up-to-date: /root/common/indy-ros2/install/indy_description/share/indy_description//meshes/indyrp2_v2/visual\n'}
[0.110395] (indy_description) StdoutLine: {'line': b'-- Up-to-date: /root/common/indy-ros2/install/indy_description/share/indy_description//meshes/indyrp2_v2/visual/IndyRP2_v2_2.stl\n'}
[0.110501] (indy_description) StdoutLine: {'line': b'-- Up-to-date: /root/common/indy-ros2/install/indy_description/share/indy_description//meshes/indyrp2_v2/visual/IndyRP2_v2_5.stl\n'}
[0.110592] (indy_description) StdoutLine: {'line': b'-- Up-to-date: /root/common/indy-ros2/install/indy_description/share/indy_description//meshes/indyrp2_v2/visual/IndyRP2_v2_7.stl\n'}
[0.110672] (indy_description) StdoutLine: {'line': b'-- Up-to-date: /root/common/indy-ros2/install/indy_description/share/indy_description//meshes/indyrp2_v2/visual/IndyRP2_v2_0.stl\n'}
[0.110768] (indy_description) StdoutLine: {'line': b'-- Up-to-date: /root/common/indy-ros2/install/indy_description/share/indy_description//meshes/indyrp2_v2/visual/IndyRP2_v2_3.stl\n'}
[0.110852] (indy_description) StdoutLine: {'line': b'-- Up-to-date: /root/common/indy-ros2/install/indy_description/share/indy_description//meshes/indyrp2_v2/visual/IndyRP2_v2_4.stl\n'}
[0.110936] (indy_description) StdoutLine: {'line': b'-- Up-to-date: /root/common/indy-ros2/install/indy_description/share/indy_description//meshes/indyrp2_v2/visual/IndyRP2_v2_6.stl\n'}
[0.111025] (indy_description) StdoutLine: {'line': b'-- Up-to-date: /root/common/indy-ros2/install/indy_description/share/indy_description//meshes/indyrp2_v2/visual/IndyRP2_v2_eye_7.stl\n'}
[0.111122] (indy_description) StdoutLine: {'line': b'-- Up-to-date: /root/common/indy-ros2/install/indy_description/share/indy_description//meshes/indyrp2_v2/visual/IndyRP2_v2_1.stl\n'}
[0.111215] (indy_description) StdoutLine: {'line': b'-- Up-to-date: /root/common/indy-ros2/install/indy_description/share/indy_description//meshes/icon3\n'}
[0.111299] (indy_description) StdoutLine: {'line': b'-- Up-to-date: /root/common/indy-ros2/install/indy_description/share/indy_description//meshes/icon3/collision\n'}
[0.111397] (indy_description) StdoutLine: {'line': b'-- Up-to-date: /root/common/indy-ros2/install/indy_description/share/indy_description//meshes/icon3/collision/ICoN3_2.stl\n'}
[0.111498] (indy_description) StdoutLine: {'line': b'-- Up-to-date: /root/common/indy-ros2/install/indy_description/share/indy_description//meshes/icon3/collision/ICoN3_0.stl\n'}
[0.111590] (indy_description) StdoutLine: {'line': b'-- Up-to-date: /root/common/indy-ros2/install/indy_description/share/indy_description//meshes/icon3/collision/ICoN3_6.stl\n'}
[0.111680] (indy_description) StdoutLine: {'line': b'-- Up-to-date: /root/common/indy-ros2/install/indy_description/share/indy_description//meshes/icon3/collision/ICoN3_1.stl\n'}
[0.111823] (indy_description) StdoutLine: {'line': b'-- Up-to-date: /root/common/indy-ros2/install/indy_description/share/indy_description//meshes/icon3/collision/ICoN3_3.stl\n'}
[0.111957] (indy_description) StdoutLine: {'line': b'-- Up-to-date: /root/common/indy-ros2/install/indy_description/share/indy_description//meshes/icon3/collision/ICoN3_5.stl\n'}
[0.112190] (indy_description) StdoutLine: {'line': b'-- Up-to-date: /root/common/indy-ros2/install/indy_description/share/indy_description//meshes/icon3/collision/ICoN3_4.stl\n'}
[0.112280] (indy_description) StdoutLine: {'line': b'-- Up-to-date: /root/common/indy-ros2/install/indy_description/share/indy_description//meshes/icon3/visual\n'}
[0.112402] (indy_description) StdoutLine: {'line': b'-- Up-to-date: /root/common/indy-ros2/install/indy_description/share/indy_description//meshes/icon3/visual/ICoN3_2.stl\n'}
[0.112556] (indy_description) StdoutLine: {'line': b'-- Up-to-date: /root/common/indy-ros2/install/indy_description/share/indy_description//meshes/icon3/visual/ICoN3_0.stl\n'}
[0.112698] (indy_description) StdoutLine: {'line': b'-- Up-to-date: /root/common/indy-ros2/install/indy_description/share/indy_description//meshes/icon3/visual/ICoN3_6.stl\n'}
[0.112819] (indy_description) StdoutLine: {'line': b'-- Up-to-date: /root/common/indy-ros2/install/indy_description/share/indy_description//meshes/icon3/visual/ICoN3_1.stl\n'}
[0.112904] (indy_description) StdoutLine: {'line': b'-- Up-to-date: /root/common/indy-ros2/install/indy_description/share/indy_description//meshes/icon3/visual/ICoN3_3.stl\n'}
[0.113068] (indy_description) StdoutLine: {'line': b'-- Up-to-date: /root/common/indy-ros2/install/indy_description/share/indy_description//meshes/icon3/visual/ICoN3_5.stl\n'}
[0.113148] (indy_description) StdoutLine: {'line': b'-- Up-to-date: /root/common/indy-ros2/install/indy_description/share/indy_description//meshes/icon3/visual/ICoN3_4.stl\n'}
[0.113222] (indy_description) StdoutLine: {'line': b'-- Up-to-date: /root/common/indy-ros2/install/indy_description/share/indy_description//meshes/nuri3s\n'}
[0.113297] (indy_description) StdoutLine: {'line': b'-- Up-to-date: /root/common/indy-ros2/install/indy_description/share/indy_description//meshes/nuri3s/collision\n'}
[0.113415] (indy_description) StdoutLine: {'line': b'-- Up-to-date: /root/common/indy-ros2/install/indy_description/share/indy_description//meshes/nuri3s/collision/Nuri3s_0.stl\n'}
[0.113499] (indy_description) StdoutLine: {'line': b'-- Up-to-date: /root/common/indy-ros2/install/indy_description/share/indy_description//meshes/nuri3s/collision/Nuri3s_1.stl\n'}
[0.113594] (indy_description) StdoutLine: {'line': b'-- Up-to-date: /root/common/indy-ros2/install/indy_description/share/indy_description//meshes/nuri3s/collision/Nuri3s_6.stl\n'}
[0.113676] (indy_description) StdoutLine: {'line': b'-- Up-to-date: /root/common/indy-ros2/install/indy_description/share/indy_description//meshes/nuri3s/collision/Nuri3s_5.stl\n'}
[0.113746] (indy_description) StdoutLine: {'line': b'-- Up-to-date: /root/common/indy-ros2/install/indy_description/share/indy_description//meshes/nuri3s/collision/Nuri3s_3.stl\n'}
[0.113826] (indy_description) StdoutLine: {'line': b'-- Up-to-date: /root/common/indy-ros2/install/indy_description/share/indy_description//meshes/nuri3s/collision/Nuri3s_4.stl\n'}
[0.113901] (indy_description) StdoutLine: {'line': b'-- Up-to-date: /root/common/indy-ros2/install/indy_description/share/indy_description//meshes/nuri3s/collision/Nuri3s_2.stl\n'}
[0.113982] (indy_description) StdoutLine: {'line': b'-- Up-to-date: /root/common/indy-ros2/install/indy_description/share/indy_description//meshes/nuri3s/visual\n'}
[0.114075] (indy_description) StdoutLine: {'line': b'-- Up-to-date: /root/common/indy-ros2/install/indy_description/share/indy_description//meshes/nuri3s/visual/Nuri3s_0.stl\n'}
[0.114194] (indy_description) StdoutLine: {'line': b'-- Up-to-date: /root/common/indy-ros2/install/indy_description/share/indy_description//meshes/nuri3s/visual/Nuri3s_1.stl\n'}
[0.114265] (indy_description) StdoutLine: {'line': b'-- Up-to-date: /root/common/indy-ros2/install/indy_description/share/indy_description//meshes/nuri3s/visual/Nuri3s_6.stl\n'}
[0.114335] (indy_description) StdoutLine: {'line': b'-- Up-to-date: /root/common/indy-ros2/install/indy_description/share/indy_description//meshes/nuri3s/visual/Nuri3s_5.stl\n'}
[0.114402] (indy_description) StdoutLine: {'line': b'-- Up-to-date: /root/common/indy-ros2/install/indy_description/share/indy_description//meshes/nuri3s/visual/Nuri3s_3.stl\n'}
[0.114483] (indy_description) StdoutLine: {'line': b'-- Up-to-date: /root/common/indy-ros2/install/indy_description/share/indy_description//meshes/nuri3s/visual/Nuri3s_4.stl\n'}
[0.114546] (indy_description) StdoutLine: {'line': b'-- Up-to-date: /root/common/indy-ros2/install/indy_description/share/indy_description//meshes/nuri3s/visual/Nuri3s_2.stl\n'}
[0.114626] (indy_description) StdoutLine: {'line': b'-- Up-to-date: /root/common/indy-ros2/install/indy_description/share/indy_description//meshes/nuri7c\n'}
[0.114703] (indy_description) StdoutLine: {'line': b'-- Up-to-date: /root/common/indy-ros2/install/indy_description/share/indy_description//meshes/nuri7c/collision\n'}
[0.114780] (indy_description) StdoutLine: {'line': b'-- Up-to-date: /root/common/indy-ros2/install/indy_description/share/indy_description//meshes/nuri7c/collision/Nuri7c_5.stl\n'}
[0.114849] (indy_description) StdoutLine: {'line': b'-- Up-to-date: /root/common/indy-ros2/install/indy_description/share/indy_description//meshes/nuri7c/collision/Nuri7c_2.stl\n'}
[0.114919] (indy_description) StdoutLine: {'line': b'-- Up-to-date: /root/common/indy-ros2/install/indy_description/share/indy_description//meshes/nuri7c/collision/Nuri7c_4.stl\n'}
[0.114990] (indy_description) StdoutLine: {'line': b'-- Up-to-date: /root/common/indy-ros2/install/indy_description/share/indy_description//meshes/nuri7c/collision/Nuri7c_0.stl\n'}
[0.115060] (indy_description) StdoutLine: {'line': b'-- Up-to-date: /root/common/indy-ros2/install/indy_description/share/indy_description//meshes/nuri7c/collision/Nuri7c_3.stl\n'}
[0.115132] (indy_description) StdoutLine: {'line': b'-- Up-to-date: /root/common/indy-ros2/install/indy_description/share/indy_description//meshes/nuri7c/collision/Nuri7c_6.stl\n'}
[0.115211] (indy_description) StdoutLine: {'line': b'-- Up-to-date: /root/common/indy-ros2/install/indy_description/share/indy_description//meshes/nuri7c/collision/Nuri7c_1.stl\n'}
[0.115284] (indy_description) StdoutLine: {'line': b'-- Up-to-date: /root/common/indy-ros2/install/indy_description/share/indy_description//meshes/nuri7c/visual\n'}
[0.115352] (indy_description) StdoutLine: {'line': b'-- Up-to-date: /root/common/indy-ros2/install/indy_description/share/indy_description//meshes/nuri7c/visual/Nuri7c_5.stl\n'}
[0.115424] (indy_description) StdoutLine: {'line': b'-- Up-to-date: /root/common/indy-ros2/install/indy_description/share/indy_description//meshes/nuri7c/visual/Nuri7c_2.stl\n'}
[0.115497] (indy_description) StdoutLine: {'line': b'-- Up-to-date: /root/common/indy-ros2/install/indy_description/share/indy_description//meshes/nuri7c/visual/Nuri7c_4.stl\n'}
[0.115570] (indy_description) StdoutLine: {'line': b'-- Up-to-date: /root/common/indy-ros2/install/indy_description/share/indy_description//meshes/nuri7c/visual/Nuri7c_0.stl\n'}
[0.115636] (indy_description) StdoutLine: {'line': b'-- Up-to-date: /root/common/indy-ros2/install/indy_description/share/indy_description//meshes/nuri7c/visual/Nuri7c_3.stl\n'}
[0.115699] (indy_description) StdoutLine: {'line': b'-- Up-to-date: /root/common/indy-ros2/install/indy_description/share/indy_description//meshes/nuri7c/visual/Nuri7c_6.stl\n'}
[0.115776] (indy_description) StdoutLine: {'line': b'-- Up-to-date: /root/common/indy-ros2/install/indy_description/share/indy_description//meshes/nuri7c/visual/Nuri7c_1.stl\n'}
[0.115846] (indy_description) StdoutLine: {'line': b'-- Up-to-date: /root/common/indy-ros2/install/indy_description/share/indy_description//meshes/indy12_v2\n'}
[0.115911] (indy_description) StdoutLine: {'line': b'-- Up-to-date: /root/common/indy-ros2/install/indy_description/share/indy_description//meshes/indy12_v2/collision\n'}
[0.115993] (indy_description) StdoutLine: {'line': b'-- Up-to-date: /root/common/indy-ros2/install/indy_description/share/indy_description//meshes/indy12_v2/collision/Indy12_v2_3.stl\n'}
[0.116065] (indy_description) StdoutLine: {'line': b'-- Up-to-date: /root/common/indy-ros2/install/indy_description/share/indy_description//meshes/indy12_v2/collision/Indy12_v2_6.stl\n'}
[0.116143] (indy_description) StdoutLine: {'line': b'-- Up-to-date: /root/common/indy-ros2/install/indy_description/share/indy_description//meshes/indy12_v2/collision/Indy12_v2_5.stl\n'}
[0.116213] (indy_description) StdoutLine: {'line': b'-- Up-to-date: /root/common/indy-ros2/install/indy_description/share/indy_description//meshes/indy12_v2/collision/Indy12_v2_4.stl\n'}
[0.116285] (indy_description) StdoutLine: {'line': b'-- Up-to-date: /root/common/indy-ros2/install/indy_description/share/indy_description//meshes/indy12_v2/collision/Indy12_v2_1.stl\n'}
[0.116367] (indy_description) StdoutLine: {'line': b'-- Up-to-date: /root/common/indy-ros2/install/indy_description/share/indy_description//meshes/indy12_v2/collision/Indy12_v2_0.stl\n'}
[0.116446] (indy_description) StdoutLine: {'line': b'-- Up-to-date: /root/common/indy-ros2/install/indy_description/share/indy_description//meshes/indy12_v2/collision/Indy12_v2_2.stl\n'}
[0.116529] (indy_description) StdoutLine: {'line': b'-- Up-to-date: /root/common/indy-ros2/install/indy_description/share/indy_description//meshes/indy12_v2/visual\n'}
[0.116628] (indy_description) StdoutLine: {'line': b'-- Up-to-date: /root/common/indy-ros2/install/indy_description/share/indy_description//meshes/indy12_v2/visual/Indy12_v2_3.stl\n'}
[0.116721] (indy_description) StdoutLine: {'line': b'-- Up-to-date: /root/common/indy-ros2/install/indy_description/share/indy_description//meshes/indy12_v2/visual/Indy12_v2_6.stl\n'}
[0.116824] (indy_description) StdoutLine: {'line': b'-- Up-to-date: /root/common/indy-ros2/install/indy_description/share/indy_description//meshes/indy12_v2/visual/Indy12_v2_5.stl\n'}
[0.116911] (indy_description) StdoutLine: {'line': b'-- Up-to-date: /root/common/indy-ros2/install/indy_description/share/indy_description//meshes/indy12_v2/visual/Indy12_v2_4.stl\n'}
[0.117085] (indy_description) StdoutLine: {'line': b'-- Up-to-date: /root/common/indy-ros2/install/indy_description/share/indy_description//meshes/indy12_v2/visual/Indy12_v2_1.stl\n'}
[0.117173] (indy_description) StdoutLine: {'line': b'-- Up-to-date: /root/common/indy-ros2/install/indy_description/share/indy_description//meshes/indy12_v2/visual/Indy12_v2_0.stl\n'}
[0.117258] (indy_description) StdoutLine: {'line': b'-- Up-to-date: /root/common/indy-ros2/install/indy_description/share/indy_description//meshes/indy12_v2/visual/Indy12_v2_2.stl\n'}
[0.117340] (indy_description) StdoutLine: {'line': b'-- Up-to-date: /root/common/indy-ros2/install/indy_description/share/indy_description//meshes/dual_icon3\n'}
[0.117421] (indy_description) StdoutLine: {'line': b'-- Up-to-date: /root/common/indy-ros2/install/indy_description/share/indy_description//meshes/dual_icon3/collision\n'}
[0.117508] (indy_description) StdoutLine: {'line': b'-- Up-to-date: /root/common/indy-ros2/install/indy_description/share/indy_description//meshes/dual_icon3/collision/Body_base.stl\n'}
[0.117598] (indy_description) StdoutLine: {'line': b'-- Up-to-date: /root/common/indy-ros2/install/indy_description/share/indy_description//meshes/dual_icon3/collision/Body_cover.stl\n'}
[0.118304] (indy_description) StdoutLine: {'line': b'-- Up-to-date: /root/common/indy-ros2/install/indy_description/share/indy_description//meshes/dual_icon3/collision/Body_frame.stl\n'}
[0.118835] (indy_description) StdoutLine: {'line': b'-- Up-to-date: /root/common/indy-ros2/install/indy_description/share/indy_description//meshes/dual_icon3/visual\n'}
[0.118978] (indy_description) StdoutLine: {'line': b'-- Up-to-date: /root/common/indy-ros2/install/indy_description/share/indy_description//meshes/dual_icon3/visual/Body_base.stl\n'}
[0.119268] (indy_description) StdoutLine: {'line': b'-- Up-to-date: /root/common/indy-ros2/install/indy_description/share/indy_description//meshes/dual_icon3/visual/Body_cover.stl\n'}
[0.119334] (indy_description) StdoutLine: {'line': b'-- Up-to-date: /root/common/indy-ros2/install/indy_description/share/indy_description//meshes/dual_icon3/visual/Body_frame.stl\n'}
[0.119728] (indy_description) StdoutLine: {'line': b'-- Up-to-date: /root/common/indy-ros2/install/indy_description/share/indy_description//meshes/icon7l\n'}
[0.120044] (indy_description) StdoutLine: {'line': b'-- Up-to-date: /root/common/indy-ros2/install/indy_description/share/indy_description//meshes/icon7l/collision\n'}
[0.120108] (indy_description) StdoutLine: {'line': b'-- Up-to-date: /root/common/indy-ros2/install/indy_description/share/indy_description//meshes/icon7l/collision/ICoN7L_3.stl\n'}
[0.120165] (indy_description) StdoutLine: {'line': b'-- Up-to-date: /root/common/indy-ros2/install/indy_description/share/indy_description//meshes/icon7l/collision/ICoN7L_1.stl\n'}
[0.120218] (indy_description) StdoutLine: {'line': b'-- Up-to-date: /root/common/indy-ros2/install/indy_description/share/indy_description//meshes/icon7l/collision/ICoN7L_2.stl\n'}
[0.120549] (indy_description) StdoutLine: {'line': b'-- Up-to-date: /root/common/indy-ros2/install/indy_description/share/indy_description//meshes/icon7l/collision/ICoN7L_0.stl\n'}
[0.120649] (indy_description) StdoutLine: {'line': b'-- Up-to-date: /root/common/indy-ros2/install/indy_description/share/indy_description//meshes/icon7l/collision/ICoN7L_4.stl\n'}
[0.120749] (indy_description) StdoutLine: {'line': b'-- Up-to-date: /root/common/indy-ros2/install/indy_description/share/indy_description//meshes/icon7l/collision/ICoN7L_5.stl\n'}
[0.121063] (indy_description) StdoutLine: {'line': b'-- Up-to-date: /root/common/indy-ros2/install/indy_description/share/indy_description//meshes/icon7l/collision/ICoN7L_6.stl\n'}
[0.121259] (indy_description) StdoutLine: {'line': b'-- Up-to-date: /root/common/indy-ros2/install/indy_description/share/indy_description//meshes/icon7l/visual\n'}
[0.121421] (indy_description) StdoutLine: {'line': b'-- Up-to-date: /root/common/indy-ros2/install/indy_description/share/indy_description//meshes/icon7l/visual/ICoN7L_3.stl\n'}
[0.121545] (indy_description) StdoutLine: {'line': b'-- Up-to-date: /root/common/indy-ros2/install/indy_description/share/indy_description//meshes/icon7l/visual/ICoN7L_1.stl\n'}
[0.121631] (indy_description) StdoutLine: {'line': b'-- Up-to-date: /root/common/indy-ros2/install/indy_description/share/indy_description//meshes/icon7l/visual/ICoN7L_2.stl\n'}
[0.121690] (indy_description) StdoutLine: {'line': b'-- Up-to-date: /root/common/indy-ros2/install/indy_description/share/indy_description//meshes/icon7l/visual/ICoN7L_0.stl\n'}
[0.121741] (indy_description) StdoutLine: {'line': b'-- Up-to-date: /root/common/indy-ros2/install/indy_description/share/indy_description//meshes/icon7l/visual/ICoN7L_4.stl\n'}
[0.121791] (indy_description) StdoutLine: {'line': b'-- Up-to-date: /root/common/indy-ros2/install/indy_description/share/indy_description//meshes/icon7l/visual/ICoN7L_5.stl\n'}
[0.121841] (indy_description) StdoutLine: {'line': b'-- Up-to-date: /root/common/indy-ros2/install/indy_description/share/indy_description//meshes/icon7l/visual/ICoN7L_6.stl\n'}
[0.121890] (indy_description) StdoutLine: {'line': b'-- Up-to-date: /root/common/indy-ros2/install/indy_description/share/indy_description//rviz_config\n'}
[0.121940] (indy_description) StdoutLine: {'line': b'-- Up-to-date: /root/common/indy-ros2/install/indy_description/share/indy_description//rviz_config/indy.rviz\n'}
[0.121989] (indy_description) StdoutLine: {'line': b'-- Up-to-date: /root/common/indy-ros2/install/indy_description/share/indy_description//urdf\n'}
[0.122042] (indy_description) StdoutLine: {'line': b'-- Up-to-date: /root/common/indy-ros2/install/indy_description/share/indy_description//urdf/generate_all_urdfs.sh\n'}
[0.122099] (indy_description) StdoutLine: {'line': b'-- Up-to-date: /root/common/indy-ros2/install/indy_description/share/indy_description//urdf/indy.urdf.xacro\n'}
[0.123298] (indy_description) StdoutLine: {'line': b'-- Up-to-date: /root/common/indy-ros2/install/indy_description/share/indy_description//urdf/indy_macro.xacro\n'}
[0.124363] (indy_description) StdoutLine: {'line': b'-- Up-to-date: /root/common/indy-ros2/install/indy_description/share/indy_description//urdf/indy.ros2_control.xacro\n'}
[0.124434] (indy_description) StdoutLine: {'line': b'-- Up-to-date: /root/common/indy-ros2/install/indy_description/share/indy_description//urdf/materials.xacro\n'}
[0.125319] (indy_description) StdoutLine: {'line': b'-- Up-to-date: /root/common/indy-ros2/install/indy_description/share/indy_description//urdf/indy_common.xacro\n'}
[0.125722] (indy_description) StdoutLine: {'line': b'-- Up-to-date: /root/common/indy-ros2/install/indy_description/share/indy_description//urdf/indy_transmissions.xacro\n'}
[0.125806] (indy_description) StdoutLine: {'line': b'-- Up-to-date: /root/common/indy-ros2/install/indy_description/share/indy_description//urdf/config\n'}
[0.125864] (indy_description) StdoutLine: {'line': b'-- Up-to-date: /root/common/indy-ros2/install/indy_description/share/indy_description//urdf/config/indy12\n'}
[0.125918] (indy_description) StdoutLine: {'line': b'-- Up-to-date: /root/common/indy-ros2/install/indy_description/share/indy_description//urdf/config/indy12/visual_parameters.yaml\n'}
[0.126413] (indy_description) StdoutLine: {'line': b'-- Up-to-date: /root/common/indy-ros2/install/indy_description/share/indy_description//urdf/config/indy12/physical_parameters.yaml\n'}
[0.126533] (indy_description) StdoutLine: {'line': b'-- Up-to-date: /root/common/indy-ros2/install/indy_description/share/indy_description//urdf/config/indy12/joint_axes.yaml\n'}
[0.126656] (indy_description) StdoutLine: {'line': b'-- Up-to-date: /root/common/indy-ros2/install/indy_description/share/indy_description//urdf/config/indy12/kinematics.yaml\n'}
[0.127054] (indy_description) StdoutLine: {'line': b'-- Up-to-date: /root/common/indy-ros2/install/indy_description/share/indy_description//urdf/config/indy12/joint_limits.yaml\n'}
[0.127129] (indy_description) StdoutLine: {'line': b'-- Up-to-date: /root/common/indy-ros2/install/indy_description/share/indy_description//urdf/config/indyrp2\n'}
[0.127186] (indy_description) StdoutLine: {'line': b'-- Up-to-date: /root/common/indy-ros2/install/indy_description/share/indy_description//urdf/config/indyrp2/visual_parameters.yaml\n'}
[0.127762] (indy_description) StdoutLine: {'line': b'-- Up-to-date: /root/common/indy-ros2/install/indy_description/share/indy_description//urdf/config/indyrp2/physical_parameters.yaml\n'}
[0.127941] (indy_description) StdoutLine: {'line': b'-- Up-to-date: /root/common/indy-ros2/install/indy_description/share/indy_description//urdf/config/indyrp2/joint_axes.yaml\n'}
[0.128214] (indy_description) StdoutLine: {'line': b'-- Up-to-date: /root/common/indy-ros2/install/indy_description/share/indy_description//urdf/config/indyrp2/kinematics.yaml\n'}
[0.128349] (indy_description) StdoutLine: {'line': b'-- Up-to-date: /root/common/indy-ros2/install/indy_description/share/indy_description//urdf/config/indyrp2/joint_limits.yaml\n'}
[0.128848] (indy_description) StdoutLine: {'line': b'-- Up-to-date: /root/common/indy-ros2/install/indy_description/share/indy_description//urdf/config/opti5\n'}
[0.128999] (indy_description) StdoutLine: {'line': b'-- Up-to-date: /root/common/indy-ros2/install/indy_description/share/indy_description//urdf/config/opti5/visual_parameters.yaml\n'}
[0.129206] (indy_description) StdoutLine: {'line': b'-- Up-to-date: /root/common/indy-ros2/install/indy_description/share/indy_description//urdf/config/opti5/physical_parameters.yaml\n'}
[0.129374] (indy_description) StdoutLine: {'line': b'-- Up-to-date: /root/common/indy-ros2/install/indy_description/share/indy_description//urdf/config/opti5/joint_axes.yaml\n'}
[0.129483] (indy_description) StdoutLine: {'line': b'-- Up-to-date: /root/common/indy-ros2/install/indy_description/share/indy_description//urdf/config/opti5/kinematics.yaml\n'}
[0.129580] (indy_description) StdoutLine: {'line': b'-- Up-to-date: /root/common/indy-ros2/install/indy_description/share/indy_description//urdf/config/opti5/joint_limits.yaml\n'}
[0.130375] (indy_description) StdoutLine: {'line': b'-- Up-to-date: /root/common/indy-ros2/install/indy_description/share/indy_description//urdf/config/indy7\n'}
[0.130485] (indy_description) StdoutLine: {'line': b'-- Up-to-date: /root/common/indy-ros2/install/indy_description/share/indy_description//urdf/config/indy7/visual_parameters.yaml\n'}
[0.130578] (indy_description) StdoutLine: {'line': b'-- Up-to-date: /root/common/indy-ros2/install/indy_description/share/indy_description//urdf/config/indy7/physical_parameters.yaml\n'}
[0.130686] (indy_description) StdoutLine: {'line': b'-- Up-to-date: /root/common/indy-ros2/install/indy_description/share/indy_description//urdf/config/indy7/joint_axes.yaml\n'}
[0.130810] (indy_description) StdoutLine: {'line': b'-- Up-to-date: /root/common/indy-ros2/install/indy_description/share/indy_description//urdf/config/indy7/kinematics.yaml\n'}
[0.130942] (indy_description) StdoutLine: {'line': b'-- Up-to-date: /root/common/indy-ros2/install/indy_description/share/indy_description//urdf/config/indy7/joint_limits.yaml\n'}
[0.131179] (indy_description) StdoutLine: {'line': b'-- Up-to-date: /root/common/indy-ros2/install/indy_description/share/indy_description//urdf/config/indy7_v2\n'}
[0.131328] (indy_description) StdoutLine: {'line': b'-- Up-to-date: /root/common/indy-ros2/install/indy_description/share/indy_description//urdf/config/indy7_v2/visual_parameters.yaml\n'}
[0.131459] (indy_description) StdoutLine: {'line': b'-- Up-to-date: /root/common/indy-ros2/install/indy_description/share/indy_description//urdf/config/indy7_v2/physical_parameters.yaml\n'}
[0.131716] (indy_description) StdoutLine: {'line': b'-- Up-to-date: /root/common/indy-ros2/install/indy_description/share/indy_description//urdf/config/indy7_v2/joint_axes.yaml\n'}
[0.132481] (indy_description) StdoutLine: {'line': b'-- Up-to-date: /root/common/indy-ros2/install/indy_description/share/indy_description//urdf/config/indy7_v2/kinematics.yaml\n'}
[0.132669] (indy_description) StdoutLine: {'line': b'-- Up-to-date: /root/common/indy-ros2/install/indy_description/share/indy_description//urdf/config/indy7_v2/joint_limits.yaml\n'}
[0.132842] (indy_description) StdoutLine: {'line': b'-- Up-to-date: /root/common/indy-ros2/install/indy_description/share/indy_description//urdf/config/nuri4s\n'}
[0.133246] (indy_description) StdoutLine: {'line': b'-- Up-to-date: /root/common/indy-ros2/install/indy_description/share/indy_description//urdf/config/nuri4s/visual_parameters.yaml\n'}
[0.133316] (indy_description) StdoutLine: {'line': b'-- Up-to-date: /root/common/indy-ros2/install/indy_description/share/indy_description//urdf/config/nuri4s/physical_parameters.yaml\n'}
[0.133370] (indy_description) StdoutLine: {'line': b'-- Up-to-date: /root/common/indy-ros2/install/indy_description/share/indy_description//urdf/config/nuri4s/joint_axes.yaml\n'}
[0.133422] (indy_description) StdoutLine: {'line': b'-- Up-to-date: /root/common/indy-ros2/install/indy_description/share/indy_description//urdf/config/nuri4s/kinematics.yaml\n'}
[0.133475] (indy_description) StdoutLine: {'line': b'-- Up-to-date: /root/common/indy-ros2/install/indy_description/share/indy_description//urdf/config/nuri4s/joint_limits.yaml\n'}
[0.133527] (indy_description) StdoutLine: {'line': b'-- Up-to-date: /root/common/indy-ros2/install/indy_description/share/indy_description//urdf/config/nuri20c\n'}
[0.133578] (indy_description) StdoutLine: {'line': b'-- Up-to-date: /root/common/indy-ros2/install/indy_description/share/indy_description//urdf/config/nuri20c/visual_parameters.yaml\n'}
[0.133643] (indy_description) StdoutLine: {'line': b'-- Up-to-date: /root/common/indy-ros2/install/indy_description/share/indy_description//urdf/config/nuri20c/physical_parameters.yaml\n'}
[0.133731] (indy_description) StdoutLine: {'line': b'-- Up-to-date: /root/common/indy-ros2/install/indy_description/share/indy_description//urdf/config/nuri20c/joint_axes.yaml\n'}
[0.133787] (indy_description) StdoutLine: {'line': b'-- Up-to-date: /root/common/indy-ros2/install/indy_description/share/indy_description//urdf/config/nuri20c/kinematics.yaml\n'}
[0.133839] (indy_description) StdoutLine: {'line': b'-- Up-to-date: /root/common/indy-ros2/install/indy_description/share/indy_description//urdf/config/nuri20c/joint_limits.yaml\n'}
[0.133916] (indy_description) StdoutLine: {'line': b'-- Up-to-date: /root/common/indy-ros2/install/indy_description/share/indy_description//urdf/config/indyrp2_v2\n'}
[0.133998] (indy_description) StdoutLine: {'line': b'-- Up-to-date: /root/common/indy-ros2/install/indy_description/share/indy_description//urdf/config/indyrp2_v2/visual_parameters.yaml\n'}
[0.134083] (indy_description) StdoutLine: {'line': b'-- Up-to-date: /root/common/indy-ros2/install/indy_description/share/indy_description//urdf/config/indyrp2_v2/physical_parameters.yaml\n'}
[0.134166] (indy_description) StdoutLine: {'line': b'-- Up-to-date: /root/common/indy-ros2/install/indy_description/share/indy_description//urdf/config/indyrp2_v2/joint_axes.yaml\n'}
[0.134242] (indy_description) StdoutLine: {'line': b'-- Up-to-date: /root/common/indy-ros2/install/indy_description/share/indy_description//urdf/config/indyrp2_v2/kinematics.yaml\n'}
[0.134372] (indy_description) StdoutLine: {'line': b'-- Up-to-date: /root/common/indy-ros2/install/indy_description/share/indy_description//urdf/config/indyrp2_v2/joint_limits.yaml\n'}
[0.134490] (indy_description) StdoutLine: {'line': b'-- Up-to-date: /root/common/indy-ros2/install/indy_description/share/indy_description//urdf/config/icon3\n'}
[0.134623] (indy_description) StdoutLine: {'line': b'-- Up-to-date: /root/common/indy-ros2/install/indy_description/share/indy_description//urdf/config/icon3/visual_parameters.yaml\n'}
[0.134742] (indy_description) StdoutLine: {'line': b'-- Up-to-date: /root/common/indy-ros2/install/indy_description/share/indy_description//urdf/config/icon3/physical_parameters.yaml\n'}
[0.134856] (indy_description) StdoutLine: {'line': b'-- Up-to-date: /root/common/indy-ros2/install/indy_description/share/indy_description//urdf/config/icon3/joint_axes.yaml\n'}
[0.134964] (indy_description) StdoutLine: {'line': b'-- Up-to-date: /root/common/indy-ros2/install/indy_description/share/indy_description//urdf/config/icon3/kinematics.yaml\n'}
[0.135073] (indy_description) StdoutLine: {'line': b'-- Up-to-date: /root/common/indy-ros2/install/indy_description/share/indy_description//urdf/config/icon3/joint_limits.yaml\n'}
[0.135169] (indy_description) StdoutLine: {'line': b'-- Up-to-date: /root/common/indy-ros2/install/indy_description/share/indy_description//urdf/config/nuri3s\n'}
[0.135259] (indy_description) StdoutLine: {'line': b'-- Up-to-date: /root/common/indy-ros2/install/indy_description/share/indy_description//urdf/config/nuri3s/visual_parameters.yaml\n'}
[0.135346] (indy_description) StdoutLine: {'line': b'-- Up-to-date: /root/common/indy-ros2/install/indy_description/share/indy_description//urdf/config/nuri3s/physical_parameters.yaml\n'}
[0.135432] (indy_description) StdoutLine: {'line': b'-- Up-to-date: /root/common/indy-ros2/install/indy_description/share/indy_description//urdf/config/nuri3s/joint_axes.yaml\n'}
[0.135516] (indy_description) StdoutLine: {'line': b'-- Up-to-date: /root/common/indy-ros2/install/indy_description/share/indy_description//urdf/config/nuri3s/kinematics.yaml\n'}
[0.135601] (indy_description) StdoutLine: {'line': b'-- Up-to-date: /root/common/indy-ros2/install/indy_description/share/indy_description//urdf/config/nuri3s/joint_limits.yaml\n'}
[0.135685] (indy_description) StdoutLine: {'line': b'-- Up-to-date: /root/common/indy-ros2/install/indy_description/share/indy_description//urdf/config/nuri7c\n'}
[0.135770] (indy_description) StdoutLine: {'line': b'-- Up-to-date: /root/common/indy-ros2/install/indy_description/share/indy_description//urdf/config/nuri7c/visual_parameters.yaml\n'}
[0.135858] (indy_description) StdoutLine: {'line': b'-- Up-to-date: /root/common/indy-ros2/install/indy_description/share/indy_description//urdf/config/nuri7c/physical_parameters.yaml\n'}
[0.135952] (indy_description) StdoutLine: {'line': b'-- Up-to-date: /root/common/indy-ros2/install/indy_description/share/indy_description//urdf/config/nuri7c/joint_axes.yaml\n'}
[0.136040] (indy_description) StdoutLine: {'line': b'-- Up-to-date: /root/common/indy-ros2/install/indy_description/share/indy_description//urdf/config/nuri7c/kinematics.yaml\n'}
[0.136163] (indy_description) StdoutLine: {'line': b'-- Up-to-date: /root/common/indy-ros2/install/indy_description/share/indy_description//urdf/config/nuri7c/joint_limits.yaml\n'}
[0.136287] (indy_description) StdoutLine: {'line': b'-- Up-to-date: /root/common/indy-ros2/install/indy_description/share/indy_description//urdf/config/indy12_v2\n'}
[0.136408] (indy_description) StdoutLine: {'line': b'-- Up-to-date: /root/common/indy-ros2/install/indy_description/share/indy_description//urdf/config/indy12_v2/visual_parameters.yaml\n'}
[0.136528] (indy_description) StdoutLine: {'line': b'-- Up-to-date: /root/common/indy-ros2/install/indy_description/share/indy_description//urdf/config/indy12_v2/physical_parameters.yaml\n'}
[0.136648] (indy_description) StdoutLine: {'line': b'-- Up-to-date: /root/common/indy-ros2/install/indy_description/share/indy_description//urdf/config/indy12_v2/joint_axes.yaml\n'}
[0.136766] (indy_description) StdoutLine: {'line': b'-- Up-to-date: /root/common/indy-ros2/install/indy_description/share/indy_description//urdf/config/indy12_v2/kinematics.yaml\n'}
[0.136881] (indy_description) StdoutLine: {'line': b'-- Up-to-date: /root/common/indy-ros2/install/indy_description/share/indy_description//urdf/config/indy12_v2/joint_limits.yaml\n'}
[0.136981] (indy_description) StdoutLine: {'line': b'-- Up-to-date: /root/common/indy-ros2/install/indy_description/share/indy_description//urdf/config/dual_icon3\n'}
[0.137105] (indy_description) StdoutLine: {'line': b'-- Up-to-date: /root/common/indy-ros2/install/indy_description/share/indy_description//urdf/config/dual_icon3/visual_parameters.yaml\n'}
[0.137236] (indy_description) StdoutLine: {'line': b'-- Up-to-date: /root/common/indy-ros2/install/indy_description/share/indy_description//urdf/config/dual_icon3/physical_parameters.yaml\n'}
[0.137353] (indy_description) StdoutLine: {'line': b'-- Up-to-date: /root/common/indy-ros2/install/indy_description/share/indy_description//urdf/config/dual_icon3/joint_axes.yaml\n'}
[0.137452] (indy_description) StdoutLine: {'line': b'-- Up-to-date: /root/common/indy-ros2/install/indy_description/share/indy_description//urdf/config/dual_icon3/kinematics.yaml\n'}
[0.137563] (indy_description) StdoutLine: {'line': b'-- Up-to-date: /root/common/indy-ros2/install/indy_description/share/indy_description//urdf/config/dual_icon3/joint_limits.yaml\n'}
[0.137626] (indy_description) StdoutLine: {'line': b'-- Up-to-date: /root/common/indy-ros2/install/indy_description/share/indy_description//urdf/config/icon7l\n'}
[0.137771] (indy_description) StdoutLine: {'line': b'-- Up-to-date: /root/common/indy-ros2/install/indy_description/share/indy_description//urdf/config/icon7l/visual_parameters.yaml\n'}
[0.137823] (indy_description) StdoutLine: {'line': b'-- Up-to-date: /root/common/indy-ros2/install/indy_description/share/indy_description//urdf/config/icon7l/physical_parameters.yaml\n'}
[0.137874] (indy_description) StdoutLine: {'line': b'-- Up-to-date: /root/common/indy-ros2/install/indy_description/share/indy_description//urdf/config/icon7l/joint_axes.yaml\n'}
[0.137930] (indy_description) StdoutLine: {'line': b'-- Up-to-date: /root/common/indy-ros2/install/indy_description/share/indy_description//urdf/config/icon7l/kinematics.yaml\n'}
[0.137981] (indy_description) StdoutLine: {'line': b'-- Up-to-date: /root/common/indy-ros2/install/indy_description/share/indy_description//urdf/config/icon7l/joint_limits.yaml\n'}
[0.138030] (indy_description) StdoutLine: {'line': b'-- Up-to-date: /root/common/indy-ros2/install/indy_description/share/indy_description//urdf/config/initial_positions.yaml\n'}
[0.138127] (indy_description) StdoutLine: {'line': b'-- Up-to-date: /root/common/indy-ros2/install/indy_description/share/ament_index/resource_index/package_run_dependencies/indy_description\n'}
[0.138281] (indy_description) StdoutLine: {'line': b'-- Up-to-date: /root/common/indy-ros2/install/indy_description/share/ament_index/resource_index/parent_prefix_path/indy_description\n'}
[0.138341] (indy_description) StdoutLine: {'line': b'-- Up-to-date: /root/common/indy-ros2/install/indy_description/share/indy_description/environment/ament_prefix_path.sh\n'}
[0.138405] (indy_description) StdoutLine: {'line': b'-- Up-to-date: /root/common/indy-ros2/install/indy_description/share/indy_description/environment/ament_prefix_path.dsv\n'}
[0.138562] (indy_description) StdoutLine: {'line': b'-- Up-to-date: /root/common/indy-ros2/install/indy_description/share/indy_description/environment/path.sh\n'}
[0.138703] (indy_description) StdoutLine: {'line': b'-- Up-to-date: /root/common/indy-ros2/install/indy_description/share/indy_description/environment/path.dsv\n'}
[0.138762] (indy_description) StdoutLine: {'line': b'-- Up-to-date: /root/common/indy-ros2/install/indy_description/share/indy_description/local_setup.bash\n'}
[0.138943] (indy_description) StdoutLine: {'line': b'-- Up-to-date: /root/common/indy-ros2/install/indy_description/share/indy_description/local_setup.sh\n'}
[0.139011] (indy_description) StdoutLine: {'line': b'-- Up-to-date: /root/common/indy-ros2/install/indy_description/share/indy_description/local_setup.zsh\n'}
[0.139066] (indy_description) StdoutLine: {'line': b'-- Up-to-date: /root/common/indy-ros2/install/indy_description/share/indy_description/local_setup.dsv\n'}
[0.139118] (indy_description) StdoutLine: {'line': b'-- Installing: /root/common/indy-ros2/install/indy_description/share/indy_description/package.dsv\n'}
[0.139168] (indy_description) StdoutLine: {'line': b'-- Up-to-date: /root/common/indy-ros2/install/indy_description/share/ament_index/resource_index/packages/indy_description\n'}
[0.139217] (indy_description) StdoutLine: {'line': b'-- Up-to-date: /root/common/indy-ros2/install/indy_description/share/indy_description/cmake/indy_descriptionConfig.cmake\n'}
[0.139267] (indy_description) StdoutLine: {'line': b'-- Up-to-date: /root/common/indy-ros2/install/indy_description/share/indy_description/cmake/indy_descriptionConfig-version.cmake\n'}
[0.139322] (indy_description) StdoutLine: {'line': b'-- Up-to-date: /root/common/indy-ros2/install/indy_description/share/indy_description/package.xml\n'}
[0.139429] (indy_description) CommandEnded: {'returncode': 0}
[0.139639] (indy_interfaces) StdoutLine: {'line': b'[ 78%] Built target indy_interfaces\n'}
[0.139711] (indy_interfaces) StdoutLine: {'line': b'[ 80%] Built target indy_interfaces__py\n'}
[0.139770] (indy_interfaces) StdoutLine: {'line': b'[ 89%] Built target indy_interfaces__rosidl_generator_py\n'}
[0.139870] (indy_interfaces) StdoutLine: {'line': b'[ 92%] Built target indy_interfaces__rosidl_typesupport_c__pyext\n'}
[0.139926] (indy_interfaces) StdoutLine: {'line': b'[ 96%] Built target indy_interfaces__rosidl_typesupport_fastrtps_c__pyext\n'}
[0.140005] (indy_interfaces) StdoutLine: {'line': b'[100%] Built target indy_interfaces__rosidl_typesupport_introspection_c__pyext\n'}
[0.150603] (indy_description) JobEnded: {'identifier': 'indy_description', 'rc': 0}
[0.151397] (indy_driver) JobStarted: {'identifier': 'indy_driver'}
[0.154611] (indy_gazebo) JobStarted: {'identifier': 'indy_gazebo'}
[0.158199] (indy_moveit) JobStarted: {'identifier': 'indy_moveit'}
[0.162474] (indy_driver) JobProgress: {'identifier': 'indy_driver', 'progress': 'cmake'}
[0.163163] (indy_driver) JobProgress: {'identifier': 'indy_driver', 'progress': 'build'}
[0.163805] (indy_driver) Command: {'cmd': ['/usr/bin/cmake', '--build', '/root/common/indy-ros2/build/indy_driver', '--', '-j12', '-l12'], 'cwd': '/root/common/indy-ros2/build/indy_driver', 'env': OrderedDict([('NV_LIBCUBLAS_VERSION', '11.11.3.6-1'), ('NV_CUDA_COMPAT_PACKAGE', 'cuda-compat-11-8'), ('HOSTNAME', 'idim'), ('SHLVL', '1'), ('LD_LIBRARY_PATH', '/opt/ros/humble/lib'), ('NV_LIBNCCL_PACKAGE_VERSION', '2.15.5-1'), ('AMENT_CPPCHECK_ALLOW_SLOW_VERSIONS', '1'), ('HOME', '/root'), ('OLDPWD', '/root/common'), ('ROS_PYTHON_VERSION', '3'), ('PS1', '\\[\x1b[0;33m\\]idim \\W $ \\[\x1b[0m\\]'), ('NV_LIBNPP_PACKAGE', 'libnpp-11-8=11.8.0.86-1'), ('CUDA_VERSION', '11.8.0'), ('COLCON_PREFIX_PATH', '/opt/ros/humble'), ('ROS_DISTRO', 'humble'), ('NV_LIBCUBLAS_PACKAGE_NAME', 'libcublas-11-8'), ('NVIDIA_REQUIRE_CUDA', 'cuda>=11.8 brand=tesla,driver>=470,driver<471 brand=unknown,driver>=470,driver<471 brand=nvidia,driver>=470,driver<471 brand=nvidiartx,driver>=470,driver<471 brand=geforce,driver>=470,driver<471 brand=geforcertx,driver>=470,driver<471 brand=quadro,driver>=470,driver<471 brand=quadrortx,driver>=470,driver<471 brand=titan,driver>=470,driver<471 brand=titanrtx,driver>=470,driver<471'), ('_', '/usr/bin/colcon'), ('ROS_VERSION', '2'), ('NV_LIBCUSPARSE_VERSION', '11.7.5.86-1'), ('NVIDIA_DRIVER_CAPABILITIES', 'graphics,utility,compute'), ('NV_CUDA_LIB_VERSION', '11.8.0-1'), ('NV_LIBNCCL_PACKAGE_NAME', 'libnccl2'), ('TERM', 'xterm'), ('NV_CUDA_CUDART_VERSION', '11.8.89-1'), ('QT_X11_NO_MITSHM', '1'), ('PATH', '/opt/ros/humble/bin:/usr/local/nvidia/bin:/usr/local/cuda/bin:/usr/local/sbin:/usr/local/bin:/usr/sbin:/usr/bin:/sbin:/bin'), ('NV_LIBCUBLAS_PACKAGE', 'libcublas-11-8=11.11.3.6-1'), ('NVARCH', 'x86_64'), ('DISPLAY', ':1'), ('NV_LIBNCCL_PACKAGE', 'libnccl2=2.15.5-1+cuda11.8'), ('NVIDIA_PRODUCT_NAME', 'CUDA'), ('LANG', 'en_US.UTF-8'), ('XAUTHORITY', '/tmp/.docker.xauth'), ('LS_COLORS', 'rs=0:di=01;34:ln=01;36:mh=00:pi=40;33:so=01;35:do=01;35:bd=40;33;01:cd=40;33;01:or=40;31;01:mi=00:su=37;41:sg=30;43:ca=30;41:tw=30;42:ow=34;42:st=37;44:ex=01;32:*.tar=01;31:*.tgz=01;31:*.arc=01;31:*.arj=01;31:*.taz=01;31:*.lha=01;31:*.lz4=01;31:*.lzh=01;31:*.lzma=01;31:*.tlz=01;31:*.txz=01;31:*.tzo=01;31:*.t7z=01;31:*.zip=01;31:*.z=01;31:*.dz=01;31:*.gz=01;31:*.lrz=01;31:*.lz=01;31:*.lzo=01;31:*.xz=01;31:*.zst=01;31:*.tzst=01;31:*.bz2=01;31:*.bz=01;31:*.tbz=01;31:*.tbz2=01;31:*.tz=01;31:*.deb=01;31:*.rpm=01;31:*.jar=01;31:*.war=01;31:*.ear=01;31:*.sar=01;31:*.rar=01;31:*.alz=01;31:*.ace=01;31:*.zoo=01;31:*.cpio=01;31:*.7z=01;31:*.rz=01;31:*.cab=01;31:*.wim=01;31:*.swm=01;31:*.dwm=01;31:*.esd=01;31:*.jpg=01;35:*.jpeg=01;35:*.mjpg=01;35:*.mjpeg=01;35:*.gif=01;35:*.bmp=01;35:*.pbm=01;35:*.pgm=01;35:*.ppm=01;35:*.tga=01;35:*.xbm=01;35:*.xpm=01;35:*.tif=01;35:*.tiff=01;35:*.png=01;35:*.svg=01;35:*.svgz=01;35:*.mng=01;35:*.pcx=01;35:*.mov=01;35:*.mpg=01;35:*.mpeg=01;35:*.m2v=01;35:*.mkv=01;35:*.webm=01;35:*.webp=01;35:*.ogm=01;35:*.mp4=01;35:*.m4v=01;35:*.mp4v=01;35:*.vob=01;35:*.qt=01;35:*.nuv=01;35:*.wmv=01;35:*.asf=01;35:*.rm=01;35:*.rmvb=01;35:*.flc=01;35:*.avi=01;35:*.fli=01;35:*.flv=01;35:*.gl=01;35:*.dl=01;35:*.xcf=01;35:*.xwd=01;35:*.yuv=01;35:*.cgm=01;35:*.emf=01;35:*.ogv=01;35:*.ogx=01;35:*.aac=00;36:*.au=00;36:*.flac=00;36:*.m4a=00;36:*.mid=00;36:*.midi=00;36:*.mka=00;36:*.mp3=00;36:*.mpc=00;36:*.ogg=00;36:*.ra=00;36:*.wav=00;36:*.oga=00;36:*.opus=00;36:*.spx=00;36:*.xspf=00;36:'), ('AMENT_PREFIX_PATH', '/root/common/indy-ros2/install/indy_description:/opt/ros/humble'), ('DEBIAN_FRONTEND', 'noninteractive'), ('LIBUVC_BACKEND', 'libusb'), ('NV_NVTX_VERSION', '11.8.86-1'), ('NV_LIBNPP_VERSION', '11.8.0.86-1'), ('PWD', '/root/common/indy-ros2/build/indy_driver'), ('PYTHONPATH', '/opt/ros/humble/local/lib/python3.10/dist-packages:/opt/ros/humble/lib/python3.10/site-packages'), ('NVIDIA_VISIBLE_DEVICES', 'all'), ('NCCL_VERSION', '2.15.5-1'), ('DEBCONF_NOWARNINGS', 'yes'), ('COLCON', '1'), ('CMAKE_PREFIX_PATH', '/root/common/indy-ros2/install/indy_description:/opt/ros/humble')]), 'shell': False}
[0.164650] (indy_gazebo) JobProgress: {'identifier': 'indy_gazebo', 'progress': 'cmake'}
[0.165036] (indy_gazebo) JobProgress: {'identifier': 'indy_gazebo', 'progress': 'build'}
[0.165539] (indy_gazebo) Command: {'cmd': ['/usr/bin/cmake', '--build', '/root/common/indy-ros2/build/indy_gazebo', '--', '-j12', '-l12'], 'cwd': '/root/common/indy-ros2/build/indy_gazebo', 'env': OrderedDict([('NV_LIBCUBLAS_VERSION', '11.11.3.6-1'), ('NV_CUDA_COMPAT_PACKAGE', 'cuda-compat-11-8'), ('HOSTNAME', 'idim'), ('SHLVL', '1'), ('LD_LIBRARY_PATH', '/opt/ros/humble/lib'), ('NV_LIBNCCL_PACKAGE_VERSION', '2.15.5-1'), ('AMENT_CPPCHECK_ALLOW_SLOW_VERSIONS', '1'), ('HOME', '/root'), ('OLDPWD', '/root/common'), ('ROS_PYTHON_VERSION', '3'), ('PS1', '\\[\x1b[0;33m\\]idim \\W $ \\[\x1b[0m\\]'), ('NV_LIBNPP_PACKAGE', 'libnpp-11-8=11.8.0.86-1'), ('CUDA_VERSION', '11.8.0'), ('COLCON_PREFIX_PATH', '/opt/ros/humble'), ('ROS_DISTRO', 'humble'), ('NV_LIBCUBLAS_PACKAGE_NAME', 'libcublas-11-8'), ('NVIDIA_REQUIRE_CUDA', 'cuda>=11.8 brand=tesla,driver>=470,driver<471 brand=unknown,driver>=470,driver<471 brand=nvidia,driver>=470,driver<471 brand=nvidiartx,driver>=470,driver<471 brand=geforce,driver>=470,driver<471 brand=geforcertx,driver>=470,driver<471 brand=quadro,driver>=470,driver<471 brand=quadrortx,driver>=470,driver<471 brand=titan,driver>=470,driver<471 brand=titanrtx,driver>=470,driver<471'), ('_', '/usr/bin/colcon'), ('ROS_VERSION', '2'), ('NV_LIBCUSPARSE_VERSION', '11.7.5.86-1'), ('NVIDIA_DRIVER_CAPABILITIES', 'graphics,utility,compute'), ('NV_CUDA_LIB_VERSION', '11.8.0-1'), ('NV_LIBNCCL_PACKAGE_NAME', 'libnccl2'), ('TERM', 'xterm'), ('NV_CUDA_CUDART_VERSION', '11.8.89-1'), ('QT_X11_NO_MITSHM', '1'), ('PATH', '/opt/ros/humble/bin:/usr/local/nvidia/bin:/usr/local/cuda/bin:/usr/local/sbin:/usr/local/bin:/usr/sbin:/usr/bin:/sbin:/bin'), ('NV_LIBCUBLAS_PACKAGE', 'libcublas-11-8=11.11.3.6-1'), ('NVARCH', 'x86_64'), ('DISPLAY', ':1'), ('NV_LIBNCCL_PACKAGE', 'libnccl2=2.15.5-1+cuda11.8'), ('NVIDIA_PRODUCT_NAME', 'CUDA'), ('LANG', 'en_US.UTF-8'), ('XAUTHORITY', '/tmp/.docker.xauth'), ('LS_COLORS', 'rs=0:di=01;34:ln=01;36:mh=00:pi=40;33:so=01;35:do=01;35:bd=40;33;01:cd=40;33;01:or=40;31;01:mi=00:su=37;41:sg=30;43:ca=30;41:tw=30;42:ow=34;42:st=37;44:ex=01;32:*.tar=01;31:*.tgz=01;31:*.arc=01;31:*.arj=01;31:*.taz=01;31:*.lha=01;31:*.lz4=01;31:*.lzh=01;31:*.lzma=01;31:*.tlz=01;31:*.txz=01;31:*.tzo=01;31:*.t7z=01;31:*.zip=01;31:*.z=01;31:*.dz=01;31:*.gz=01;31:*.lrz=01;31:*.lz=01;31:*.lzo=01;31:*.xz=01;31:*.zst=01;31:*.tzst=01;31:*.bz2=01;31:*.bz=01;31:*.tbz=01;31:*.tbz2=01;31:*.tz=01;31:*.deb=01;31:*.rpm=01;31:*.jar=01;31:*.war=01;31:*.ear=01;31:*.sar=01;31:*.rar=01;31:*.alz=01;31:*.ace=01;31:*.zoo=01;31:*.cpio=01;31:*.7z=01;31:*.rz=01;31:*.cab=01;31:*.wim=01;31:*.swm=01;31:*.dwm=01;31:*.esd=01;31:*.jpg=01;35:*.jpeg=01;35:*.mjpg=01;35:*.mjpeg=01;35:*.gif=01;35:*.bmp=01;35:*.pbm=01;35:*.pgm=01;35:*.ppm=01;35:*.tga=01;35:*.xbm=01;35:*.xpm=01;35:*.tif=01;35:*.tiff=01;35:*.png=01;35:*.svg=01;35:*.svgz=01;35:*.mng=01;35:*.pcx=01;35:*.mov=01;35:*.mpg=01;35:*.mpeg=01;35:*.m2v=01;35:*.mkv=01;35:*.webm=01;35:*.webp=01;35:*.ogm=01;35:*.mp4=01;35:*.m4v=01;35:*.mp4v=01;35:*.vob=01;35:*.qt=01;35:*.nuv=01;35:*.wmv=01;35:*.asf=01;35:*.rm=01;35:*.rmvb=01;35:*.flc=01;35:*.avi=01;35:*.fli=01;35:*.flv=01;35:*.gl=01;35:*.dl=01;35:*.xcf=01;35:*.xwd=01;35:*.yuv=01;35:*.cgm=01;35:*.emf=01;35:*.ogv=01;35:*.ogx=01;35:*.aac=00;36:*.au=00;36:*.flac=00;36:*.m4a=00;36:*.mid=00;36:*.midi=00;36:*.mka=00;36:*.mp3=00;36:*.mpc=00;36:*.ogg=00;36:*.ra=00;36:*.wav=00;36:*.oga=00;36:*.opus=00;36:*.spx=00;36:*.xspf=00;36:'), ('AMENT_PREFIX_PATH', '/root/common/indy-ros2/install/indy_description:/opt/ros/humble'), ('DEBIAN_FRONTEND', 'noninteractive'), ('LIBUVC_BACKEND', 'libusb'), ('NV_NVTX_VERSION', '11.8.86-1'), ('NV_LIBNPP_VERSION', '11.8.0.86-1'), ('PWD', '/root/common/indy-ros2/build/indy_gazebo'), ('PYTHONPATH', '/opt/ros/humble/local/lib/python3.10/dist-packages:/opt/ros/humble/lib/python3.10/site-packages'), ('NVIDIA_VISIBLE_DEVICES', 'all'), ('NCCL_VERSION', '2.15.5-1'), ('DEBCONF_NOWARNINGS', 'yes'), ('COLCON', '1'), ('CMAKE_PREFIX_PATH', '/root/common/indy-ros2/install/indy_description:/opt/ros/humble')]), 'shell': False}
[0.167528] (indy_moveit) JobProgress: {'identifier': 'indy_moveit', 'progress': 'cmake'}
[0.168277] (indy_moveit) JobProgress: {'identifier': 'indy_moveit', 'progress': 'build'}
[0.168690] (indy_moveit) Command: {'cmd': ['/usr/bin/cmake', '--build', '/root/common/indy-ros2/build/indy_moveit', '--', '-j12', '-l12'], 'cwd': '/root/common/indy-ros2/build/indy_moveit', 'env': OrderedDict([('NV_LIBCUBLAS_VERSION', '11.11.3.6-1'), ('NV_CUDA_COMPAT_PACKAGE', 'cuda-compat-11-8'), ('HOSTNAME', 'idim'), ('SHLVL', '1'), ('LD_LIBRARY_PATH', '/opt/ros/humble/lib'), ('NV_LIBNCCL_PACKAGE_VERSION', '2.15.5-1'), ('AMENT_CPPCHECK_ALLOW_SLOW_VERSIONS', '1'), ('HOME', '/root'), ('OLDPWD', '/root/common'), ('ROS_PYTHON_VERSION', '3'), ('PS1', '\\[\x1b[0;33m\\]idim \\W $ \\[\x1b[0m\\]'), ('NV_LIBNPP_PACKAGE', 'libnpp-11-8=11.8.0.86-1'), ('CUDA_VERSION', '11.8.0'), ('COLCON_PREFIX_PATH', '/opt/ros/humble'), ('ROS_DISTRO', 'humble'), ('NV_LIBCUBLAS_PACKAGE_NAME', 'libcublas-11-8'), ('NVIDIA_REQUIRE_CUDA', 'cuda>=11.8 brand=tesla,driver>=470,driver<471 brand=unknown,driver>=470,driver<471 brand=nvidia,driver>=470,driver<471 brand=nvidiartx,driver>=470,driver<471 brand=geforce,driver>=470,driver<471 brand=geforcertx,driver>=470,driver<471 brand=quadro,driver>=470,driver<471 brand=quadrortx,driver>=470,driver<471 brand=titan,driver>=470,driver<471 brand=titanrtx,driver>=470,driver<471'), ('_', '/usr/bin/colcon'), ('ROS_VERSION', '2'), ('NV_LIBCUSPARSE_VERSION', '11.7.5.86-1'), ('NVIDIA_DRIVER_CAPABILITIES', 'graphics,utility,compute'), ('NV_CUDA_LIB_VERSION', '11.8.0-1'), ('NV_LIBNCCL_PACKAGE_NAME', 'libnccl2'), ('TERM', 'xterm'), ('NV_CUDA_CUDART_VERSION', '11.8.89-1'), ('QT_X11_NO_MITSHM', '1'), ('PATH', '/opt/ros/humble/bin:/usr/local/nvidia/bin:/usr/local/cuda/bin:/usr/local/sbin:/usr/local/bin:/usr/sbin:/usr/bin:/sbin:/bin'), ('NV_LIBCUBLAS_PACKAGE', 'libcublas-11-8=11.11.3.6-1'), ('NVARCH', 'x86_64'), ('DISPLAY', ':1'), ('NV_LIBNCCL_PACKAGE', 'libnccl2=2.15.5-1+cuda11.8'), ('NVIDIA_PRODUCT_NAME', 'CUDA'), ('LANG', 'en_US.UTF-8'), ('XAUTHORITY', '/tmp/.docker.xauth'), ('LS_COLORS', 'rs=0:di=01;34:ln=01;36:mh=00:pi=40;33:so=01;35:do=01;35:bd=40;33;01:cd=40;33;01:or=40;31;01:mi=00:su=37;41:sg=30;43:ca=30;41:tw=30;42:ow=34;42:st=37;44:ex=01;32:*.tar=01;31:*.tgz=01;31:*.arc=01;31:*.arj=01;31:*.taz=01;31:*.lha=01;31:*.lz4=01;31:*.lzh=01;31:*.lzma=01;31:*.tlz=01;31:*.txz=01;31:*.tzo=01;31:*.t7z=01;31:*.zip=01;31:*.z=01;31:*.dz=01;31:*.gz=01;31:*.lrz=01;31:*.lz=01;31:*.lzo=01;31:*.xz=01;31:*.zst=01;31:*.tzst=01;31:*.bz2=01;31:*.bz=01;31:*.tbz=01;31:*.tbz2=01;31:*.tz=01;31:*.deb=01;31:*.rpm=01;31:*.jar=01;31:*.war=01;31:*.ear=01;31:*.sar=01;31:*.rar=01;31:*.alz=01;31:*.ace=01;31:*.zoo=01;31:*.cpio=01;31:*.7z=01;31:*.rz=01;31:*.cab=01;31:*.wim=01;31:*.swm=01;31:*.dwm=01;31:*.esd=01;31:*.jpg=01;35:*.jpeg=01;35:*.mjpg=01;35:*.mjpeg=01;35:*.gif=01;35:*.bmp=01;35:*.pbm=01;35:*.pgm=01;35:*.ppm=01;35:*.tga=01;35:*.xbm=01;35:*.xpm=01;35:*.tif=01;35:*.tiff=01;35:*.png=01;35:*.svg=01;35:*.svgz=01;35:*.mng=01;35:*.pcx=01;35:*.mov=01;35:*.mpg=01;35:*.mpeg=01;35:*.m2v=01;35:*.mkv=01;35:*.webm=01;35:*.webp=01;35:*.ogm=01;35:*.mp4=01;35:*.m4v=01;35:*.mp4v=01;35:*.vob=01;35:*.qt=01;35:*.nuv=01;35:*.wmv=01;35:*.asf=01;35:*.rm=01;35:*.rmvb=01;35:*.flc=01;35:*.avi=01;35:*.fli=01;35:*.flv=01;35:*.gl=01;35:*.dl=01;35:*.xcf=01;35:*.xwd=01;35:*.yuv=01;35:*.cgm=01;35:*.emf=01;35:*.ogv=01;35:*.ogx=01;35:*.aac=00;36:*.au=00;36:*.flac=00;36:*.m4a=00;36:*.mid=00;36:*.midi=00;36:*.mka=00;36:*.mp3=00;36:*.mpc=00;36:*.ogg=00;36:*.ra=00;36:*.wav=00;36:*.oga=00;36:*.opus=00;36:*.spx=00;36:*.xspf=00;36:'), ('AMENT_PREFIX_PATH', '/root/common/indy-ros2/install/indy_description:/opt/ros/humble'), ('DEBIAN_FRONTEND', 'noninteractive'), ('LIBUVC_BACKEND', 'libusb'), ('NV_NVTX_VERSION', '11.8.86-1'), ('NV_LIBNPP_VERSION', '11.8.0.86-1'), ('PWD', '/root/common/indy-ros2/build/indy_moveit'), ('PYTHONPATH', '/opt/ros/humble/local/lib/python3.10/dist-packages:/opt/ros/humble/lib/python3.10/site-packages'), ('NVIDIA_VISIBLE_DEVICES', 'all'), ('NCCL_VERSION', '2.15.5-1'), ('DEBCONF_NOWARNINGS', 'yes'), ('COLCON', '1'), ('CMAKE_PREFIX_PATH', '/root/common/indy-ros2/install/indy_description:/opt/ros/humble')]), 'shell': False}
[0.181225] (indy_gazebo) CommandEnded: {'returncode': 0}
[0.192736] (indy_driver) StdoutLine: {'line': b'Built target ament_cmake_python_copy_indy_driver\n'}
[0.194973] (indy_gazebo) JobProgress: {'identifier': 'indy_gazebo', 'progress': 'install'}
[0.195553] (indy_gazebo) Command: {'cmd': ['/usr/bin/cmake', '--install', '/root/common/indy-ros2/build/indy_gazebo'], 'cwd': '/root/common/indy-ros2/build/indy_gazebo', 'env': OrderedDict([('NV_LIBCUBLAS_VERSION', '11.11.3.6-1'), ('NV_CUDA_COMPAT_PACKAGE', 'cuda-compat-11-8'), ('HOSTNAME', 'idim'), ('SHLVL', '1'), ('LD_LIBRARY_PATH', '/opt/ros/humble/lib'), ('NV_LIBNCCL_PACKAGE_VERSION', '2.15.5-1'), ('AMENT_CPPCHECK_ALLOW_SLOW_VERSIONS', '1'), ('HOME', '/root'), ('OLDPWD', '/root/common'), ('ROS_PYTHON_VERSION', '3'), ('PS1', '\\[\x1b[0;33m\\]idim \\W $ \\[\x1b[0m\\]'), ('NV_LIBNPP_PACKAGE', 'libnpp-11-8=11.8.0.86-1'), ('CUDA_VERSION', '11.8.0'), ('COLCON_PREFIX_PATH', '/opt/ros/humble'), ('ROS_DISTRO', 'humble'), ('NV_LIBCUBLAS_PACKAGE_NAME', 'libcublas-11-8'), ('NVIDIA_REQUIRE_CUDA', 'cuda>=11.8 brand=tesla,driver>=470,driver<471 brand=unknown,driver>=470,driver<471 brand=nvidia,driver>=470,driver<471 brand=nvidiartx,driver>=470,driver<471 brand=geforce,driver>=470,driver<471 brand=geforcertx,driver>=470,driver<471 brand=quadro,driver>=470,driver<471 brand=quadrortx,driver>=470,driver<471 brand=titan,driver>=470,driver<471 brand=titanrtx,driver>=470,driver<471'), ('_', '/usr/bin/colcon'), ('ROS_VERSION', '2'), ('NV_LIBCUSPARSE_VERSION', '11.7.5.86-1'), ('NVIDIA_DRIVER_CAPABILITIES', 'graphics,utility,compute'), ('NV_CUDA_LIB_VERSION', '11.8.0-1'), ('NV_LIBNCCL_PACKAGE_NAME', 'libnccl2'), ('TERM', 'xterm'), ('NV_CUDA_CUDART_VERSION', '11.8.89-1'), ('QT_X11_NO_MITSHM', '1'), ('PATH', '/opt/ros/humble/bin:/usr/local/nvidia/bin:/usr/local/cuda/bin:/usr/local/sbin:/usr/local/bin:/usr/sbin:/usr/bin:/sbin:/bin'), ('NV_LIBCUBLAS_PACKAGE', 'libcublas-11-8=11.11.3.6-1'), ('NVARCH', 'x86_64'), ('DISPLAY', ':1'), ('NV_LIBNCCL_PACKAGE', 'libnccl2=2.15.5-1+cuda11.8'), ('NVIDIA_PRODUCT_NAME', 'CUDA'), ('LANG', 'en_US.UTF-8'), ('XAUTHORITY', '/tmp/.docker.xauth'), ('LS_COLORS', 'rs=0:di=01;34:ln=01;36:mh=00:pi=40;33:so=01;35:do=01;35:bd=40;33;01:cd=40;33;01:or=40;31;01:mi=00:su=37;41:sg=30;43:ca=30;41:tw=30;42:ow=34;42:st=37;44:ex=01;32:*.tar=01;31:*.tgz=01;31:*.arc=01;31:*.arj=01;31:*.taz=01;31:*.lha=01;31:*.lz4=01;31:*.lzh=01;31:*.lzma=01;31:*.tlz=01;31:*.txz=01;31:*.tzo=01;31:*.t7z=01;31:*.zip=01;31:*.z=01;31:*.dz=01;31:*.gz=01;31:*.lrz=01;31:*.lz=01;31:*.lzo=01;31:*.xz=01;31:*.zst=01;31:*.tzst=01;31:*.bz2=01;31:*.bz=01;31:*.tbz=01;31:*.tbz2=01;31:*.tz=01;31:*.deb=01;31:*.rpm=01;31:*.jar=01;31:*.war=01;31:*.ear=01;31:*.sar=01;31:*.rar=01;31:*.alz=01;31:*.ace=01;31:*.zoo=01;31:*.cpio=01;31:*.7z=01;31:*.rz=01;31:*.cab=01;31:*.wim=01;31:*.swm=01;31:*.dwm=01;31:*.esd=01;31:*.jpg=01;35:*.jpeg=01;35:*.mjpg=01;35:*.mjpeg=01;35:*.gif=01;35:*.bmp=01;35:*.pbm=01;35:*.pgm=01;35:*.ppm=01;35:*.tga=01;35:*.xbm=01;35:*.xpm=01;35:*.tif=01;35:*.tiff=01;35:*.png=01;35:*.svg=01;35:*.svgz=01;35:*.mng=01;35:*.pcx=01;35:*.mov=01;35:*.mpg=01;35:*.mpeg=01;35:*.m2v=01;35:*.mkv=01;35:*.webm=01;35:*.webp=01;35:*.ogm=01;35:*.mp4=01;35:*.m4v=01;35:*.mp4v=01;35:*.vob=01;35:*.qt=01;35:*.nuv=01;35:*.wmv=01;35:*.asf=01;35:*.rm=01;35:*.rmvb=01;35:*.flc=01;35:*.avi=01;35:*.fli=01;35:*.flv=01;35:*.gl=01;35:*.dl=01;35:*.xcf=01;35:*.xwd=01;35:*.yuv=01;35:*.cgm=01;35:*.emf=01;35:*.ogv=01;35:*.ogx=01;35:*.aac=00;36:*.au=00;36:*.flac=00;36:*.m4a=00;36:*.mid=00;36:*.midi=00;36:*.mka=00;36:*.mp3=00;36:*.mpc=00;36:*.ogg=00;36:*.ra=00;36:*.wav=00;36:*.oga=00;36:*.opus=00;36:*.spx=00;36:*.xspf=00;36:'), ('AMENT_PREFIX_PATH', '/root/common/indy-ros2/install/indy_description:/opt/ros/humble'), ('DEBIAN_FRONTEND', 'noninteractive'), ('LIBUVC_BACKEND', 'libusb'), ('NV_NVTX_VERSION', '11.8.86-1'), ('NV_LIBNPP_VERSION', '11.8.0.86-1'), ('PWD', '/root/common/indy-ros2/build/indy_gazebo'), ('PYTHONPATH', '/opt/ros/humble/local/lib/python3.10/dist-packages:/opt/ros/humble/lib/python3.10/site-packages'), ('NVIDIA_VISIBLE_DEVICES', 'all'), ('NCCL_VERSION', '2.15.5-1'), ('DEBCONF_NOWARNINGS', 'yes'), ('COLCON', '1'), ('CMAKE_PREFIX_PATH', '/root/common/indy-ros2/install/indy_description:/opt/ros/humble')]), 'shell': False}
[0.198224] (indy_gazebo) StdoutLine: {'line': b'-- Install configuration: ""\n'}
[0.198415] (indy_gazebo) StdoutLine: {'line': b'-- Up-to-date: /root/common/indy-ros2/install/indy_gazebo/share/indy_gazebo//launch\n'}
[0.198550] (indy_gazebo) StdoutLine: {'line': b'-- Up-to-date: /root/common/indy-ros2/install/indy_gazebo/share/indy_gazebo//launch/indy_gazebo.launch.py\n'}
[0.198677] (indy_gazebo) StdoutLine: {'line': b'-- Up-to-date: /root/common/indy-ros2/install/indy_gazebo/share/indy_gazebo//controller\n'}
[0.198755] (indy_gazebo) StdoutLine: {'line': b'-- Up-to-date: /root/common/indy-ros2/install/indy_gazebo/share/indy_gazebo//controller/indy_controllers_7dof.yaml\n'}
[0.198833] (indy_gazebo) StdoutLine: {'line': b'-- Up-to-date: /root/common/indy-ros2/install/indy_gazebo/share/indy_gazebo//controller/indy_controllers_6dof.yaml\n'}
[0.198947] (indy_gazebo) StdoutLine: {'line': b'-- Up-to-date: /root/common/indy-ros2/install/indy_gazebo/share/ament_index/resource_index/package_run_dependencies/indy_gazebo\n'}
[0.199060] (indy_gazebo) StdoutLine: {'line': b'-- Up-to-date: /root/common/indy-ros2/install/indy_gazebo/share/ament_index/resource_index/parent_prefix_path/indy_gazebo\n'}
[0.199164] (indy_gazebo) StdoutLine: {'line': b'-- Up-to-date: /root/common/indy-ros2/install/indy_gazebo/share/indy_gazebo/environment/ament_prefix_path.sh\n'}
[0.199241] (indy_gazebo) StdoutLine: {'line': b'-- Up-to-date: /root/common/indy-ros2/install/indy_gazebo/share/indy_gazebo/environment/ament_prefix_path.dsv\n'}
[0.199316] (indy_gazebo) StdoutLine: {'line': b'-- Up-to-date: /root/common/indy-ros2/install/indy_gazebo/share/indy_gazebo/environment/path.sh\n'}
[0.199389] (-) TimerEvent: {}
[0.199495] (indy_gazebo) StdoutLine: {'line': b'-- Up-to-date: /root/common/indy-ros2/install/indy_gazebo/share/indy_gazebo/environment/path.dsv\n'}
[0.199589] (indy_gazebo) StdoutLine: {'line': b'-- Up-to-date: /root/common/indy-ros2/install/indy_gazebo/share/indy_gazebo/local_setup.bash\n'}
[0.199772] (indy_gazebo) StdoutLine: {'line': b'-- Up-to-date: /root/common/indy-ros2/install/indy_gazebo/share/indy_gazebo/local_setup.sh\n'}
[0.200013] (indy_gazebo) StdoutLine: {'line': b'-- Up-to-date: /root/common/indy-ros2/install/indy_gazebo/share/indy_gazebo/local_setup.zsh\n'}
[0.201148] (indy_gazebo) StdoutLine: {'line': b'-- Up-to-date: /root/common/indy-ros2/install/indy_gazebo/share/indy_gazebo/local_setup.dsv\n'}
[0.201334] (indy_gazebo) StdoutLine: {'line': b'-- Installing: /root/common/indy-ros2/install/indy_gazebo/share/indy_gazebo/package.dsv\n'}
[0.201483] (indy_gazebo) StdoutLine: {'line': b'-- Up-to-date: /root/common/indy-ros2/install/indy_gazebo/share/ament_index/resource_index/packages/indy_gazebo\n'}
[0.201624] (indy_gazebo) StdoutLine: {'line': b'-- Up-to-date: /root/common/indy-ros2/install/indy_gazebo/share/indy_gazebo/cmake/indy_gazeboConfig.cmake\n'}
[0.201770] (indy_gazebo) StdoutLine: {'line': b'-- Up-to-date: /root/common/indy-ros2/install/indy_gazebo/share/indy_gazebo/cmake/indy_gazeboConfig-version.cmake\n'}
[0.201884] (indy_gazebo) StdoutLine: {'line': b'-- Up-to-date: /root/common/indy-ros2/install/indy_gazebo/share/indy_gazebo/package.xml\n'}
[0.202003] (indy_gazebo) CommandEnded: {'returncode': 0}
[0.202258] (indy_moveit) StdoutLine: {'line': b'Built target ament_cmake_python_copy_indy_moveit\n'}
[0.226673] (indy_gazebo) JobEnded: {'identifier': 'indy_gazebo', 'rc': 0}
[0.299483] (-) TimerEvent: {}
[0.323732] (indy_interfaces) StdoutLine: {'line': b'running egg_info\n'}
[0.324296] (indy_interfaces) StdoutLine: {'line': b'writing indy_interfaces.egg-info/PKG-INFO\n'}
[0.324805] (indy_interfaces) StdoutLine: {'line': b'writing dependency_links to indy_interfaces.egg-info/dependency_links.txt\n'}
[0.324932] (indy_interfaces) StdoutLine: {'line': b'writing top-level names to indy_interfaces.egg-info/top_level.txt\n'}
[0.327283] (indy_interfaces) StdoutLine: {'line': b"reading manifest file 'indy_interfaces.egg-info/SOURCES.txt'\n"}
[0.327863] (indy_interfaces) StdoutLine: {'line': b"writing manifest file 'indy_interfaces.egg-info/SOURCES.txt'\n"}
[0.343856] (indy_interfaces) StdoutLine: {'line': b'[100%] Built target ament_cmake_python_build_indy_interfaces_egg\n'}
[0.348361] (indy_interfaces) CommandEnded: {'returncode': 0}
[0.399562] (-) TimerEvent: {}
[0.413048] (indy_driver) StdoutLine: {'line': b'running egg_info\n'}
[0.413735] (indy_driver) StdoutLine: {'line': b'writing indy_driver.egg-info/PKG-INFO\n'}
[0.414082] (indy_driver) StdoutLine: {'line': b'writing dependency_links to indy_driver.egg-info/dependency_links.txt\n'}
[0.414247] (indy_driver) StdoutLine: {'line': b'writing top-level names to indy_driver.egg-info/top_level.txt\n'}
[0.415838] (indy_driver) StdoutLine: {'line': b"reading manifest file 'indy_driver.egg-info/SOURCES.txt'\n"}
[0.416704] (indy_driver) StdoutLine: {'line': b"writing manifest file 'indy_driver.egg-info/SOURCES.txt'\n"}
[0.419922] (indy_moveit) StdoutLine: {'line': b'running egg_info\n'}
[0.420547] (indy_moveit) StdoutLine: {'line': b'writing indy_moveit.egg-info/PKG-INFO\n'}
[0.420784] (indy_moveit) StdoutLine: {'line': b'writing dependency_links to indy_moveit.egg-info/dependency_links.txt\n'}
[0.421009] (indy_moveit) StdoutLine: {'line': b'writing top-level names to indy_moveit.egg-info/top_level.txt\n'}
[0.422979] (indy_moveit) StdoutLine: {'line': b"reading manifest file 'indy_moveit.egg-info/SOURCES.txt'\n"}
[0.423697] (indy_moveit) StdoutLine: {'line': b"writing manifest file 'indy_moveit.egg-info/SOURCES.txt'\n"}
[0.429051] (indy_interfaces) JobProgress: {'identifier': 'indy_interfaces', 'progress': 'install'}
[0.430100] (indy_interfaces) Command: {'cmd': ['/usr/bin/cmake', '--install', '/root/common/indy-ros2/build/indy_interfaces'], 'cwd': '/root/common/indy-ros2/build/indy_interfaces', 'env': OrderedDict([('NV_LIBCUBLAS_VERSION', '11.11.3.6-1'), ('NV_CUDA_COMPAT_PACKAGE', 'cuda-compat-11-8'), ('HOSTNAME', 'idim'), ('SHLVL', '1'), ('LD_LIBRARY_PATH', '/opt/ros/humble/lib'), ('NV_LIBNCCL_PACKAGE_VERSION', '2.15.5-1'), ('AMENT_CPPCHECK_ALLOW_SLOW_VERSIONS', '1'), ('HOME', '/root'), ('OLDPWD', '/root/common'), ('ROS_PYTHON_VERSION', '3'), ('PS1', '\\[\x1b[0;33m\\]idim \\W $ \\[\x1b[0m\\]'), ('NV_LIBNPP_PACKAGE', 'libnpp-11-8=11.8.0.86-1'), ('CUDA_VERSION', '11.8.0'), ('COLCON_PREFIX_PATH', '/opt/ros/humble'), ('ROS_DISTRO', 'humble'), ('NV_LIBCUBLAS_PACKAGE_NAME', 'libcublas-11-8'), ('NVIDIA_REQUIRE_CUDA', 'cuda>=11.8 brand=tesla,driver>=470,driver<471 brand=unknown,driver>=470,driver<471 brand=nvidia,driver>=470,driver<471 brand=nvidiartx,driver>=470,driver<471 brand=geforce,driver>=470,driver<471 brand=geforcertx,driver>=470,driver<471 brand=quadro,driver>=470,driver<471 brand=quadrortx,driver>=470,driver<471 brand=titan,driver>=470,driver<471 brand=titanrtx,driver>=470,driver<471'), ('_', '/usr/bin/colcon'), ('ROS_VERSION', '2'), ('NV_LIBCUSPARSE_VERSION', '11.7.5.86-1'), ('NVIDIA_DRIVER_CAPABILITIES', 'graphics,utility,compute'), ('NV_CUDA_LIB_VERSION', '11.8.0-1'), ('NV_LIBNCCL_PACKAGE_NAME', 'libnccl2'), ('TERM', 'xterm'), ('NV_CUDA_CUDART_VERSION', '11.8.89-1'), ('QT_X11_NO_MITSHM', '1'), ('PATH', '/opt/ros/humble/bin:/usr/local/nvidia/bin:/usr/local/cuda/bin:/usr/local/sbin:/usr/local/bin:/usr/sbin:/usr/bin:/sbin:/bin'), ('NV_LIBCUBLAS_PACKAGE', 'libcublas-11-8=11.11.3.6-1'), ('NVARCH', 'x86_64'), ('DISPLAY', ':1'), ('NV_LIBNCCL_PACKAGE', 'libnccl2=2.15.5-1+cuda11.8'), ('NVIDIA_PRODUCT_NAME', 'CUDA'), ('LANG', 'en_US.UTF-8'), ('XAUTHORITY', '/tmp/.docker.xauth'), ('LS_COLORS', 'rs=0:di=01;34:ln=01;36:mh=00:pi=40;33:so=01;35:do=01;35:bd=40;33;01:cd=40;33;01:or=40;31;01:mi=00:su=37;41:sg=30;43:ca=30;41:tw=30;42:ow=34;42:st=37;44:ex=01;32:*.tar=01;31:*.tgz=01;31:*.arc=01;31:*.arj=01;31:*.taz=01;31:*.lha=01;31:*.lz4=01;31:*.lzh=01;31:*.lzma=01;31:*.tlz=01;31:*.txz=01;31:*.tzo=01;31:*.t7z=01;31:*.zip=01;31:*.z=01;31:*.dz=01;31:*.gz=01;31:*.lrz=01;31:*.lz=01;31:*.lzo=01;31:*.xz=01;31:*.zst=01;31:*.tzst=01;31:*.bz2=01;31:*.bz=01;31:*.tbz=01;31:*.tbz2=01;31:*.tz=01;31:*.deb=01;31:*.rpm=01;31:*.jar=01;31:*.war=01;31:*.ear=01;31:*.sar=01;31:*.rar=01;31:*.alz=01;31:*.ace=01;31:*.zoo=01;31:*.cpio=01;31:*.7z=01;31:*.rz=01;31:*.cab=01;31:*.wim=01;31:*.swm=01;31:*.dwm=01;31:*.esd=01;31:*.jpg=01;35:*.jpeg=01;35:*.mjpg=01;35:*.mjpeg=01;35:*.gif=01;35:*.bmp=01;35:*.pbm=01;35:*.pgm=01;35:*.ppm=01;35:*.tga=01;35:*.xbm=01;35:*.xpm=01;35:*.tif=01;35:*.tiff=01;35:*.png=01;35:*.svg=01;35:*.svgz=01;35:*.mng=01;35:*.pcx=01;35:*.mov=01;35:*.mpg=01;35:*.mpeg=01;35:*.m2v=01;35:*.mkv=01;35:*.webm=01;35:*.webp=01;35:*.ogm=01;35:*.mp4=01;35:*.m4v=01;35:*.mp4v=01;35:*.vob=01;35:*.qt=01;35:*.nuv=01;35:*.wmv=01;35:*.asf=01;35:*.rm=01;35:*.rmvb=01;35:*.flc=01;35:*.avi=01;35:*.fli=01;35:*.flv=01;35:*.gl=01;35:*.dl=01;35:*.xcf=01;35:*.xwd=01;35:*.yuv=01;35:*.cgm=01;35:*.emf=01;35:*.ogv=01;35:*.ogx=01;35:*.aac=00;36:*.au=00;36:*.flac=00;36:*.m4a=00;36:*.mid=00;36:*.midi=00;36:*.mka=00;36:*.mp3=00;36:*.mpc=00;36:*.ogg=00;36:*.ra=00;36:*.wav=00;36:*.oga=00;36:*.opus=00;36:*.spx=00;36:*.xspf=00;36:'), ('AMENT_PREFIX_PATH', '/opt/ros/humble'), ('DEBIAN_FRONTEND', 'noninteractive'), ('LIBUVC_BACKEND', 'libusb'), ('NV_NVTX_VERSION', '11.8.86-1'), ('NV_LIBNPP_VERSION', '11.8.0.86-1'), ('PWD', '/root/common/indy-ros2/build/indy_interfaces'), ('PYTHONPATH', '/opt/ros/humble/local/lib/python3.10/dist-packages:/opt/ros/humble/lib/python3.10/site-packages'), ('NVIDIA_VISIBLE_DEVICES', 'all'), ('NCCL_VERSION', '2.15.5-1'), ('DEBCONF_NOWARNINGS', 'yes'), ('COLCON', '1'), ('CMAKE_PREFIX_PATH', '/opt/ros/humble')]), 'shell': False}
[0.433110] (indy_interfaces) StdoutLine: {'line': b'-- Install configuration: ""\n'}
[0.433704] (indy_interfaces) StdoutLine: {'line': b'-- Up-to-date: /root/common/indy-ros2/install/indy_interfaces/share/ament_index/resource_index/rosidl_interfaces/indy_interfaces\n'}
[0.433996] (indy_interfaces) StdoutLine: {'line': b'-- Up-to-date: /root/common/indy-ros2/install/indy_interfaces/include/indy_interfaces/indy_interfaces\n'}
[0.434112] (indy_interfaces) StdoutLine: {'line': b'-- Up-to-date: /root/common/indy-ros2/install/indy_interfaces/include/indy_interfaces/indy_interfaces/msg\n'}
[0.434254] (indy_interfaces) StdoutLine: {'line': b'-- Up-to-date: /root/common/indy-ros2/install/indy_interfaces/include/indy_interfaces/indy_interfaces/msg/servo_rx.h\n'}
[0.434334] (indy_interfaces) StdoutLine: {'line': b'-- Up-to-date: /root/common/indy-ros2/install/indy_interfaces/include/indy_interfaces/indy_interfaces/msg/detail\n'}
[0.434450] (indy_interfaces) StdoutLine: {'line': b'-- Up-to-date: /root/common/indy-ros2/install/indy_interfaces/include/indy_interfaces/indy_interfaces/msg/detail/servo_rx__functions.c\n'}
[0.434626] (indy_interfaces) StdoutLine: {'line': b'-- Up-to-date: /root/common/indy-ros2/install/indy_interfaces/include/indy_interfaces/indy_interfaces/msg/detail/servo_tx__type_support.h\n'}
[0.434713] (indy_interfaces) StdoutLine: {'line': b'-- Up-to-date: /root/common/indy-ros2/install/indy_interfaces/include/indy_interfaces/indy_interfaces/msg/detail/servo_rx__struct.h\n'}
[0.434814] (indy_interfaces) StdoutLine: {'line': b'-- Up-to-date: /root/common/indy-ros2/install/indy_interfaces/include/indy_interfaces/indy_interfaces/msg/detail/servo_data_array__struct.h\n'}
[0.434900] (indy_interfaces) StdoutLine: {'line': b'-- Up-to-date: /root/common/indy-ros2/install/indy_interfaces/include/indy_interfaces/indy_interfaces/msg/detail/servo_data_array__functions.h\n'}
[0.435047] (indy_interfaces) StdoutLine: {'line': b'-- Up-to-date: /root/common/indy-ros2/install/indy_interfaces/include/indy_interfaces/indy_interfaces/msg/detail/servo_data_array__type_support.h\n'}
[0.435166] (indy_interfaces) StdoutLine: {'line': b'-- Up-to-date: /root/common/indy-ros2/install/indy_interfaces/include/indy_interfaces/indy_interfaces/msg/detail/servo_rx__type_support.h\n'}
[0.435255] (indy_interfaces) StdoutLine: {'line': b'-- Up-to-date: /root/common/indy-ros2/install/indy_interfaces/include/indy_interfaces/indy_interfaces/msg/detail/servo_rx__functions.h\n'}
[0.435363] (indy_interfaces) StdoutLine: {'line': b'-- Up-to-date: /root/common/indy-ros2/install/indy_interfaces/include/indy_interfaces/indy_interfaces/msg/detail/servo_tx__struct.h\n'}
[0.435445] (indy_interfaces) StdoutLine: {'line': b'-- Up-to-date: /root/common/indy-ros2/install/indy_interfaces/include/indy_interfaces/indy_interfaces/msg/detail/servo_data_array__functions.c\n'}
[0.435504] (indy_interfaces) StdoutLine: {'line': b'-- Up-to-date: /root/common/indy-ros2/install/indy_interfaces/include/indy_interfaces/indy_interfaces/msg/detail/servo_tx__functions.c\n'}
[0.435557] (indy_interfaces) StdoutLine: {'line': b'-- Up-to-date: /root/common/indy-ros2/install/indy_interfaces/include/indy_interfaces/indy_interfaces/msg/detail/servo_tx__functions.h\n'}
[0.435621] (indy_interfaces) StdoutLine: {'line': b'-- Up-to-date: /root/common/indy-ros2/install/indy_interfaces/include/indy_interfaces/indy_interfaces/msg/servo_data_array.h\n'}
[0.435674] (indy_interfaces) StdoutLine: {'line': b'-- Up-to-date: /root/common/indy-ros2/install/indy_interfaces/include/indy_interfaces/indy_interfaces/msg/servo_tx.h\n'}
[0.435725] (indy_interfaces) StdoutLine: {'line': b'-- Up-to-date: /root/common/indy-ros2/install/indy_interfaces/include/indy_interfaces/indy_interfaces/msg/rosidl_generator_c__visibility_control.h\n'}
[0.435776] (indy_interfaces) StdoutLine: {'line': b'-- Up-to-date: /root/common/indy-ros2/install/indy_interfaces/include/indy_interfaces/indy_interfaces/srv\n'}
[0.435828] (indy_interfaces) StdoutLine: {'line': b'-- Up-to-date: /root/common/indy-ros2/install/indy_interfaces/include/indy_interfaces/indy_interfaces/srv/detail\n'}
[0.435902] (indy_interfaces) StdoutLine: {'line': b'-- Up-to-date: /root/common/indy-ros2/install/indy_interfaces/include/indy_interfaces/indy_interfaces/srv/detail/indy_service__struct.h\n'}
[0.435954] (indy_interfaces) StdoutLine: {'line': b'-- Up-to-date: /root/common/indy-ros2/install/indy_interfaces/include/indy_interfaces/indy_interfaces/srv/detail/indy_service__functions.c\n'}
[0.436042] (indy_interfaces) StdoutLine: {'line': b'-- Up-to-date: /root/common/indy-ros2/install/indy_interfaces/include/indy_interfaces/indy_interfaces/srv/detail/indy_service__type_support.h\n'}
[0.436167] (indy_interfaces) StdoutLine: {'line': b'-- Up-to-date: /root/common/indy-ros2/install/indy_interfaces/include/indy_interfaces/indy_interfaces/srv/detail/indy_service__functions.h\n'}
[0.436270] (indy_interfaces) StdoutLine: {'line': b'-- Up-to-date: /root/common/indy-ros2/install/indy_interfaces/include/indy_interfaces/indy_interfaces/srv/indy_service.h\n'}
[0.436369] (indy_interfaces) StdoutLine: {'line': b'-- Up-to-date: /root/common/indy-ros2/install/indy_interfaces/share/indy_interfaces/environment/library_path.sh\n'}
[0.436455] (indy_interfaces) StdoutLine: {'line': b'-- Up-to-date: /root/common/indy-ros2/install/indy_interfaces/share/indy_interfaces/environment/library_path.dsv\n'}
[0.436538] (indy_interfaces) StdoutLine: {'line': b'-- Up-to-date: /root/common/indy-ros2/install/indy_interfaces/lib/libindy_interfaces__rosidl_generator_c.so\n'}
[0.436663] (indy_interfaces) StdoutLine: {'line': b'-- Up-to-date: /root/common/indy-ros2/install/indy_interfaces/include/indy_interfaces/indy_interfaces\n'}
[0.436738] (indy_interfaces) StdoutLine: {'line': b'-- Up-to-date: /root/common/indy-ros2/install/indy_interfaces/include/indy_interfaces/indy_interfaces/msg\n'}
[0.436802] (indy_interfaces) StdoutLine: {'line': b'-- Up-to-date: /root/common/indy-ros2/install/indy_interfaces/include/indy_interfaces/indy_interfaces/msg/detail\n'}
[0.436854] (indy_interfaces) StdoutLine: {'line': b'-- Up-to-date: /root/common/indy-ros2/install/indy_interfaces/include/indy_interfaces/indy_interfaces/msg/detail/servo_data_array__rosidl_typesupport_fastrtps_c.h\n'}
[0.436958] (indy_interfaces) StdoutLine: {'line': b'-- Up-to-date: /root/common/indy-ros2/install/indy_interfaces/include/indy_interfaces/indy_interfaces/msg/detail/servo_rx__rosidl_typesupport_fastrtps_c.h\n'}
[0.437051] (indy_interfaces) StdoutLine: {'line': b'-- Up-to-date: /root/common/indy-ros2/install/indy_interfaces/include/indy_interfaces/indy_interfaces/msg/detail/servo_tx__rosidl_typesupport_fastrtps_c.h\n'}
[0.437128] (indy_interfaces) StdoutLine: {'line': b'-- Up-to-date: /root/common/indy-ros2/install/indy_interfaces/include/indy_interfaces/indy_interfaces/msg/rosidl_typesupport_fastrtps_c__visibility_control.h\n'}
[0.437256] (indy_interfaces) StdoutLine: {'line': b'-- Up-to-date: /root/common/indy-ros2/install/indy_interfaces/include/indy_interfaces/indy_interfaces/srv\n'}
[0.437392] (indy_interfaces) StdoutLine: {'line': b'-- Up-to-date: /root/common/indy-ros2/install/indy_interfaces/include/indy_interfaces/indy_interfaces/srv/detail\n'}
[0.437641] (indy_interfaces) StdoutLine: {'line': b'-- Up-to-date: /root/common/indy-ros2/install/indy_interfaces/include/indy_interfaces/indy_interfaces/srv/detail/indy_service__rosidl_typesupport_fastrtps_c.h\n'}
[0.437728] (indy_interfaces) StdoutLine: {'line': b'-- Up-to-date: /root/common/indy-ros2/install/indy_interfaces/lib/libindy_interfaces__rosidl_typesupport_fastrtps_c.so\n'}
[0.437783] (indy_interfaces) StdoutLine: {'line': b'-- Up-to-date: /root/common/indy-ros2/install/indy_interfaces/include/indy_interfaces/indy_interfaces\n'}
[0.437834] (indy_interfaces) StdoutLine: {'line': b'-- Up-to-date: /root/common/indy-ros2/install/indy_interfaces/include/indy_interfaces/indy_interfaces/msg\n'}
[0.437885] (indy_interfaces) StdoutLine: {'line': b'-- Up-to-date: /root/common/indy-ros2/install/indy_interfaces/include/indy_interfaces/indy_interfaces/msg/detail\n'}
[0.437959] (indy_interfaces) StdoutLine: {'line': b'-- Up-to-date: /root/common/indy-ros2/install/indy_interfaces/include/indy_interfaces/indy_interfaces/msg/detail/servo_tx__type_support.c\n'}
[0.438017] (indy_interfaces) StdoutLine: {'line': b'-- Up-to-date: /root/common/indy-ros2/install/indy_interfaces/include/indy_interfaces/indy_interfaces/msg/detail/servo_data_array__type_support.c\n'}
[0.438071] (indy_interfaces) StdoutLine: {'line': b'-- Up-to-date: /root/common/indy-ros2/install/indy_interfaces/include/indy_interfaces/indy_interfaces/msg/detail/servo_tx__rosidl_typesupport_introspection_c.h\n'}
[0.438212] (indy_interfaces) StdoutLine: {'line': b'-- Up-to-date: /root/common/indy-ros2/install/indy_interfaces/include/indy_interfaces/indy_interfaces/msg/detail/servo_data_array__rosidl_typesupport_introspection_c.h\n'}
[0.438281] (indy_interfaces) StdoutLine: {'line': b'-- Up-to-date: /root/common/indy-ros2/install/indy_interfaces/include/indy_interfaces/indy_interfaces/msg/detail/servo_rx__rosidl_typesupport_introspection_c.h\n'}
[0.438343] (indy_interfaces) StdoutLine: {'line': b'-- Up-to-date: /root/common/indy-ros2/install/indy_interfaces/include/indy_interfaces/indy_interfaces/msg/detail/servo_rx__type_support.c\n'}
[0.438480] (indy_interfaces) StdoutLine: {'line': b'-- Up-to-date: /root/common/indy-ros2/install/indy_interfaces/include/indy_interfaces/indy_interfaces/msg/rosidl_typesupport_introspection_c__visibility_control.h\n'}
[0.438558] (indy_interfaces) StdoutLine: {'line': b'-- Up-to-date: /root/common/indy-ros2/install/indy_interfaces/include/indy_interfaces/indy_interfaces/srv\n'}
[0.438661] (indy_interfaces) StdoutLine: {'line': b'-- Up-to-date: /root/common/indy-ros2/install/indy_interfaces/include/indy_interfaces/indy_interfaces/srv/detail\n'}
[0.438760] (indy_interfaces) StdoutLine: {'line': b'-- Up-to-date: /root/common/indy-ros2/install/indy_interfaces/include/indy_interfaces/indy_interfaces/srv/detail/indy_service__type_support.c\n'}
[0.438856] (indy_interfaces) StdoutLine: {'line': b'-- Up-to-date: /root/common/indy-ros2/install/indy_interfaces/include/indy_interfaces/indy_interfaces/srv/detail/indy_service__rosidl_typesupport_introspection_c.h\n'}
[0.438955] (indy_interfaces) StdoutLine: {'line': b'-- Up-to-date: /root/common/indy-ros2/install/indy_interfaces/lib/libindy_interfaces__rosidl_typesupport_introspection_c.so\n'}
[0.439025] (indy_interfaces) StdoutLine: {'line': b'-- Up-to-date: /root/common/indy-ros2/install/indy_interfaces/lib/libindy_interfaces__rosidl_typesupport_c.so\n'}
[0.439077] (indy_interfaces) StdoutLine: {'line': b'-- Up-to-date: /root/common/indy-ros2/install/indy_interfaces/include/indy_interfaces/indy_interfaces\n'}
[0.439179] (indy_interfaces) StdoutLine: {'line': b'-- Up-to-date: /root/common/indy-ros2/install/indy_interfaces/include/indy_interfaces/indy_interfaces/msg\n'}
[0.439298] (indy_interfaces) StdoutLine: {'line': b'-- Up-to-date: /root/common/indy-ros2/install/indy_interfaces/include/indy_interfaces/indy_interfaces/msg/detail\n'}
[0.439436] (indy_interfaces) StdoutLine: {'line': b'-- Up-to-date: /root/common/indy-ros2/install/indy_interfaces/include/indy_interfaces/indy_interfaces/msg/detail/servo_tx__struct.hpp\n'}
[0.439575] (indy_interfaces) StdoutLine: {'line': b'-- Up-to-date: /root/common/indy-ros2/install/indy_interfaces/include/indy_interfaces/indy_interfaces/msg/detail/servo_data_array__struct.hpp\n'}
[0.439693] (indy_interfaces) StdoutLine: {'line': b'-- Up-to-date: /root/common/indy-ros2/install/indy_interfaces/include/indy_interfaces/indy_interfaces/msg/detail/servo_data_array__builder.hpp\n'}
[0.439806] (indy_interfaces) StdoutLine: {'line': b'-- Up-to-date: /root/common/indy-ros2/install/indy_interfaces/include/indy_interfaces/indy_interfaces/msg/detail/servo_tx__traits.hpp\n'}
[0.439924] (indy_interfaces) StdoutLine: {'line': b'-- Up-to-date: /root/common/indy-ros2/install/indy_interfaces/include/indy_interfaces/indy_interfaces/msg/detail/servo_rx__struct.hpp\n'}
[0.440011] (indy_interfaces) StdoutLine: {'line': b'-- Up-to-date: /root/common/indy-ros2/install/indy_interfaces/include/indy_interfaces/indy_interfaces/msg/detail/servo_rx__traits.hpp\n'}
[0.440296] (indy_interfaces) StdoutLine: {'line': b'-- Up-to-date: /root/common/indy-ros2/install/indy_interfaces/include/indy_interfaces/indy_interfaces/msg/detail/servo_tx__builder.hpp\n'}
[0.440963] (indy_interfaces) StdoutLine: {'line': b'-- Up-to-date: /root/common/indy-ros2/install/indy_interfaces/include/indy_interfaces/indy_interfaces/msg/detail/servo_data_array__traits.hpp\n'}
[0.441256] (indy_interfaces) StdoutLine: {'line': b'-- Up-to-date: /root/common/indy-ros2/install/indy_interfaces/include/indy_interfaces/indy_interfaces/msg/detail/servo_rx__builder.hpp\n'}
[0.441586] (indy_interfaces) StdoutLine: {'line': b'-- Up-to-date: /root/common/indy-ros2/install/indy_interfaces/include/indy_interfaces/indy_interfaces/msg/servo_tx.hpp\n'}
[0.441956] (indy_interfaces) StdoutLine: {'line': b'-- Up-to-date: /root/common/indy-ros2/install/indy_interfaces/include/indy_interfaces/indy_interfaces/msg/servo_rx.hpp\n'}
[0.442323] (indy_interfaces) StdoutLine: {'line': b'-- Up-to-date: /root/common/indy-ros2/install/indy_interfaces/include/indy_interfaces/indy_interfaces/msg/servo_data_array.hpp\n'}
[0.442675] (indy_interfaces) StdoutLine: {'line': b'-- Up-to-date: /root/common/indy-ros2/install/indy_interfaces/include/indy_interfaces/indy_interfaces/srv\n'}
[0.442819] (indy_interfaces) StdoutLine: {'line': b'-- Up-to-date: /root/common/indy-ros2/install/indy_interfaces/include/indy_interfaces/indy_interfaces/srv/indy_service.hpp\n'}
[0.442942] (indy_interfaces) StdoutLine: {'line': b'-- Up-to-date: /root/common/indy-ros2/install/indy_interfaces/include/indy_interfaces/indy_interfaces/srv/detail\n'}
[0.443075] (indy_interfaces) StdoutLine: {'line': b'-- Up-to-date: /root/common/indy-ros2/install/indy_interfaces/include/indy_interfaces/indy_interfaces/srv/detail/indy_service__struct.hpp\n'}
[0.443175] (indy_interfaces) StdoutLine: {'line': b'-- Up-to-date: /root/common/indy-ros2/install/indy_interfaces/include/indy_interfaces/indy_interfaces/srv/detail/indy_service__traits.hpp\n'}
[0.443304] (indy_interfaces) StdoutLine: {'line': b'-- Up-to-date: /root/common/indy-ros2/install/indy_interfaces/include/indy_interfaces/indy_interfaces/srv/detail/indy_service__builder.hpp\n'}
[0.443419] (indy_interfaces) StdoutLine: {'line': b'-- Up-to-date: /root/common/indy-ros2/install/indy_interfaces/include/indy_interfaces/indy_interfaces\n'}
[0.443522] (indy_interfaces) StdoutLine: {'line': b'-- Up-to-date: /root/common/indy-ros2/install/indy_interfaces/include/indy_interfaces/indy_interfaces/msg\n'}
[0.443624] (indy_interfaces) StdoutLine: {'line': b'-- Up-to-date: /root/common/indy-ros2/install/indy_interfaces/include/indy_interfaces/indy_interfaces/msg/detail\n'}
[0.443721] (indy_interfaces) StdoutLine: {'line': b'-- Up-to-date: /root/common/indy-ros2/install/indy_interfaces/include/indy_interfaces/indy_interfaces/msg/detail/dds_fastrtps\n'}
[0.443820] (indy_interfaces) StdoutLine: {'line': b'-- Up-to-date: /root/common/indy-ros2/install/indy_interfaces/include/indy_interfaces/indy_interfaces/msg/detail/servo_data_array__rosidl_typesupport_fastrtps_cpp.hpp\n'}
[0.443916] (indy_driver) StdoutLine: {'line': b'Built target ament_cmake_python_build_indy_driver_egg\n'}
[0.444015] (indy_interfaces) StdoutLine: {'line': b'-- Up-to-date: /root/common/indy-ros2/install/indy_interfaces/include/indy_interfaces/indy_interfaces/msg/detail/servo_rx__rosidl_typesupport_fastrtps_cpp.hpp\n'}
[0.444117] (indy_interfaces) StdoutLine: {'line': b'-- Up-to-date: /root/common/indy-ros2/install/indy_interfaces/include/indy_interfaces/indy_interfaces/msg/detail/servo_tx__rosidl_typesupport_fastrtps_cpp.hpp\n'}
[0.444241] (indy_interfaces) StdoutLine: {'line': b'-- Up-to-date: /root/common/indy-ros2/install/indy_interfaces/include/indy_interfaces/indy_interfaces/msg/rosidl_typesupport_fastrtps_cpp__visibility_control.h\n'}
[0.444342] (indy_interfaces) StdoutLine: {'line': b'-- Up-to-date: /root/common/indy-ros2/install/indy_interfaces/include/indy_interfaces/indy_interfaces/srv\n'}
[0.444495] (indy_interfaces) StdoutLine: {'line': b'-- Up-to-date: /root/common/indy-ros2/install/indy_interfaces/include/indy_interfaces/indy_interfaces/srv/detail\n'}
[0.444629] (indy_interfaces) StdoutLine: {'line': b'-- Up-to-date: /root/common/indy-ros2/install/indy_interfaces/include/indy_interfaces/indy_interfaces/srv/detail/dds_fastrtps\n'}
[0.444725] (indy_interfaces) StdoutLine: {'line': b'-- Up-to-date: /root/common/indy-ros2/install/indy_interfaces/include/indy_interfaces/indy_interfaces/srv/detail/indy_service__rosidl_typesupport_fastrtps_cpp.hpp\n'}
[0.444836] (indy_interfaces) StdoutLine: {'line': b'-- Up-to-date: /root/common/indy-ros2/install/indy_interfaces/lib/libindy_interfaces__rosidl_typesupport_fastrtps_cpp.so\n'}
[0.444952] (indy_interfaces) StdoutLine: {'line': b'-- Up-to-date: /root/common/indy-ros2/install/indy_interfaces/include/indy_interfaces/indy_interfaces\n'}
[0.445100] (indy_interfaces) StdoutLine: {'line': b'-- Up-to-date: /root/common/indy-ros2/install/indy_interfaces/include/indy_interfaces/indy_interfaces/msg\n'}
[0.445213] (indy_interfaces) StdoutLine: {'line': b'-- Up-to-date: /root/common/indy-ros2/install/indy_interfaces/include/indy_interfaces/indy_interfaces/msg/detail\n'}
[0.445330] (indy_interfaces) StdoutLine: {'line': b'-- Up-to-date: /root/common/indy-ros2/install/indy_interfaces/include/indy_interfaces/indy_interfaces/msg/detail/servo_rx__rosidl_typesupport_introspection_cpp.hpp\n'}
[0.445426] (indy_interfaces) StdoutLine: {'line': b'-- Up-to-date: /root/common/indy-ros2/install/indy_interfaces/include/indy_interfaces/indy_interfaces/msg/detail/servo_tx__rosidl_typesupport_introspection_cpp.hpp\n'}
[0.445522] (indy_interfaces) StdoutLine: {'line': b'-- Up-to-date: /root/common/indy-ros2/install/indy_interfaces/include/indy_interfaces/indy_interfaces/msg/detail/servo_tx__type_support.cpp\n'}
[0.445628] (indy_interfaces) StdoutLine: {'line': b'-- Up-to-date: /root/common/indy-ros2/install/indy_interfaces/include/indy_interfaces/indy_interfaces/msg/detail/servo_rx__type_support.cpp\n'}
[0.445727] (indy_interfaces) StdoutLine: {'line': b'-- Up-to-date: /root/common/indy-ros2/install/indy_interfaces/include/indy_interfaces/indy_interfaces/msg/detail/servo_data_array__type_support.cpp\n'}
[0.445848] (indy_interfaces) StdoutLine: {'line': b'-- Up-to-date: /root/common/indy-ros2/install/indy_interfaces/include/indy_interfaces/indy_interfaces/msg/detail/servo_data_array__rosidl_typesupport_introspection_cpp.hpp\n'}
[0.445981] (indy_interfaces) StdoutLine: {'line': b'-- Up-to-date: /root/common/indy-ros2/install/indy_interfaces/include/indy_interfaces/indy_interfaces/srv\n'}
[0.446080] (indy_interfaces) StdoutLine: {'line': b'-- Up-to-date: /root/common/indy-ros2/install/indy_interfaces/include/indy_interfaces/indy_interfaces/srv/detail\n'}
[0.446175] (indy_interfaces) StdoutLine: {'line': b'-- Up-to-date: /root/common/indy-ros2/install/indy_interfaces/include/indy_interfaces/indy_interfaces/srv/detail/indy_service__type_support.cpp\n'}
[0.446276] (indy_interfaces) StdoutLine: {'line': b'-- Up-to-date: /root/common/indy-ros2/install/indy_interfaces/include/indy_interfaces/indy_interfaces/srv/detail/indy_service__rosidl_typesupport_introspection_cpp.hpp\n'}
[0.446378] (indy_interfaces) StdoutLine: {'line': b'-- Up-to-date: /root/common/indy-ros2/install/indy_interfaces/lib/libindy_interfaces__rosidl_typesupport_introspection_cpp.so\n'}
[0.446622] (indy_interfaces) StdoutLine: {'line': b'-- Up-to-date: /root/common/indy-ros2/install/indy_interfaces/lib/libindy_interfaces__rosidl_typesupport_cpp.so\n'}
[0.446725] (indy_interfaces) StdoutLine: {'line': b'-- Up-to-date: /root/common/indy-ros2/install/indy_interfaces/share/indy_interfaces/environment/pythonpath.sh\n'}
[0.446783] (indy_interfaces) StdoutLine: {'line': b'-- Up-to-date: /root/common/indy-ros2/install/indy_interfaces/share/indy_interfaces/environment/pythonpath.dsv\n'}
[0.446837] (indy_interfaces) StdoutLine: {'line': b'-- Up-to-date: /root/common/indy-ros2/install/indy_interfaces/local/lib/python3.10/dist-packages/indy_interfaces-0.0.0-py3.10.egg-info\n'}
[0.446889] (indy_interfaces) StdoutLine: {'line': b'-- Installing: /root/common/indy-ros2/install/indy_interfaces/local/lib/python3.10/dist-packages/indy_interfaces-0.0.0-py3.10.egg-info/SOURCES.txt\n'}
[0.446941] (indy_interfaces) StdoutLine: {'line': b'-- Installing: /root/common/indy-ros2/install/indy_interfaces/local/lib/python3.10/dist-packages/indy_interfaces-0.0.0-py3.10.egg-info/PKG-INFO\n'}
[0.446991] (indy_interfaces) StdoutLine: {'line': b'-- Installing: /root/common/indy-ros2/install/indy_interfaces/local/lib/python3.10/dist-packages/indy_interfaces-0.0.0-py3.10.egg-info/dependency_links.txt\n'}
[0.447081] (indy_interfaces) StdoutLine: {'line': b'-- Installing: /root/common/indy-ros2/install/indy_interfaces/local/lib/python3.10/dist-packages/indy_interfaces-0.0.0-py3.10.egg-info/top_level.txt\n'}
[0.447274] (indy_interfaces) StdoutLine: {'line': b'-- Up-to-date: /root/common/indy-ros2/install/indy_interfaces/local/lib/python3.10/dist-packages/indy_interfaces\n'}
[0.447339] (indy_interfaces) StdoutLine: {'line': b'-- Up-to-date: /root/common/indy-ros2/install/indy_interfaces/local/lib/python3.10/dist-packages/indy_interfaces/_indy_interfaces_s.ep.rosidl_typesupport_introspection_c.c\n'}
[0.447405] (indy_interfaces) StdoutLine: {'line': b'-- Up-to-date: /root/common/indy-ros2/install/indy_interfaces/local/lib/python3.10/dist-packages/indy_interfaces/libindy_interfaces__rosidl_generator_py.so\n'}
[0.447456] (indy_interfaces) StdoutLine: {'line': b'-- Up-to-date: /root/common/indy-ros2/install/indy_interfaces/local/lib/python3.10/dist-packages/indy_interfaces/msg\n'}
[0.447506] (indy_interfaces) StdoutLine: {'line': b'-- Up-to-date: /root/common/indy-ros2/install/indy_interfaces/local/lib/python3.10/dist-packages/indy_interfaces/msg/_servo_data_array_s.c\n'}
[0.447593] (indy_interfaces) StdoutLine: {'line': b'-- Up-to-date: /root/common/indy-ros2/install/indy_interfaces/local/lib/python3.10/dist-packages/indy_interfaces/msg/_servo_rx.py\n'}
[0.447812] (indy_interfaces) StdoutLine: {'line': b'-- Up-to-date: /root/common/indy-ros2/install/indy_interfaces/local/lib/python3.10/dist-packages/indy_interfaces/msg/_servo_data_array.py\n'}
[0.447940] (indy_interfaces) StdoutLine: {'line': b'-- Up-to-date: /root/common/indy-ros2/install/indy_interfaces/local/lib/python3.10/dist-packages/indy_interfaces/msg/__init__.py\n'}
[0.448053] (indy_interfaces) StdoutLine: {'line': b'-- Up-to-date: /root/common/indy-ros2/install/indy_interfaces/local/lib/python3.10/dist-packages/indy_interfaces/msg/_servo_tx.py\n'}
[0.448169] (indy_interfaces) StdoutLine: {'line': b'-- Up-to-date: /root/common/indy-ros2/install/indy_interfaces/local/lib/python3.10/dist-packages/indy_interfaces/msg/_servo_rx_s.c\n'}
[0.448296] (indy_interfaces) StdoutLine: {'line': b'-- Up-to-date: /root/common/indy-ros2/install/indy_interfaces/local/lib/python3.10/dist-packages/indy_interfaces/msg/_servo_tx_s.c\n'}
[0.448363] (indy_interfaces) StdoutLine: {'line': b'-- Up-to-date: /root/common/indy-ros2/install/indy_interfaces/local/lib/python3.10/dist-packages/indy_interfaces/__init__.py\n'}
[0.448413] (indy_interfaces) StdoutLine: {'line': b'-- Up-to-date: /root/common/indy-ros2/install/indy_interfaces/local/lib/python3.10/dist-packages/indy_interfaces/_indy_interfaces_s.ep.rosidl_typesupport_c.c\n'}
[0.448497] (indy_interfaces) StdoutLine: {'line': b'-- Up-to-date: /root/common/indy-ros2/install/indy_interfaces/local/lib/python3.10/dist-packages/indy_interfaces/srv\n'}
[0.448547] (indy_interfaces) StdoutLine: {'line': b'-- Up-to-date: /root/common/indy-ros2/install/indy_interfaces/local/lib/python3.10/dist-packages/indy_interfaces/srv/__init__.py\n'}
[0.448596] (indy_interfaces) StdoutLine: {'line': b'-- Up-to-date: /root/common/indy-ros2/install/indy_interfaces/local/lib/python3.10/dist-packages/indy_interfaces/srv/_indy_service.py\n'}
[0.448645] (indy_interfaces) StdoutLine: {'line': b'-- Up-to-date: /root/common/indy-ros2/install/indy_interfaces/local/lib/python3.10/dist-packages/indy_interfaces/srv/_indy_service_s.c\n'}
[0.448694] (indy_interfaces) StdoutLine: {'line': b'-- Up-to-date: /root/common/indy-ros2/install/indy_interfaces/local/lib/python3.10/dist-packages/indy_interfaces/_indy_interfaces_s.ep.rosidl_typesupport_fastrtps_c.c\n'}
[0.448748] (indy_interfaces) StdoutLine: {'line': b'-- Up-to-date: /root/common/indy-ros2/install/indy_interfaces/local/lib/python3.10/dist-packages/indy_interfaces/indy_interfaces_s__rosidl_typesupport_c.cpython-310-x86_64-linux-gnu.so\n'}
[0.448799] (indy_interfaces) StdoutLine: {'line': b'-- Up-to-date: /root/common/indy-ros2/install/indy_interfaces/local/lib/python3.10/dist-packages/indy_interfaces/indy_interfaces_s__rosidl_typesupport_fastrtps_c.cpython-310-x86_64-linux-gnu.so\n'}
[0.448848] (indy_interfaces) StdoutLine: {'line': b'-- Up-to-date: /root/common/indy-ros2/install/indy_interfaces/local/lib/python3.10/dist-packages/indy_interfaces/indy_interfaces_s__rosidl_typesupport_introspection_c.cpython-310-x86_64-linux-gnu.so\n'}
[0.448952] (indy_driver) CommandEnded: {'returncode': 0}
[0.449271] (indy_moveit) StdoutLine: {'line': b'Built target ament_cmake_python_build_indy_moveit_egg\n'}
[0.449991] (indy_moveit) CommandEnded: {'returncode': 0}
[0.455434] (indy_driver) JobProgress: {'identifier': 'indy_driver', 'progress': 'install'}
[0.456062] (indy_driver) Command: {'cmd': ['/usr/bin/cmake', '--install', '/root/common/indy-ros2/build/indy_driver'], 'cwd': '/root/common/indy-ros2/build/indy_driver', 'env': OrderedDict([('NV_LIBCUBLAS_VERSION', '11.11.3.6-1'), ('NV_CUDA_COMPAT_PACKAGE', 'cuda-compat-11-8'), ('HOSTNAME', 'idim'), ('SHLVL', '1'), ('LD_LIBRARY_PATH', '/opt/ros/humble/lib'), ('NV_LIBNCCL_PACKAGE_VERSION', '2.15.5-1'), ('AMENT_CPPCHECK_ALLOW_SLOW_VERSIONS', '1'), ('HOME', '/root'), ('OLDPWD', '/root/common'), ('ROS_PYTHON_VERSION', '3'), ('PS1', '\\[\x1b[0;33m\\]idim \\W $ \\[\x1b[0m\\]'), ('NV_LIBNPP_PACKAGE', 'libnpp-11-8=11.8.0.86-1'), ('CUDA_VERSION', '11.8.0'), ('COLCON_PREFIX_PATH', '/opt/ros/humble'), ('ROS_DISTRO', 'humble'), ('NV_LIBCUBLAS_PACKAGE_NAME', 'libcublas-11-8'), ('NVIDIA_REQUIRE_CUDA', 'cuda>=11.8 brand=tesla,driver>=470,driver<471 brand=unknown,driver>=470,driver<471 brand=nvidia,driver>=470,driver<471 brand=nvidiartx,driver>=470,driver<471 brand=geforce,driver>=470,driver<471 brand=geforcertx,driver>=470,driver<471 brand=quadro,driver>=470,driver<471 brand=quadrortx,driver>=470,driver<471 brand=titan,driver>=470,driver<471 brand=titanrtx,driver>=470,driver<471'), ('_', '/usr/bin/colcon'), ('ROS_VERSION', '2'), ('NV_LIBCUSPARSE_VERSION', '11.7.5.86-1'), ('NVIDIA_DRIVER_CAPABILITIES', 'graphics,utility,compute'), ('NV_CUDA_LIB_VERSION', '11.8.0-1'), ('NV_LIBNCCL_PACKAGE_NAME', 'libnccl2'), ('TERM', 'xterm'), ('NV_CUDA_CUDART_VERSION', '11.8.89-1'), ('QT_X11_NO_MITSHM', '1'), ('PATH', '/opt/ros/humble/bin:/usr/local/nvidia/bin:/usr/local/cuda/bin:/usr/local/sbin:/usr/local/bin:/usr/sbin:/usr/bin:/sbin:/bin'), ('NV_LIBCUBLAS_PACKAGE', 'libcublas-11-8=11.11.3.6-1'), ('NVARCH', 'x86_64'), ('DISPLAY', ':1'), ('NV_LIBNCCL_PACKAGE', 'libnccl2=2.15.5-1+cuda11.8'), ('NVIDIA_PRODUCT_NAME', 'CUDA'), ('LANG', 'en_US.UTF-8'), ('XAUTHORITY', '/tmp/.docker.xauth'), ('LS_COLORS', 'rs=0:di=01;34:ln=01;36:mh=00:pi=40;33:so=01;35:do=01;35:bd=40;33;01:cd=40;33;01:or=40;31;01:mi=00:su=37;41:sg=30;43:ca=30;41:tw=30;42:ow=34;42:st=37;44:ex=01;32:*.tar=01;31:*.tgz=01;31:*.arc=01;31:*.arj=01;31:*.taz=01;31:*.lha=01;31:*.lz4=01;31:*.lzh=01;31:*.lzma=01;31:*.tlz=01;31:*.txz=01;31:*.tzo=01;31:*.t7z=01;31:*.zip=01;31:*.z=01;31:*.dz=01;31:*.gz=01;31:*.lrz=01;31:*.lz=01;31:*.lzo=01;31:*.xz=01;31:*.zst=01;31:*.tzst=01;31:*.bz2=01;31:*.bz=01;31:*.tbz=01;31:*.tbz2=01;31:*.tz=01;31:*.deb=01;31:*.rpm=01;31:*.jar=01;31:*.war=01;31:*.ear=01;31:*.sar=01;31:*.rar=01;31:*.alz=01;31:*.ace=01;31:*.zoo=01;31:*.cpio=01;31:*.7z=01;31:*.rz=01;31:*.cab=01;31:*.wim=01;31:*.swm=01;31:*.dwm=01;31:*.esd=01;31:*.jpg=01;35:*.jpeg=01;35:*.mjpg=01;35:*.mjpeg=01;35:*.gif=01;35:*.bmp=01;35:*.pbm=01;35:*.pgm=01;35:*.ppm=01;35:*.tga=01;35:*.xbm=01;35:*.xpm=01;35:*.tif=01;35:*.tiff=01;35:*.png=01;35:*.svg=01;35:*.svgz=01;35:*.mng=01;35:*.pcx=01;35:*.mov=01;35:*.mpg=01;35:*.mpeg=01;35:*.m2v=01;35:*.mkv=01;35:*.webm=01;35:*.webp=01;35:*.ogm=01;35:*.mp4=01;35:*.m4v=01;35:*.mp4v=01;35:*.vob=01;35:*.qt=01;35:*.nuv=01;35:*.wmv=01;35:*.asf=01;35:*.rm=01;35:*.rmvb=01;35:*.flc=01;35:*.avi=01;35:*.fli=01;35:*.flv=01;35:*.gl=01;35:*.dl=01;35:*.xcf=01;35:*.xwd=01;35:*.yuv=01;35:*.cgm=01;35:*.emf=01;35:*.ogv=01;35:*.ogx=01;35:*.aac=00;36:*.au=00;36:*.flac=00;36:*.m4a=00;36:*.mid=00;36:*.midi=00;36:*.mka=00;36:*.mp3=00;36:*.mpc=00;36:*.ogg=00;36:*.ra=00;36:*.wav=00;36:*.oga=00;36:*.opus=00;36:*.spx=00;36:*.xspf=00;36:'), ('AMENT_PREFIX_PATH', '/root/common/indy-ros2/install/indy_description:/opt/ros/humble'), ('DEBIAN_FRONTEND', 'noninteractive'), ('LIBUVC_BACKEND', 'libusb'), ('NV_NVTX_VERSION', '11.8.86-1'), ('NV_LIBNPP_VERSION', '11.8.0.86-1'), ('PWD', '/root/common/indy-ros2/build/indy_driver'), ('PYTHONPATH', '/opt/ros/humble/local/lib/python3.10/dist-packages:/opt/ros/humble/lib/python3.10/site-packages'), ('NVIDIA_VISIBLE_DEVICES', 'all'), ('NCCL_VERSION', '2.15.5-1'), ('DEBCONF_NOWARNINGS', 'yes'), ('COLCON', '1'), ('CMAKE_PREFIX_PATH', '/root/common/indy-ros2/install/indy_description:/opt/ros/humble')]), 'shell': False}
[0.459120] (indy_driver) StdoutLine: {'line': b'-- Install configuration: ""\n'}
[0.459321] (indy_driver) StdoutLine: {'line': b'-- Up-to-date: /root/common/indy-ros2/install/indy_driver/share/indy_driver//launch\n'}
[0.459383] (indy_driver) StdoutLine: {'line': b'-- Up-to-date: /root/common/indy-ros2/install/indy_driver/share/indy_driver//launch/indy_bringup.launch.py\n'}
[0.459451] (indy_driver) StdoutLine: {'line': b'-- Up-to-date: /root/common/indy-ros2/install/indy_driver/share/indy_driver//controller\n'}
[0.459598] (indy_driver) StdoutLine: {'line': b'-- Up-to-date: /root/common/indy-ros2/install/indy_driver/share/indy_driver//controller/indy_controllers_7dof.yaml\n'}
[0.459661] (indy_driver) StdoutLine: {'line': b'-- Up-to-date: /root/common/indy-ros2/install/indy_driver/share/indy_driver//controller/indy_controllers_6dof.yaml\n'}
[0.459743] (indy_driver) StdoutLine: {'line': b'-- Up-to-date: /root/common/indy-ros2/install/indy_driver/lib/indy_driver/indy_driver.py\n'}
[0.459854] (indy_driver) StdoutLine: {'line': b'-- Up-to-date: /root/common/indy-ros2/install/indy_driver/lib/indy_driver/servo_joy_input.py\n'}
[0.459957] (indy_driver) StdoutLine: {'line': b'-- Up-to-date: /root/common/indy-ros2/install/indy_driver/lib/indy_driver/servo_keyboard_input.py\n'}
[0.460075] (indy_driver) StdoutLine: {'line': b'-- Up-to-date: /root/common/indy-ros2/install/indy_driver/lib/indy_driver/indy_define.py\n'}
[0.460126] (indy_driver) StdoutLine: {'line': b'-- Up-to-date: /root/common/indy-ros2/install/indy_driver/share/indy_driver/environment/pythonpath.sh\n'}
[0.460176] (indy_driver) StdoutLine: {'line': b'-- Up-to-date: /root/common/indy-ros2/install/indy_driver/share/indy_driver/environment/pythonpath.dsv\n'}
[0.460225] (indy_driver) StdoutLine: {'line': b'-- Up-to-date: /root/common/indy-ros2/install/indy_driver/local/lib/python3.10/dist-packages/indy_driver-1.0.0-py3.10.egg-info\n'}
[0.460274] (indy_driver) StdoutLine: {'line': b'-- Installing: /root/common/indy-ros2/install/indy_driver/local/lib/python3.10/dist-packages/indy_driver-1.0.0-py3.10.egg-info/SOURCES.txt\n'}
[0.460323] (indy_driver) StdoutLine: {'line': b'-- Installing: /root/common/indy-ros2/install/indy_driver/local/lib/python3.10/dist-packages/indy_driver-1.0.0-py3.10.egg-info/PKG-INFO\n'}
[0.460372] (indy_driver) StdoutLine: {'line': b'-- Installing: /root/common/indy-ros2/install/indy_driver/local/lib/python3.10/dist-packages/indy_driver-1.0.0-py3.10.egg-info/dependency_links.txt\n'}
[0.460421] (indy_driver) StdoutLine: {'line': b'-- Installing: /root/common/indy-ros2/install/indy_driver/local/lib/python3.10/dist-packages/indy_driver-1.0.0-py3.10.egg-info/top_level.txt\n'}
[0.460532] (indy_driver) StdoutLine: {'line': b'-- Up-to-date: /root/common/indy-ros2/install/indy_driver/local/lib/python3.10/dist-packages/indy_driver\n'}
[0.460584] (indy_driver) StdoutLine: {'line': b'-- Up-to-date: /root/common/indy-ros2/install/indy_driver/local/lib/python3.10/dist-packages/indy_driver/__init__.py\n'}
[0.460634] (indy_driver) StdoutLine: {'line': b'-- Up-to-date: /root/common/indy-ros2/install/indy_driver/local/lib/python3.10/dist-packages/indy_driver/indy_driver.py\n'}
[0.460682] (indy_driver) StdoutLine: {'line': b'-- Up-to-date: /root/common/indy-ros2/install/indy_driver/local/lib/python3.10/dist-packages/indy_driver/servo_keyboard_input.py\n'}
[0.460732] (indy_driver) StdoutLine: {'line': b'-- Up-to-date: /root/common/indy-ros2/install/indy_driver/local/lib/python3.10/dist-packages/indy_driver/indy_define.py\n'}
[0.460780] (indy_driver) StdoutLine: {'line': b'-- Up-to-date: /root/common/indy-ros2/install/indy_driver/local/lib/python3.10/dist-packages/indy_driver/servo_joy_input.py\n'}
[0.466220] (indy_moveit) JobProgress: {'identifier': 'indy_moveit', 'progress': 'install'}
[0.466261] (indy_moveit) Command: {'cmd': ['/usr/bin/cmake', '--install', '/root/common/indy-ros2/build/indy_moveit'], 'cwd': '/root/common/indy-ros2/build/indy_moveit', 'env': OrderedDict([('NV_LIBCUBLAS_VERSION', '11.11.3.6-1'), ('NV_CUDA_COMPAT_PACKAGE', 'cuda-compat-11-8'), ('HOSTNAME', 'idim'), ('SHLVL', '1'), ('LD_LIBRARY_PATH', '/opt/ros/humble/lib'), ('NV_LIBNCCL_PACKAGE_VERSION', '2.15.5-1'), ('AMENT_CPPCHECK_ALLOW_SLOW_VERSIONS', '1'), ('HOME', '/root'), ('OLDPWD', '/root/common'), ('ROS_PYTHON_VERSION', '3'), ('PS1', '\\[\x1b[0;33m\\]idim \\W $ \\[\x1b[0m\\]'), ('NV_LIBNPP_PACKAGE', 'libnpp-11-8=11.8.0.86-1'), ('CUDA_VERSION', '11.8.0'), ('COLCON_PREFIX_PATH', '/opt/ros/humble'), ('ROS_DISTRO', 'humble'), ('NV_LIBCUBLAS_PACKAGE_NAME', 'libcublas-11-8'), ('NVIDIA_REQUIRE_CUDA', 'cuda>=11.8 brand=tesla,driver>=470,driver<471 brand=unknown,driver>=470,driver<471 brand=nvidia,driver>=470,driver<471 brand=nvidiartx,driver>=470,driver<471 brand=geforce,driver>=470,driver<471 brand=geforcertx,driver>=470,driver<471 brand=quadro,driver>=470,driver<471 brand=quadrortx,driver>=470,driver<471 brand=titan,driver>=470,driver<471 brand=titanrtx,driver>=470,driver<471'), ('_', '/usr/bin/colcon'), ('ROS_VERSION', '2'), ('NV_LIBCUSPARSE_VERSION', '11.7.5.86-1'), ('NVIDIA_DRIVER_CAPABILITIES', 'graphics,utility,compute'), ('NV_CUDA_LIB_VERSION', '11.8.0-1'), ('NV_LIBNCCL_PACKAGE_NAME', 'libnccl2'), ('TERM', 'xterm'), ('NV_CUDA_CUDART_VERSION', '11.8.89-1'), ('QT_X11_NO_MITSHM', '1'), ('PATH', '/opt/ros/humble/bin:/usr/local/nvidia/bin:/usr/local/cuda/bin:/usr/local/sbin:/usr/local/bin:/usr/sbin:/usr/bin:/sbin:/bin'), ('NV_LIBCUBLAS_PACKAGE', 'libcublas-11-8=11.11.3.6-1'), ('NVARCH', 'x86_64'), ('DISPLAY', ':1'), ('NV_LIBNCCL_PACKAGE', 'libnccl2=2.15.5-1+cuda11.8'), ('NVIDIA_PRODUCT_NAME', 'CUDA'), ('LANG', 'en_US.UTF-8'), ('XAUTHORITY', '/tmp/.docker.xauth'), ('LS_COLORS', 'rs=0:di=01;34:ln=01;36:mh=00:pi=40;33:so=01;35:do=01;35:bd=40;33;01:cd=40;33;01:or=40;31;01:mi=00:su=37;41:sg=30;43:ca=30;41:tw=30;42:ow=34;42:st=37;44:ex=01;32:*.tar=01;31:*.tgz=01;31:*.arc=01;31:*.arj=01;31:*.taz=01;31:*.lha=01;31:*.lz4=01;31:*.lzh=01;31:*.lzma=01;31:*.tlz=01;31:*.txz=01;31:*.tzo=01;31:*.t7z=01;31:*.zip=01;31:*.z=01;31:*.dz=01;31:*.gz=01;31:*.lrz=01;31:*.lz=01;31:*.lzo=01;31:*.xz=01;31:*.zst=01;31:*.tzst=01;31:*.bz2=01;31:*.bz=01;31:*.tbz=01;31:*.tbz2=01;31:*.tz=01;31:*.deb=01;31:*.rpm=01;31:*.jar=01;31:*.war=01;31:*.ear=01;31:*.sar=01;31:*.rar=01;31:*.alz=01;31:*.ace=01;31:*.zoo=01;31:*.cpio=01;31:*.7z=01;31:*.rz=01;31:*.cab=01;31:*.wim=01;31:*.swm=01;31:*.dwm=01;31:*.esd=01;31:*.jpg=01;35:*.jpeg=01;35:*.mjpg=01;35:*.mjpeg=01;35:*.gif=01;35:*.bmp=01;35:*.pbm=01;35:*.pgm=01;35:*.ppm=01;35:*.tga=01;35:*.xbm=01;35:*.xpm=01;35:*.tif=01;35:*.tiff=01;35:*.png=01;35:*.svg=01;35:*.svgz=01;35:*.mng=01;35:*.pcx=01;35:*.mov=01;35:*.mpg=01;35:*.mpeg=01;35:*.m2v=01;35:*.mkv=01;35:*.webm=01;35:*.webp=01;35:*.ogm=01;35:*.mp4=01;35:*.m4v=01;35:*.mp4v=01;35:*.vob=01;35:*.qt=01;35:*.nuv=01;35:*.wmv=01;35:*.asf=01;35:*.rm=01;35:*.rmvb=01;35:*.flc=01;35:*.avi=01;35:*.fli=01;35:*.flv=01;35:*.gl=01;35:*.dl=01;35:*.xcf=01;35:*.xwd=01;35:*.yuv=01;35:*.cgm=01;35:*.emf=01;35:*.ogv=01;35:*.ogx=01;35:*.aac=00;36:*.au=00;36:*.flac=00;36:*.m4a=00;36:*.mid=00;36:*.midi=00;36:*.mka=00;36:*.mp3=00;36:*.mpc=00;36:*.ogg=00;36:*.ra=00;36:*.wav=00;36:*.oga=00;36:*.opus=00;36:*.spx=00;36:*.xspf=00;36:'), ('AMENT_PREFIX_PATH', '/root/common/indy-ros2/install/indy_description:/opt/ros/humble'), ('DEBIAN_FRONTEND', 'noninteractive'), ('LIBUVC_BACKEND', 'libusb'), ('NV_NVTX_VERSION', '11.8.86-1'), ('NV_LIBNPP_VERSION', '11.8.0.86-1'), ('PWD', '/root/common/indy-ros2/build/indy_moveit'), ('PYTHONPATH', '/opt/ros/humble/local/lib/python3.10/dist-packages:/opt/ros/humble/lib/python3.10/site-packages'), ('NVIDIA_VISIBLE_DEVICES', 'all'), ('NCCL_VERSION', '2.15.5-1'), ('DEBCONF_NOWARNINGS', 'yes'), ('COLCON', '1'), ('CMAKE_PREFIX_PATH', '/root/common/indy-ros2/install/indy_description:/opt/ros/humble')]), 'shell': False}
[0.469801] (indy_moveit) StdoutLine: {'line': b'-- Install configuration: ""\n'}
[0.470037] (indy_moveit) StdoutLine: {'line': b'-- Up-to-date: /root/common/indy-ros2/install/indy_moveit/share/indy_moveit//launch\n'}
[0.470238] (indy_moveit) StdoutLine: {'line': b'-- Up-to-date: /root/common/indy-ros2/install/indy_moveit/share/indy_moveit//launch/moveit.launch.py\n'}
[0.470376] (indy_moveit) StdoutLine: {'line': b'-- Up-to-date: /root/common/indy-ros2/install/indy_moveit/share/indy_moveit//launch/indy_moveit_real_robot.launch.py\n'}
[0.470519] (indy_moveit) StdoutLine: {'line': b'-- Up-to-date: /root/common/indy-ros2/install/indy_moveit/share/indy_moveit//launch/indy_moveit_gazebo.launch.py\n'}
[0.470657] (indy_moveit) StdoutLine: {'line': b'-- Up-to-date: /root/common/indy-ros2/install/indy_moveit/share/indy_moveit//moveit_config\n'}
[0.470819] (indy_moveit) StdoutLine: {'line': b'-- Up-to-date: /root/common/indy-ros2/install/indy_moveit/share/indy_moveit//moveit_config/controllers_6dof.yaml\n'}
[0.470969] (indy_moveit) StdoutLine: {'line': b'-- Up-to-date: /root/common/indy-ros2/install/indy_moveit/share/indy_moveit//moveit_config/ompl_planning.yaml\n'}
[0.471086] (indy_moveit) StdoutLine: {'line': b'-- Up-to-date: /root/common/indy-ros2/install/indy_moveit/share/indy_moveit//moveit_config/controllers_7dof.yaml\n'}
[0.471223] (indy_moveit) StdoutLine: {'line': b'-- Up-to-date: /root/common/indy-ros2/install/indy_moveit/share/indy_moveit//moveit_config/indy_servo.yaml\n'}
[0.471326] (indy_moveit) StdoutLine: {'line': b'-- Up-to-date: /root/common/indy-ros2/install/indy_moveit/share/indy_moveit//moveit_config/kinematics.yaml\n'}
[0.471381] (indy_moveit) StdoutLine: {'line': b'-- Up-to-date: /root/common/indy-ros2/install/indy_moveit/share/indy_moveit//rviz_config\n'}
[0.471431] (indy_moveit) StdoutLine: {'line': b'-- Up-to-date: /root/common/indy-ros2/install/indy_moveit/share/indy_moveit//rviz_config/indy_moveit.rviz\n'}
[0.471481] (indy_moveit) StdoutLine: {'line': b'-- Up-to-date: /root/common/indy-ros2/install/indy_moveit/share/indy_moveit//rviz_config/indy_servo.rviz\n'}
[0.471543] (indy_moveit) StdoutLine: {'line': b'-- Up-to-date: /root/common/indy-ros2/install/indy_moveit/share/indy_moveit//srdf\n'}
[0.471607] (indy_moveit) StdoutLine: {'line': b'-- Up-to-date: /root/common/indy-ros2/install/indy_moveit/share/indy_moveit//srdf/indy.srdf.xacro\n'}
[0.471657] (indy_moveit) StdoutLine: {'line': b'-- Up-to-date: /root/common/indy-ros2/install/indy_moveit/share/indy_moveit//srdf/indy_macro.srdf.xacro\n'}
[0.471705] (indy_moveit) StdoutLine: {'line': b'-- Up-to-date: /root/common/indy-ros2/install/indy_moveit/share/indy_moveit/environment/pythonpath.sh\n'}
[0.471753] (indy_moveit) StdoutLine: {'line': b'-- Up-to-date: /root/common/indy-ros2/install/indy_moveit/share/indy_moveit/environment/pythonpath.dsv\n'}
[0.471801] (indy_moveit) StdoutLine: {'line': b'-- Up-to-date: /root/common/indy-ros2/install/indy_moveit/local/lib/python3.10/dist-packages/indy_moveit-1.0.0-py3.10.egg-info\n'}
[0.471850] (indy_moveit) StdoutLine: {'line': b'-- Installing: /root/common/indy-ros2/install/indy_moveit/local/lib/python3.10/dist-packages/indy_moveit-1.0.0-py3.10.egg-info/SOURCES.txt\n'}
[0.471899] (indy_moveit) StdoutLine: {'line': b'-- Installing: /root/common/indy-ros2/install/indy_moveit/local/lib/python3.10/dist-packages/indy_moveit-1.0.0-py3.10.egg-info/PKG-INFO\n'}
[0.471947] (indy_moveit) StdoutLine: {'line': b'-- Installing: /root/common/indy-ros2/install/indy_moveit/local/lib/python3.10/dist-packages/indy_moveit-1.0.0-py3.10.egg-info/dependency_links.txt\n'}
[0.471996] (indy_moveit) StdoutLine: {'line': b'-- Installing: /root/common/indy-ros2/install/indy_moveit/local/lib/python3.10/dist-packages/indy_moveit-1.0.0-py3.10.egg-info/top_level.txt\n'}
[0.472051] (indy_moveit) StdoutLine: {'line': b'-- Up-to-date: /root/common/indy-ros2/install/indy_moveit/local/lib/python3.10/dist-packages/indy_moveit\n'}
[0.472100] (indy_moveit) StdoutLine: {'line': b'-- Up-to-date: /root/common/indy-ros2/install/indy_moveit/local/lib/python3.10/dist-packages/indy_moveit/__init__.py\n'}
[0.472149] (indy_moveit) StdoutLine: {'line': b'-- Up-to-date: /root/common/indy-ros2/install/indy_moveit/local/lib/python3.10/dist-packages/indy_moveit/launch_common.py\n'}
[0.473054] (indy_interfaces) StdoutLine: {'line': b"Listing '/root/common/indy-ros2/install/indy_interfaces/local/lib/python3.10/dist-packages/indy_interfaces'...\n"}
[0.473141] (indy_interfaces) StdoutLine: {'line': b"Listing '/root/common/indy-ros2/install/indy_interfaces/local/lib/python3.10/dist-packages/indy_interfaces/msg'...\n"}
[0.473199] (indy_interfaces) StdoutLine: {'line': b"Listing '/root/common/indy-ros2/install/indy_interfaces/local/lib/python3.10/dist-packages/indy_interfaces/srv'...\n"}
[0.478693] (indy_interfaces) StdoutLine: {'line': b'-- Up-to-date: /root/common/indy-ros2/install/indy_interfaces/local/lib/python3.10/dist-packages/indy_interfaces/indy_interfaces_s__rosidl_typesupport_fastrtps_c.cpython-310-x86_64-linux-gnu.so\n'}
[0.479186] (indy_interfaces) StdoutLine: {'line': b'-- Up-to-date: /root/common/indy-ros2/install/indy_interfaces/local/lib/python3.10/dist-packages/indy_interfaces/indy_interfaces_s__rosidl_typesupport_introspection_c.cpython-310-x86_64-linux-gnu.so\n'}
[0.479455] (indy_interfaces) StdoutLine: {'line': b'-- Up-to-date: /root/common/indy-ros2/install/indy_interfaces/local/lib/python3.10/dist-packages/indy_interfaces/indy_interfaces_s__rosidl_typesupport_c.cpython-310-x86_64-linux-gnu.so\n'}
[0.479722] (indy_interfaces) StdoutLine: {'line': b'-- Up-to-date: /root/common/indy-ros2/install/indy_interfaces/lib/libindy_interfaces__rosidl_generator_py.so\n'}
[0.479922] (indy_interfaces) StdoutLine: {'line': b'-- Up-to-date: /root/common/indy-ros2/install/indy_interfaces/share/indy_interfaces/srv/IndyService.idl\n'}
[0.480136] (indy_interfaces) StdoutLine: {'line': b'-- Up-to-date: /root/common/indy-ros2/install/indy_interfaces/share/indy_interfaces/msg/ServoTx.idl\n'}
[0.480474] (indy_interfaces) StdoutLine: {'line': b'-- Up-to-date: /root/common/indy-ros2/install/indy_interfaces/share/indy_interfaces/msg/ServoRx.idl\n'}
[0.480587] (indy_interfaces) StdoutLine: {'line': b'-- Up-to-date: /root/common/indy-ros2/install/indy_interfaces/share/indy_interfaces/msg/ServoDataArray.idl\n'}
[0.480670] (indy_interfaces) StdoutLine: {'line': b'-- Up-to-date: /root/common/indy-ros2/install/indy_interfaces/share/indy_interfaces/srv/IndyService.srv\n'}
[0.480736] (indy_interfaces) StdoutLine: {'line': b'-- Up-to-date: /root/common/indy-ros2/install/indy_interfaces/share/indy_interfaces/srv/IndyService_Request.msg\n'}
[0.480787] (indy_interfaces) StdoutLine: {'line': b'-- Up-to-date: /root/common/indy-ros2/install/indy_interfaces/share/indy_interfaces/srv/IndyService_Response.msg\n'}
[0.480837] (indy_interfaces) StdoutLine: {'line': b'-- Up-to-date: /root/common/indy-ros2/install/indy_interfaces/share/indy_interfaces/msg/ServoTx.msg\n'}
[0.480886] (indy_interfaces) StdoutLine: {'line': b'-- Up-to-date: /root/common/indy-ros2/install/indy_interfaces/share/indy_interfaces/msg/ServoRx.msg\n'}
[0.480949] (indy_interfaces) StdoutLine: {'line': b'-- Up-to-date: /root/common/indy-ros2/install/indy_interfaces/share/indy_interfaces/msg/ServoDataArray.msg\n'}
[0.481047] (indy_interfaces) StdoutLine: {'line': b'-- Up-to-date: /root/common/indy-ros2/install/indy_interfaces/share/ament_index/resource_index/package_run_dependencies/indy_interfaces\n'}
[0.481098] (indy_interfaces) StdoutLine: {'line': b'-- Up-to-date: /root/common/indy-ros2/install/indy_interfaces/share/ament_index/resource_index/parent_prefix_path/indy_interfaces\n'}
[0.481148] (indy_interfaces) StdoutLine: {'line': b'-- Up-to-date: /root/common/indy-ros2/install/indy_interfaces/share/indy_interfaces/environment/ament_prefix_path.sh\n'}
[0.481197] (indy_interfaces) StdoutLine: {'line': b'-- Up-to-date: /root/common/indy-ros2/install/indy_interfaces/share/indy_interfaces/environment/ament_prefix_path.dsv\n'}
[0.481246] (indy_interfaces) StdoutLine: {'line': b'-- Up-to-date: /root/common/indy-ros2/install/indy_interfaces/share/indy_interfaces/environment/path.sh\n'}
[0.481295] (indy_interfaces) StdoutLine: {'line': b'-- Up-to-date: /root/common/indy-ros2/install/indy_interfaces/share/indy_interfaces/environment/path.dsv\n'}
[0.481371] (indy_interfaces) StdoutLine: {'line': b'-- Up-to-date: /root/common/indy-ros2/install/indy_interfaces/share/indy_interfaces/local_setup.bash\n'}
[0.481427] (indy_interfaces) StdoutLine: {'line': b'-- Up-to-date: /root/common/indy-ros2/install/indy_interfaces/share/indy_interfaces/local_setup.sh\n'}
[0.481476] (indy_interfaces) StdoutLine: {'line': b'-- Up-to-date: /root/common/indy-ros2/install/indy_interfaces/share/indy_interfaces/local_setup.zsh\n'}
[0.481557] (indy_interfaces) StdoutLine: {'line': b'-- Up-to-date: /root/common/indy-ros2/install/indy_interfaces/share/indy_interfaces/local_setup.dsv\n'}
[0.481622] (indy_interfaces) StdoutLine: {'line': b'-- Installing: /root/common/indy-ros2/install/indy_interfaces/share/indy_interfaces/package.dsv\n'}
[0.481717] (indy_interfaces) StdoutLine: {'line': b'-- Up-to-date: /root/common/indy-ros2/install/indy_interfaces/share/ament_index/resource_index/packages/indy_interfaces\n'}
[0.481767] (indy_interfaces) StdoutLine: {'line': b'-- Up-to-date: /root/common/indy-ros2/install/indy_interfaces/share/indy_interfaces/cmake/export_indy_interfaces__rosidl_generator_cExport.cmake\n'}
[0.481902] (indy_interfaces) StdoutLine: {'line': b'-- Up-to-date: /root/common/indy-ros2/install/indy_interfaces/share/indy_interfaces/cmake/export_indy_interfaces__rosidl_generator_cExport-noconfig.cmake\n'}
[0.481988] (indy_interfaces) StdoutLine: {'line': b'-- Up-to-date: /root/common/indy-ros2/install/indy_interfaces/share/indy_interfaces/cmake/export_indy_interfaces__rosidl_typesupport_fastrtps_cExport.cmake\n'}
[0.482054] (indy_interfaces) StdoutLine: {'line': b'-- Up-to-date: /root/common/indy-ros2/install/indy_interfaces/share/indy_interfaces/cmake/export_indy_interfaces__rosidl_typesupport_fastrtps_cExport-noconfig.cmake\n'}
[0.482194] (indy_interfaces) StdoutLine: {'line': b'-- Up-to-date: /root/common/indy-ros2/install/indy_interfaces/share/indy_interfaces/cmake/indy_interfaces__rosidl_typesupport_introspection_cExport.cmake\n'}
[0.482243] (indy_interfaces) StdoutLine: {'line': b'-- Up-to-date: /root/common/indy-ros2/install/indy_interfaces/share/indy_interfaces/cmake/indy_interfaces__rosidl_typesupport_introspection_cExport-noconfig.cmake\n'}
[0.482312] (indy_interfaces) StdoutLine: {'line': b'-- Up-to-date: /root/common/indy-ros2/install/indy_interfaces/share/indy_interfaces/cmake/indy_interfaces__rosidl_typesupport_cExport.cmake\n'}
[0.482388] (indy_interfaces) StdoutLine: {'line': b'-- Up-to-date: /root/common/indy-ros2/install/indy_interfaces/share/indy_interfaces/cmake/indy_interfaces__rosidl_typesupport_cExport-noconfig.cmake\n'}
[0.482436] (indy_interfaces) StdoutLine: {'line': b'-- Up-to-date: /root/common/indy-ros2/install/indy_interfaces/share/indy_interfaces/cmake/export_indy_interfaces__rosidl_generator_cppExport.cmake\n'}
[0.482569] (indy_interfaces) StdoutLine: {'line': b'-- Up-to-date: /root/common/indy-ros2/install/indy_interfaces/share/indy_interfaces/cmake/export_indy_interfaces__rosidl_typesupport_fastrtps_cppExport.cmake\n'}
[0.482671] (indy_interfaces) StdoutLine: {'line': b'-- Up-to-date: /root/common/indy-ros2/install/indy_interfaces/share/indy_interfaces/cmake/export_indy_interfaces__rosidl_typesupport_fastrtps_cppExport-noconfig.cmake\n'}
[0.482764] (indy_interfaces) StdoutLine: {'line': b'-- Up-to-date: /root/common/indy-ros2/install/indy_interfaces/share/indy_interfaces/cmake/indy_interfaces__rosidl_typesupport_introspection_cppExport.cmake\n'}
[0.482828] (indy_interfaces) StdoutLine: {'line': b'-- Up-to-date: /root/common/indy-ros2/install/indy_interfaces/share/indy_interfaces/cmake/indy_interfaces__rosidl_typesupport_introspection_cppExport-noconfig.cmake\n'}
[0.482904] (indy_interfaces) StdoutLine: {'line': b'-- Up-to-date: /root/common/indy-ros2/install/indy_interfaces/share/indy_interfaces/cmake/indy_interfaces__rosidl_typesupport_cppExport.cmake\n'}
[0.482970] (indy_interfaces) StdoutLine: {'line': b'-- Up-to-date: /root/common/indy-ros2/install/indy_interfaces/share/indy_interfaces/cmake/indy_interfaces__rosidl_typesupport_cppExport-noconfig.cmake\n'}
[0.483105] (indy_interfaces) StdoutLine: {'line': b'-- Up-to-date: /root/common/indy-ros2/install/indy_interfaces/share/indy_interfaces/cmake/export_indy_interfaces__rosidl_generator_pyExport.cmake\n'}
[0.483272] (indy_interfaces) StdoutLine: {'line': b'-- Up-to-date: /root/common/indy-ros2/install/indy_interfaces/share/indy_interfaces/cmake/export_indy_interfaces__rosidl_generator_pyExport-noconfig.cmake\n'}
[0.483346] (indy_interfaces) StdoutLine: {'line': b'-- Up-to-date: /root/common/indy-ros2/install/indy_interfaces/share/indy_interfaces/cmake/rosidl_cmake-extras.cmake\n'}
[0.483429] (indy_interfaces) StdoutLine: {'line': b'-- Up-to-date: /root/common/indy-ros2/install/indy_interfaces/share/indy_interfaces/cmake/ament_cmake_export_include_directories-extras.cmake\n'}
[0.483492] (indy_interfaces) StdoutLine: {'line': b'-- Up-to-date: /root/common/indy-ros2/install/indy_interfaces/share/indy_interfaces/cmake/ament_cmake_export_libraries-extras.cmake\n'}
[0.483542] (indy_interfaces) StdoutLine: {'line': b'-- Up-to-date: /root/common/indy-ros2/install/indy_interfaces/share/indy_interfaces/cmake/ament_cmake_export_targets-extras.cmake\n'}
[0.483592] (indy_interfaces) StdoutLine: {'line': b'-- Up-to-date: /root/common/indy-ros2/install/indy_interfaces/share/indy_interfaces/cmake/rosidl_cmake_export_typesupport_targets-extras.cmake\n'}
[0.483642] (indy_interfaces) StdoutLine: {'line': b'-- Up-to-date: /root/common/indy-ros2/install/indy_interfaces/share/indy_interfaces/cmake/ament_cmake_export_dependencies-extras.cmake\n'}
[0.483691] (indy_interfaces) StdoutLine: {'line': b'-- Up-to-date: /root/common/indy-ros2/install/indy_interfaces/share/indy_interfaces/cmake/rosidl_cmake_export_typesupport_libraries-extras.cmake\n'}
[0.483740] (indy_interfaces) StdoutLine: {'line': b'-- Up-to-date: /root/common/indy-ros2/install/indy_interfaces/share/indy_interfaces/cmake/indy_interfacesConfig.cmake\n'}
[0.483793] (indy_interfaces) StdoutLine: {'line': b'-- Up-to-date: /root/common/indy-ros2/install/indy_interfaces/share/indy_interfaces/cmake/indy_interfacesConfig-version.cmake\n'}
[0.483843] (indy_interfaces) StdoutLine: {'line': b'-- Up-to-date: /root/common/indy-ros2/install/indy_interfaces/share/indy_interfaces/package.xml\n'}
[0.484929] (indy_interfaces) CommandEnded: {'returncode': 0}
[0.494383] (indy_driver) StdoutLine: {'line': b"Listing '/root/common/indy-ros2/install/indy_driver/local/lib/python3.10/dist-packages/indy_driver'...\n"}
[0.497895] (indy_driver) StdoutLine: {'line': b'-- Up-to-date: /root/common/indy-ros2/install/indy_driver/share/ament_index/resource_index/package_run_dependencies/indy_driver\n'}
[0.498240] (indy_driver) StdoutLine: {'line': b'-- Up-to-date: /root/common/indy-ros2/install/indy_driver/share/ament_index/resource_index/parent_prefix_path/indy_driver\n'}
[0.498485] (indy_driver) StdoutLine: {'line': b'-- Up-to-date: /root/common/indy-ros2/install/indy_driver/share/indy_driver/environment/ament_prefix_path.sh\n'}
[0.498571] (indy_driver) StdoutLine: {'line': b'-- Up-to-date: /root/common/indy-ros2/install/indy_driver/share/indy_driver/environment/ament_prefix_path.dsv\n'}
[0.498684] (indy_driver) StdoutLine: {'line': b'-- Up-to-date: /root/common/indy-ros2/install/indy_driver/share/indy_driver/environment/path.sh\n'}
[0.498739] (indy_driver) StdoutLine: {'line': b'-- Up-to-date: /root/common/indy-ros2/install/indy_driver/share/indy_driver/environment/path.dsv\n'}
[0.498791] (indy_driver) StdoutLine: {'line': b'-- Up-to-date: /root/common/indy-ros2/install/indy_driver/share/indy_driver/local_setup.bash\n'}
[0.498842] (indy_driver) StdoutLine: {'line': b'-- Up-to-date: /root/common/indy-ros2/install/indy_driver/share/indy_driver/local_setup.sh\n'}
[0.498954] (indy_driver) StdoutLine: {'line': b'-- Up-to-date: /root/common/indy-ros2/install/indy_driver/share/indy_driver/local_setup.zsh\n'}
[0.499003] (indy_driver) StdoutLine: {'line': b'-- Up-to-date: /root/common/indy-ros2/install/indy_driver/share/indy_driver/local_setup.dsv\n'}
[0.499052] (indy_driver) StdoutLine: {'line': b'-- Installing: /root/common/indy-ros2/install/indy_driver/share/indy_driver/package.dsv\n'}
[0.499115] (indy_driver) StdoutLine: {'line': b'-- Up-to-date: /root/common/indy-ros2/install/indy_driver/share/ament_index/resource_index/packages/indy_driver\n'}
[0.499165] (indy_driver) StdoutLine: {'line': b'-- Up-to-date: /root/common/indy-ros2/install/indy_driver/share/indy_driver/cmake/indy_driverConfig.cmake\n'}
[0.499223] (indy_driver) StdoutLine: {'line': b'-- Up-to-date: /root/common/indy-ros2/install/indy_driver/share/indy_driver/cmake/indy_driverConfig-version.cmake\n'}
[0.499366] (indy_driver) StdoutLine: {'line': b'-- Up-to-date: /root/common/indy-ros2/install/indy_driver/share/indy_driver/package.xml\n'}
[0.499557] (-) TimerEvent: {}
[0.500149] (indy_driver) CommandEnded: {'returncode': 0}
[0.503455] (indy_moveit) StdoutLine: {'line': b"Listing '/root/common/indy-ros2/install/indy_moveit/local/lib/python3.10/dist-packages/indy_moveit'...\n"}
[0.507024] (indy_moveit) StdoutLine: {'line': b'-- Up-to-date: /root/common/indy-ros2/install/indy_moveit/local/lib/python3.10/dist-packages/launch_common.py\n'}
[0.524403] (indy_driver) JobEnded: {'identifier': 'indy_driver', 'rc': 0}
[0.536119] (indy_moveit) StdoutLine: {'line': b'-- Up-to-date: /root/common/indy-ros2/install/indy_moveit/share/ament_index/resource_index/package_run_dependencies/indy_moveit\n'}
[0.536328] (indy_moveit) StdoutLine: {'line': b'-- Up-to-date: /root/common/indy-ros2/install/indy_moveit/share/ament_index/resource_index/parent_prefix_path/indy_moveit\n'}
[0.536448] (indy_moveit) StdoutLine: {'line': b'-- Up-to-date: /root/common/indy-ros2/install/indy_moveit/share/indy_moveit/environment/ament_prefix_path.sh\n'}
[0.536633] (indy_moveit) StdoutLine: {'line': b'-- Up-to-date: /root/common/indy-ros2/install/indy_moveit/share/indy_moveit/environment/ament_prefix_path.dsv\n'}
[0.536773] (indy_moveit) StdoutLine: {'line': b'-- Up-to-date: /root/common/indy-ros2/install/indy_moveit/share/indy_moveit/environment/path.sh\n'}
[0.536861] (indy_moveit) StdoutLine: {'line': b'-- Up-to-date: /root/common/indy-ros2/install/indy_moveit/share/indy_moveit/environment/path.dsv\n'}
[0.536958] (indy_moveit) StdoutLine: {'line': b'-- Up-to-date: /root/common/indy-ros2/install/indy_moveit/share/indy_moveit/local_setup.bash\n'}
[0.537136] (indy_moveit) StdoutLine: {'line': b'-- Up-to-date: /root/common/indy-ros2/install/indy_moveit/share/indy_moveit/local_setup.sh\n'}
[0.537228] (indy_moveit) StdoutLine: {'line': b'-- Up-to-date: /root/common/indy-ros2/install/indy_moveit/share/indy_moveit/local_setup.zsh\n'}
[0.537316] (indy_moveit) StdoutLine: {'line': b'-- Up-to-date: /root/common/indy-ros2/install/indy_moveit/share/indy_moveit/local_setup.dsv\n'}
[0.537407] (indy_moveit) StdoutLine: {'line': b'-- Installing: /root/common/indy-ros2/install/indy_moveit/share/indy_moveit/package.dsv\n'}
[0.537574] (indy_moveit) StdoutLine: {'line': b'-- Up-to-date: /root/common/indy-ros2/install/indy_moveit/share/ament_index/resource_index/packages/indy_moveit\n'}
[0.537857] (indy_moveit) StdoutLine: {'line': b'-- Up-to-date: /root/common/indy-ros2/install/indy_moveit/share/indy_moveit/cmake/indy_moveitConfig.cmake\n'}
[0.538032] (indy_moveit) StdoutLine: {'line': b'-- Up-to-date: /root/common/indy-ros2/install/indy_moveit/share/indy_moveit/cmake/indy_moveitConfig-version.cmake\n'}
[0.538331] (indy_moveit) StdoutLine: {'line': b'-- Up-to-date: /root/common/indy-ros2/install/indy_moveit/share/indy_moveit/package.xml\n'}
[0.539295] (indy_moveit) CommandEnded: {'returncode': 0}
[0.563810] (indy_moveit) JobEnded: {'identifier': 'indy_moveit', 'rc': 0}
[0.582599] (indy_interfaces) JobEnded: {'identifier': 'indy_interfaces', 'rc': 0}
[0.583071] (-) EventReactorShutdown: {}
