[0.000000] (-) TimerEvent: {}
[0.000270] (indy_description) JobQueued: {'identifier': 'indy_description', 'dependencies': OrderedDict()}
[0.000538] (indy_interfaces) JobQueued: {'identifier': 'indy_interfaces', 'dependencies': OrderedDict()}
[0.000587] (indy_driver) JobQueued: {'identifier': 'indy_driver', 'dependencies': OrderedDict([('indy_description', '/root/common/indy-ros2/install/indy_description')])}
[0.000621] (indy_gazebo) JobQueued: {'identifier': 'indy_gazebo', 'dependencies': OrderedDict([('indy_description', '/root/common/indy-ros2/install/indy_description')])}
[0.000652] (indy_moveit) JobQueued: {'identifier': 'indy_moveit', 'dependencies': OrderedDict([('indy_description', '/root/common/indy-ros2/install/indy_description')])}
[0.000681] (indy_description) JobStarted: {'identifier': 'indy_description'}
[0.012725] (indy_interfaces) JobStarted: {'identifier': 'indy_interfaces'}
[0.017904] (indy_description) JobProgress: {'identifier': 'indy_description', 'progress': 'cmake'}
[0.018175] (indy_description) Command: {'cmd': ['/usr/bin/cmake', '/root/common/indy-ros2/src/sml_indy-ros2/indy_description', '-DCMAKE_INSTALL_PREFIX=/root/common/indy-ros2/install/indy_description'], 'cwd': '/root/common/indy-ros2/build/indy_description', 'env': OrderedDict([('NV_LIBCUBLAS_VERSION', '11.11.3.6-1'), ('NV_CUDA_COMPAT_PACKAGE', 'cuda-compat-11-8'), ('HOSTNAME', 'idim'), ('SHLVL', '1'), ('LD_LIBRARY_PATH', '/opt/ros/humble/lib'), ('NV_LIBNCCL_PACKAGE_VERSION', '2.15.5-1'), ('AMENT_CPPCHECK_ALLOW_SLOW_VERSIONS', '1'), ('HOME', '/root'), ('OLDPWD', '/root/common/indy-ros2/src'), ('ROS_PYTHON_VERSION', '3'), ('PS1', '\\[\x1b[0;33m\\]idim \\W $ \\[\x1b[0m\\]'), ('NV_LIBNPP_PACKAGE', 'libnpp-11-8=11.8.0.86-1'), ('CUDA_VERSION', '11.8.0'), ('COLCON_PREFIX_PATH', '/opt/ros/humble'), ('ROS_DISTRO', 'humble'), ('NV_LIBCUBLAS_PACKAGE_NAME', 'libcublas-11-8'), ('NVIDIA_REQUIRE_CUDA', 'cuda>=11.8 brand=tesla,driver>=470,driver<471 brand=unknown,driver>=470,driver<471 brand=nvidia,driver>=470,driver<471 brand=nvidiartx,driver>=470,driver<471 brand=geforce,driver>=470,driver<471 brand=geforcertx,driver>=470,driver<471 brand=quadro,driver>=470,driver<471 brand=quadrortx,driver>=470,driver<471 brand=titan,driver>=470,driver<471 brand=titanrtx,driver>=470,driver<471'), ('_', '/usr/bin/colcon'), ('ROS_VERSION', '2'), ('NV_LIBCUSPARSE_VERSION', '11.7.5.86-1'), ('NVIDIA_DRIVER_CAPABILITIES', 'graphics,utility,compute'), ('NV_CUDA_LIB_VERSION', '11.8.0-1'), ('NV_LIBNCCL_PACKAGE_NAME', 'libnccl2'), ('TERM', 'xterm'), ('NV_CUDA_CUDART_VERSION', '11.8.89-1'), ('QT_X11_NO_MITSHM', '1'), ('PATH', '/opt/ros/humble/bin:/usr/local/nvidia/bin:/usr/local/cuda/bin:/usr/local/sbin:/usr/local/bin:/usr/sbin:/usr/bin:/sbin:/bin'), ('NV_LIBCUBLAS_PACKAGE', 'libcublas-11-8=11.11.3.6-1'), ('NVARCH', 'x86_64'), ('DISPLAY', ':1'), ('NV_LIBNCCL_PACKAGE', 'libnccl2=2.15.5-1+cuda11.8'), ('NVIDIA_PRODUCT_NAME', 'CUDA'), ('LANG', 'en_US.UTF-8'), ('XAUTHORITY', '/tmp/.docker.xauth'), ('LS_COLORS', 'rs=0:di=01;34:ln=01;36:mh=00:pi=40;33:so=01;35:do=01;35:bd=40;33;01:cd=40;33;01:or=40;31;01:mi=00:su=37;41:sg=30;43:ca=30;41:tw=30;42:ow=34;42:st=37;44:ex=01;32:*.tar=01;31:*.tgz=01;31:*.arc=01;31:*.arj=01;31:*.taz=01;31:*.lha=01;31:*.lz4=01;31:*.lzh=01;31:*.lzma=01;31:*.tlz=01;31:*.txz=01;31:*.tzo=01;31:*.t7z=01;31:*.zip=01;31:*.z=01;31:*.dz=01;31:*.gz=01;31:*.lrz=01;31:*.lz=01;31:*.lzo=01;31:*.xz=01;31:*.zst=01;31:*.tzst=01;31:*.bz2=01;31:*.bz=01;31:*.tbz=01;31:*.tbz2=01;31:*.tz=01;31:*.deb=01;31:*.rpm=01;31:*.jar=01;31:*.war=01;31:*.ear=01;31:*.sar=01;31:*.rar=01;31:*.alz=01;31:*.ace=01;31:*.zoo=01;31:*.cpio=01;31:*.7z=01;31:*.rz=01;31:*.cab=01;31:*.wim=01;31:*.swm=01;31:*.dwm=01;31:*.esd=01;31:*.jpg=01;35:*.jpeg=01;35:*.mjpg=01;35:*.mjpeg=01;35:*.gif=01;35:*.bmp=01;35:*.pbm=01;35:*.pgm=01;35:*.ppm=01;35:*.tga=01;35:*.xbm=01;35:*.xpm=01;35:*.tif=01;35:*.tiff=01;35:*.png=01;35:*.svg=01;35:*.svgz=01;35:*.mng=01;35:*.pcx=01;35:*.mov=01;35:*.mpg=01;35:*.mpeg=01;35:*.m2v=01;35:*.mkv=01;35:*.webm=01;35:*.webp=01;35:*.ogm=01;35:*.mp4=01;35:*.m4v=01;35:*.mp4v=01;35:*.vob=01;35:*.qt=01;35:*.nuv=01;35:*.wmv=01;35:*.asf=01;35:*.rm=01;35:*.rmvb=01;35:*.flc=01;35:*.avi=01;35:*.fli=01;35:*.flv=01;35:*.gl=01;35:*.dl=01;35:*.xcf=01;35:*.xwd=01;35:*.yuv=01;35:*.cgm=01;35:*.emf=01;35:*.ogv=01;35:*.ogx=01;35:*.aac=00;36:*.au=00;36:*.flac=00;36:*.m4a=00;36:*.mid=00;36:*.midi=00;36:*.mka=00;36:*.mp3=00;36:*.mpc=00;36:*.ogg=00;36:*.ra=00;36:*.wav=00;36:*.oga=00;36:*.opus=00;36:*.spx=00;36:*.xspf=00;36:'), ('AMENT_PREFIX_PATH', '/opt/ros/humble'), ('DEBIAN_FRONTEND', 'noninteractive'), ('NV_NVTX_VERSION', '11.8.86-1'), ('NV_LIBNPP_VERSION', '11.8.0.86-1'), ('PWD', '/root/common/indy-ros2/build/indy_description'), ('PYTHONPATH', '/opt/ros/humble/local/lib/python3.10/dist-packages:/opt/ros/humble/lib/python3.10/site-packages'), ('NVIDIA_VISIBLE_DEVICES', 'all'), ('NCCL_VERSION', '2.15.5-1'), ('DEBCONF_NOWARNINGS', 'yes'), ('COLCON', '1'), ('CMAKE_PREFIX_PATH', '/opt/ros/humble')]), 'shell': False}
[0.020728] (indy_interfaces) JobProgress: {'identifier': 'indy_interfaces', 'progress': 'cmake'}
[0.021067] (indy_interfaces) Command: {'cmd': ['/usr/bin/cmake', '/root/common/indy-ros2/src/sml_indy-ros2/indy_interfaces', '-DCMAKE_INSTALL_PREFIX=/root/common/indy-ros2/install/indy_interfaces'], 'cwd': '/root/common/indy-ros2/build/indy_interfaces', 'env': OrderedDict([('NV_LIBCUBLAS_VERSION', '11.11.3.6-1'), ('NV_CUDA_COMPAT_PACKAGE', 'cuda-compat-11-8'), ('HOSTNAME', 'idim'), ('SHLVL', '1'), ('LD_LIBRARY_PATH', '/opt/ros/humble/lib'), ('NV_LIBNCCL_PACKAGE_VERSION', '2.15.5-1'), ('AMENT_CPPCHECK_ALLOW_SLOW_VERSIONS', '1'), ('HOME', '/root'), ('OLDPWD', '/root/common/indy-ros2/src'), ('ROS_PYTHON_VERSION', '3'), ('PS1', '\\[\x1b[0;33m\\]idim \\W $ \\[\x1b[0m\\]'), ('NV_LIBNPP_PACKAGE', 'libnpp-11-8=11.8.0.86-1'), ('CUDA_VERSION', '11.8.0'), ('COLCON_PREFIX_PATH', '/opt/ros/humble'), ('ROS_DISTRO', 'humble'), ('NV_LIBCUBLAS_PACKAGE_NAME', 'libcublas-11-8'), ('NVIDIA_REQUIRE_CUDA', 'cuda>=11.8 brand=tesla,driver>=470,driver<471 brand=unknown,driver>=470,driver<471 brand=nvidia,driver>=470,driver<471 brand=nvidiartx,driver>=470,driver<471 brand=geforce,driver>=470,driver<471 brand=geforcertx,driver>=470,driver<471 brand=quadro,driver>=470,driver<471 brand=quadrortx,driver>=470,driver<471 brand=titan,driver>=470,driver<471 brand=titanrtx,driver>=470,driver<471'), ('_', '/usr/bin/colcon'), ('ROS_VERSION', '2'), ('NV_LIBCUSPARSE_VERSION', '11.7.5.86-1'), ('NVIDIA_DRIVER_CAPABILITIES', 'graphics,utility,compute'), ('NV_CUDA_LIB_VERSION', '11.8.0-1'), ('NV_LIBNCCL_PACKAGE_NAME', 'libnccl2'), ('TERM', 'xterm'), ('NV_CUDA_CUDART_VERSION', '11.8.89-1'), ('QT_X11_NO_MITSHM', '1'), ('PATH', '/opt/ros/humble/bin:/usr/local/nvidia/bin:/usr/local/cuda/bin:/usr/local/sbin:/usr/local/bin:/usr/sbin:/usr/bin:/sbin:/bin'), ('NV_LIBCUBLAS_PACKAGE', 'libcublas-11-8=11.11.3.6-1'), ('NVARCH', 'x86_64'), ('DISPLAY', ':1'), ('NV_LIBNCCL_PACKAGE', 'libnccl2=2.15.5-1+cuda11.8'), ('NVIDIA_PRODUCT_NAME', 'CUDA'), ('LANG', 'en_US.UTF-8'), ('XAUTHORITY', '/tmp/.docker.xauth'), ('LS_COLORS', 'rs=0:di=01;34:ln=01;36:mh=00:pi=40;33:so=01;35:do=01;35:bd=40;33;01:cd=40;33;01:or=40;31;01:mi=00:su=37;41:sg=30;43:ca=30;41:tw=30;42:ow=34;42:st=37;44:ex=01;32:*.tar=01;31:*.tgz=01;31:*.arc=01;31:*.arj=01;31:*.taz=01;31:*.lha=01;31:*.lz4=01;31:*.lzh=01;31:*.lzma=01;31:*.tlz=01;31:*.txz=01;31:*.tzo=01;31:*.t7z=01;31:*.zip=01;31:*.z=01;31:*.dz=01;31:*.gz=01;31:*.lrz=01;31:*.lz=01;31:*.lzo=01;31:*.xz=01;31:*.zst=01;31:*.tzst=01;31:*.bz2=01;31:*.bz=01;31:*.tbz=01;31:*.tbz2=01;31:*.tz=01;31:*.deb=01;31:*.rpm=01;31:*.jar=01;31:*.war=01;31:*.ear=01;31:*.sar=01;31:*.rar=01;31:*.alz=01;31:*.ace=01;31:*.zoo=01;31:*.cpio=01;31:*.7z=01;31:*.rz=01;31:*.cab=01;31:*.wim=01;31:*.swm=01;31:*.dwm=01;31:*.esd=01;31:*.jpg=01;35:*.jpeg=01;35:*.mjpg=01;35:*.mjpeg=01;35:*.gif=01;35:*.bmp=01;35:*.pbm=01;35:*.pgm=01;35:*.ppm=01;35:*.tga=01;35:*.xbm=01;35:*.xpm=01;35:*.tif=01;35:*.tiff=01;35:*.png=01;35:*.svg=01;35:*.svgz=01;35:*.mng=01;35:*.pcx=01;35:*.mov=01;35:*.mpg=01;35:*.mpeg=01;35:*.m2v=01;35:*.mkv=01;35:*.webm=01;35:*.webp=01;35:*.ogm=01;35:*.mp4=01;35:*.m4v=01;35:*.mp4v=01;35:*.vob=01;35:*.qt=01;35:*.nuv=01;35:*.wmv=01;35:*.asf=01;35:*.rm=01;35:*.rmvb=01;35:*.flc=01;35:*.avi=01;35:*.fli=01;35:*.flv=01;35:*.gl=01;35:*.dl=01;35:*.xcf=01;35:*.xwd=01;35:*.yuv=01;35:*.cgm=01;35:*.emf=01;35:*.ogv=01;35:*.ogx=01;35:*.aac=00;36:*.au=00;36:*.flac=00;36:*.m4a=00;36:*.mid=00;36:*.midi=00;36:*.mka=00;36:*.mp3=00;36:*.mpc=00;36:*.ogg=00;36:*.ra=00;36:*.wav=00;36:*.oga=00;36:*.opus=00;36:*.spx=00;36:*.xspf=00;36:'), ('AMENT_PREFIX_PATH', '/opt/ros/humble'), ('DEBIAN_FRONTEND', 'noninteractive'), ('NV_NVTX_VERSION', '11.8.86-1'), ('NV_LIBNPP_VERSION', '11.8.0.86-1'), ('PWD', '/root/common/indy-ros2/build/indy_interfaces'), ('PYTHONPATH', '/opt/ros/humble/local/lib/python3.10/dist-packages:/opt/ros/humble/lib/python3.10/site-packages'), ('NVIDIA_VISIBLE_DEVICES', 'all'), ('NCCL_VERSION', '2.15.5-1'), ('DEBCONF_NOWARNINGS', 'yes'), ('COLCON', '1'), ('CMAKE_PREFIX_PATH', '/opt/ros/humble')]), 'shell': False}
[0.024722] (indy_interfaces) StderrLine: {'line': b'\x1b[0mCMake Deprecation Warning at CMakeLists.txt:1 (cmake_minimum_required):\n'}
[0.024843] (indy_interfaces) StderrLine: {'line': b'  Compatibility with CMake < 3.10 will be removed from a future version of\n'}
[0.024897] (indy_interfaces) StderrLine: {'line': b'  CMake.\n'}
[0.024946] (indy_interfaces) StderrLine: {'line': b'\n'}
[0.024993] (indy_interfaces) StderrLine: {'line': b'  Update the VERSION argument <min> value.  Or, use the <min>...<max> syntax\n'}
[0.025040] (indy_interfaces) StderrLine: {'line': b'  to tell CMake that the project requires at least <min> but has been updated\n'}
[0.025086] (indy_interfaces) StderrLine: {'line': b'  to work with policies introduced by <max> or earlier.\n'}
[0.025132] (indy_interfaces) StderrLine: {'line': b'\n'}
[0.025177] (indy_interfaces) StderrLine: {'line': b'\x1b[0m\n'}
[0.042642] (indy_description) StderrLine: {'line': b'\x1b[0mCMake Deprecation Warning at CMakeLists.txt:1 (cmake_minimum_required):\n'}
[0.042807] (indy_description) StderrLine: {'line': b'  Compatibility with CMake < 3.10 will be removed from a future version of\n'}
[0.042861] (indy_description) StderrLine: {'line': b'  CMake.\n'}
[0.042909] (indy_description) StderrLine: {'line': b'\n'}
[0.042955] (indy_description) StderrLine: {'line': b'  Update the VERSION argument <min> value.  Or, use the <min>...<max> syntax\n'}
[0.043001] (indy_description) StderrLine: {'line': b'  to tell CMake that the project requires at least <min> but has been updated\n'}
[0.043047] (indy_description) StderrLine: {'line': b'  to work with policies introduced by <max> or earlier.\n'}
[0.043135] (indy_description) StderrLine: {'line': b'\n'}
[0.043181] (indy_description) StderrLine: {'line': b'\x1b[0m\n'}
[0.062636] (indy_interfaces) StdoutLine: {'line': b'-- The C compiler identification is GNU 11.4.0\n'}
[0.078984] (indy_description) StdoutLine: {'line': b'-- The C compiler identification is GNU 11.4.0\n'}
[0.099385] (-) TimerEvent: {}
[0.121008] (indy_interfaces) StdoutLine: {'line': b'-- The CXX compiler identification is GNU 11.4.0\n'}
[0.128235] (indy_interfaces) StdoutLine: {'line': b'-- Detecting C compiler ABI info\n'}
[0.135897] (indy_description) StdoutLine: {'line': b'-- The CXX compiler identification is GNU 11.4.0\n'}
[0.142045] (indy_description) StdoutLine: {'line': b'-- Detecting C compiler ABI info\n'}
[0.171703] (indy_interfaces) StdoutLine: {'line': b'-- Detecting C compiler ABI info - done\n'}
[0.185109] (indy_description) StdoutLine: {'line': b'-- Detecting C compiler ABI info - done\n'}
[0.185685] (indy_interfaces) StdoutLine: {'line': b'-- Check for working C compiler: /usr/bin/cc - skipped\n'}
[0.185952] (indy_interfaces) StdoutLine: {'line': b'-- Detecting C compile features\n'}
[0.186275] (indy_interfaces) StdoutLine: {'line': b'-- Detecting C compile features - done\n'}
[0.194749] (indy_interfaces) StdoutLine: {'line': b'-- Detecting CXX compiler ABI info\n'}
[0.197735] (indy_description) StdoutLine: {'line': b'-- Check for working C compiler: /usr/bin/cc - skipped\n'}
[0.198004] (indy_description) StdoutLine: {'line': b'-- Detecting C compile features\n'}
[0.198319] (indy_description) StdoutLine: {'line': b'-- Detecting C compile features - done\n'}
[0.199438] (-) TimerEvent: {}
[0.206772] (indy_description) StdoutLine: {'line': b'-- Detecting CXX compiler ABI info\n'}
[0.249673] (indy_interfaces) StdoutLine: {'line': b'-- Detecting CXX compiler ABI info - done\n'}
[0.259508] (indy_description) StdoutLine: {'line': b'-- Detecting CXX compiler ABI info - done\n'}
[0.262953] (indy_interfaces) StdoutLine: {'line': b'-- Check for working CXX compiler: /usr/bin/c++ - skipped\n'}
[0.263243] (indy_interfaces) StdoutLine: {'line': b'-- Detecting CXX compile features\n'}
[0.263711] (indy_interfaces) StdoutLine: {'line': b'-- Detecting CXX compile features - done\n'}
[0.271040] (indy_interfaces) StdoutLine: {'line': b'-- Found ament_cmake: 1.3.9 (/opt/ros/humble/share/ament_cmake/cmake)\n'}
[0.272407] (indy_description) StdoutLine: {'line': b'-- Check for working CXX compiler: /usr/bin/c++ - skipped\n'}
[0.272677] (indy_description) StdoutLine: {'line': b'-- Detecting CXX compile features\n'}
[0.273265] (indy_description) StdoutLine: {'line': b'-- Detecting CXX compile features - done\n'}
[0.280170] (indy_description) StdoutLine: {'line': b'-- Found ament_cmake: 1.3.9 (/opt/ros/humble/share/ament_cmake/cmake)\n'}
[0.299553] (-) TimerEvent: {}
[0.376601] (indy_interfaces) StdoutLine: {'line': b'-- Found Python3: /usr/bin/python3 (found version "3.10.12") found components: Interpreter\n'}
[0.386979] (indy_description) StdoutLine: {'line': b'-- Found Python3: /usr/bin/python3 (found version "3.10.12") found components: Interpreter\n'}
[0.399665] (-) TimerEvent: {}
[0.468946] (indy_interfaces) StdoutLine: {'line': b'-- Found rosidl_default_generators: 1.2.0 (/opt/ros/humble/share/rosidl_default_generators/cmake)\n'}
[0.473062] (indy_interfaces) StdoutLine: {'line': b'-- Using all available rosidl_typesupport_c: rosidl_typesupport_fastrtps_c;rosidl_typesupport_introspection_c\n'}
[0.479905] (indy_description) StdoutLine: {'line': b'-- Found ament_lint_auto: 0.12.11 (/opt/ros/humble/share/ament_lint_auto/cmake)\n'}
[0.482724] (indy_interfaces) StdoutLine: {'line': b'-- Found rosidl_adapter: 3.1.5 (/opt/ros/humble/share/rosidl_adapter/cmake)\n'}
[0.499770] (-) TimerEvent: {}
[0.529874] (indy_description) StdoutLine: {'line': b'-- Configuring done (0.5s)\n'}
[0.533016] (indy_description) StdoutLine: {'line': b'-- Generating done (0.0s)\n'}
[0.533270] (indy_description) StdoutLine: {'line': b'-- Build files have been written to: /root/common/indy-ros2/build/indy_description\n'}
[0.535467] (indy_interfaces) StdoutLine: {'line': b'-- Using all available rosidl_typesupport_cpp: rosidl_typesupport_fastrtps_cpp;rosidl_typesupport_introspection_cpp\n'}
[0.536839] (indy_description) CommandEnded: {'returncode': 0}
[0.537233] (indy_description) JobProgress: {'identifier': 'indy_description', 'progress': 'build'}
[0.538237] (indy_description) Command: {'cmd': ['/usr/bin/cmake', '--build', '/root/common/indy-ros2/build/indy_description', '--', '-j12', '-l12'], 'cwd': '/root/common/indy-ros2/build/indy_description', 'env': OrderedDict([('NV_LIBCUBLAS_VERSION', '11.11.3.6-1'), ('NV_CUDA_COMPAT_PACKAGE', 'cuda-compat-11-8'), ('HOSTNAME', 'idim'), ('SHLVL', '1'), ('LD_LIBRARY_PATH', '/opt/ros/humble/lib'), ('NV_LIBNCCL_PACKAGE_VERSION', '2.15.5-1'), ('AMENT_CPPCHECK_ALLOW_SLOW_VERSIONS', '1'), ('HOME', '/root'), ('OLDPWD', '/root/common/indy-ros2/src'), ('ROS_PYTHON_VERSION', '3'), ('PS1', '\\[\x1b[0;33m\\]idim \\W $ \\[\x1b[0m\\]'), ('NV_LIBNPP_PACKAGE', 'libnpp-11-8=11.8.0.86-1'), ('CUDA_VERSION', '11.8.0'), ('COLCON_PREFIX_PATH', '/opt/ros/humble'), ('ROS_DISTRO', 'humble'), ('NV_LIBCUBLAS_PACKAGE_NAME', 'libcublas-11-8'), ('NVIDIA_REQUIRE_CUDA', 'cuda>=11.8 brand=tesla,driver>=470,driver<471 brand=unknown,driver>=470,driver<471 brand=nvidia,driver>=470,driver<471 brand=nvidiartx,driver>=470,driver<471 brand=geforce,driver>=470,driver<471 brand=geforcertx,driver>=470,driver<471 brand=quadro,driver>=470,driver<471 brand=quadrortx,driver>=470,driver<471 brand=titan,driver>=470,driver<471 brand=titanrtx,driver>=470,driver<471'), ('_', '/usr/bin/colcon'), ('ROS_VERSION', '2'), ('NV_LIBCUSPARSE_VERSION', '11.7.5.86-1'), ('NVIDIA_DRIVER_CAPABILITIES', 'graphics,utility,compute'), ('NV_CUDA_LIB_VERSION', '11.8.0-1'), ('NV_LIBNCCL_PACKAGE_NAME', 'libnccl2'), ('TERM', 'xterm'), ('NV_CUDA_CUDART_VERSION', '11.8.89-1'), ('QT_X11_NO_MITSHM', '1'), ('PATH', '/opt/ros/humble/bin:/usr/local/nvidia/bin:/usr/local/cuda/bin:/usr/local/sbin:/usr/local/bin:/usr/sbin:/usr/bin:/sbin:/bin'), ('NV_LIBCUBLAS_PACKAGE', 'libcublas-11-8=11.11.3.6-1'), ('NVARCH', 'x86_64'), ('DISPLAY', ':1'), ('NV_LIBNCCL_PACKAGE', 'libnccl2=2.15.5-1+cuda11.8'), ('NVIDIA_PRODUCT_NAME', 'CUDA'), ('LANG', 'en_US.UTF-8'), ('XAUTHORITY', '/tmp/.docker.xauth'), ('LS_COLORS', 'rs=0:di=01;34:ln=01;36:mh=00:pi=40;33:so=01;35:do=01;35:bd=40;33;01:cd=40;33;01:or=40;31;01:mi=00:su=37;41:sg=30;43:ca=30;41:tw=30;42:ow=34;42:st=37;44:ex=01;32:*.tar=01;31:*.tgz=01;31:*.arc=01;31:*.arj=01;31:*.taz=01;31:*.lha=01;31:*.lz4=01;31:*.lzh=01;31:*.lzma=01;31:*.tlz=01;31:*.txz=01;31:*.tzo=01;31:*.t7z=01;31:*.zip=01;31:*.z=01;31:*.dz=01;31:*.gz=01;31:*.lrz=01;31:*.lz=01;31:*.lzo=01;31:*.xz=01;31:*.zst=01;31:*.tzst=01;31:*.bz2=01;31:*.bz=01;31:*.tbz=01;31:*.tbz2=01;31:*.tz=01;31:*.deb=01;31:*.rpm=01;31:*.jar=01;31:*.war=01;31:*.ear=01;31:*.sar=01;31:*.rar=01;31:*.alz=01;31:*.ace=01;31:*.zoo=01;31:*.cpio=01;31:*.7z=01;31:*.rz=01;31:*.cab=01;31:*.wim=01;31:*.swm=01;31:*.dwm=01;31:*.esd=01;31:*.jpg=01;35:*.jpeg=01;35:*.mjpg=01;35:*.mjpeg=01;35:*.gif=01;35:*.bmp=01;35:*.pbm=01;35:*.pgm=01;35:*.ppm=01;35:*.tga=01;35:*.xbm=01;35:*.xpm=01;35:*.tif=01;35:*.tiff=01;35:*.png=01;35:*.svg=01;35:*.svgz=01;35:*.mng=01;35:*.pcx=01;35:*.mov=01;35:*.mpg=01;35:*.mpeg=01;35:*.m2v=01;35:*.mkv=01;35:*.webm=01;35:*.webp=01;35:*.ogm=01;35:*.mp4=01;35:*.m4v=01;35:*.mp4v=01;35:*.vob=01;35:*.qt=01;35:*.nuv=01;35:*.wmv=01;35:*.asf=01;35:*.rm=01;35:*.rmvb=01;35:*.flc=01;35:*.avi=01;35:*.fli=01;35:*.flv=01;35:*.gl=01;35:*.dl=01;35:*.xcf=01;35:*.xwd=01;35:*.yuv=01;35:*.cgm=01;35:*.emf=01;35:*.ogv=01;35:*.ogx=01;35:*.aac=00;36:*.au=00;36:*.flac=00;36:*.m4a=00;36:*.mid=00;36:*.midi=00;36:*.mka=00;36:*.mp3=00;36:*.mpc=00;36:*.ogg=00;36:*.ra=00;36:*.wav=00;36:*.oga=00;36:*.opus=00;36:*.spx=00;36:*.xspf=00;36:'), ('AMENT_PREFIX_PATH', '/opt/ros/humble'), ('DEBIAN_FRONTEND', 'noninteractive'), ('NV_NVTX_VERSION', '11.8.86-1'), ('NV_LIBNPP_VERSION', '11.8.0.86-1'), ('PWD', '/root/common/indy-ros2/build/indy_description'), ('PYTHONPATH', '/opt/ros/humble/local/lib/python3.10/dist-packages:/opt/ros/humble/lib/python3.10/site-packages'), ('NVIDIA_VISIBLE_DEVICES', 'all'), ('NCCL_VERSION', '2.15.5-1'), ('DEBCONF_NOWARNINGS', 'yes'), ('COLCON', '1'), ('CMAKE_PREFIX_PATH', '/opt/ros/humble')]), 'shell': False}
[0.551000] (indy_description) CommandEnded: {'returncode': 0}
[0.562157] (indy_description) JobProgress: {'identifier': 'indy_description', 'progress': 'install'}
[0.565319] (indy_description) Command: {'cmd': ['/usr/bin/cmake', '--install', '/root/common/indy-ros2/build/indy_description'], 'cwd': '/root/common/indy-ros2/build/indy_description', 'env': OrderedDict([('NV_LIBCUBLAS_VERSION', '11.11.3.6-1'), ('NV_CUDA_COMPAT_PACKAGE', 'cuda-compat-11-8'), ('HOSTNAME', 'idim'), ('SHLVL', '1'), ('LD_LIBRARY_PATH', '/opt/ros/humble/lib'), ('NV_LIBNCCL_PACKAGE_VERSION', '2.15.5-1'), ('AMENT_CPPCHECK_ALLOW_SLOW_VERSIONS', '1'), ('HOME', '/root'), ('OLDPWD', '/root/common/indy-ros2/src'), ('ROS_PYTHON_VERSION', '3'), ('PS1', '\\[\x1b[0;33m\\]idim \\W $ \\[\x1b[0m\\]'), ('NV_LIBNPP_PACKAGE', 'libnpp-11-8=11.8.0.86-1'), ('CUDA_VERSION', '11.8.0'), ('COLCON_PREFIX_PATH', '/opt/ros/humble'), ('ROS_DISTRO', 'humble'), ('NV_LIBCUBLAS_PACKAGE_NAME', 'libcublas-11-8'), ('NVIDIA_REQUIRE_CUDA', 'cuda>=11.8 brand=tesla,driver>=470,driver<471 brand=unknown,driver>=470,driver<471 brand=nvidia,driver>=470,driver<471 brand=nvidiartx,driver>=470,driver<471 brand=geforce,driver>=470,driver<471 brand=geforcertx,driver>=470,driver<471 brand=quadro,driver>=470,driver<471 brand=quadrortx,driver>=470,driver<471 brand=titan,driver>=470,driver<471 brand=titanrtx,driver>=470,driver<471'), ('_', '/usr/bin/colcon'), ('ROS_VERSION', '2'), ('NV_LIBCUSPARSE_VERSION', '11.7.5.86-1'), ('NVIDIA_DRIVER_CAPABILITIES', 'graphics,utility,compute'), ('NV_CUDA_LIB_VERSION', '11.8.0-1'), ('NV_LIBNCCL_PACKAGE_NAME', 'libnccl2'), ('TERM', 'xterm'), ('NV_CUDA_CUDART_VERSION', '11.8.89-1'), ('QT_X11_NO_MITSHM', '1'), ('PATH', '/opt/ros/humble/bin:/usr/local/nvidia/bin:/usr/local/cuda/bin:/usr/local/sbin:/usr/local/bin:/usr/sbin:/usr/bin:/sbin:/bin'), ('NV_LIBCUBLAS_PACKAGE', 'libcublas-11-8=11.11.3.6-1'), ('NVARCH', 'x86_64'), ('DISPLAY', ':1'), ('NV_LIBNCCL_PACKAGE', 'libnccl2=2.15.5-1+cuda11.8'), ('NVIDIA_PRODUCT_NAME', 'CUDA'), ('LANG', 'en_US.UTF-8'), ('XAUTHORITY', '/tmp/.docker.xauth'), ('LS_COLORS', 'rs=0:di=01;34:ln=01;36:mh=00:pi=40;33:so=01;35:do=01;35:bd=40;33;01:cd=40;33;01:or=40;31;01:mi=00:su=37;41:sg=30;43:ca=30;41:tw=30;42:ow=34;42:st=37;44:ex=01;32:*.tar=01;31:*.tgz=01;31:*.arc=01;31:*.arj=01;31:*.taz=01;31:*.lha=01;31:*.lz4=01;31:*.lzh=01;31:*.lzma=01;31:*.tlz=01;31:*.txz=01;31:*.tzo=01;31:*.t7z=01;31:*.zip=01;31:*.z=01;31:*.dz=01;31:*.gz=01;31:*.lrz=01;31:*.lz=01;31:*.lzo=01;31:*.xz=01;31:*.zst=01;31:*.tzst=01;31:*.bz2=01;31:*.bz=01;31:*.tbz=01;31:*.tbz2=01;31:*.tz=01;31:*.deb=01;31:*.rpm=01;31:*.jar=01;31:*.war=01;31:*.ear=01;31:*.sar=01;31:*.rar=01;31:*.alz=01;31:*.ace=01;31:*.zoo=01;31:*.cpio=01;31:*.7z=01;31:*.rz=01;31:*.cab=01;31:*.wim=01;31:*.swm=01;31:*.dwm=01;31:*.esd=01;31:*.jpg=01;35:*.jpeg=01;35:*.mjpg=01;35:*.mjpeg=01;35:*.gif=01;35:*.bmp=01;35:*.pbm=01;35:*.pgm=01;35:*.ppm=01;35:*.tga=01;35:*.xbm=01;35:*.xpm=01;35:*.tif=01;35:*.tiff=01;35:*.png=01;35:*.svg=01;35:*.svgz=01;35:*.mng=01;35:*.pcx=01;35:*.mov=01;35:*.mpg=01;35:*.mpeg=01;35:*.m2v=01;35:*.mkv=01;35:*.webm=01;35:*.webp=01;35:*.ogm=01;35:*.mp4=01;35:*.m4v=01;35:*.mp4v=01;35:*.vob=01;35:*.qt=01;35:*.nuv=01;35:*.wmv=01;35:*.asf=01;35:*.rm=01;35:*.rmvb=01;35:*.flc=01;35:*.avi=01;35:*.fli=01;35:*.flv=01;35:*.gl=01;35:*.dl=01;35:*.xcf=01;35:*.xwd=01;35:*.yuv=01;35:*.cgm=01;35:*.emf=01;35:*.ogv=01;35:*.ogx=01;35:*.aac=00;36:*.au=00;36:*.flac=00;36:*.m4a=00;36:*.mid=00;36:*.midi=00;36:*.mka=00;36:*.mp3=00;36:*.mpc=00;36:*.ogg=00;36:*.ra=00;36:*.wav=00;36:*.oga=00;36:*.opus=00;36:*.spx=00;36:*.xspf=00;36:'), ('AMENT_PREFIX_PATH', '/opt/ros/humble'), ('DEBIAN_FRONTEND', 'noninteractive'), ('NV_NVTX_VERSION', '11.8.86-1'), ('NV_LIBNPP_VERSION', '11.8.0.86-1'), ('PWD', '/root/common/indy-ros2/build/indy_description'), ('PYTHONPATH', '/opt/ros/humble/local/lib/python3.10/dist-packages:/opt/ros/humble/lib/python3.10/site-packages'), ('NVIDIA_VISIBLE_DEVICES', 'all'), ('NCCL_VERSION', '2.15.5-1'), ('DEBCONF_NOWARNINGS', 'yes'), ('COLCON', '1'), ('CMAKE_PREFIX_PATH', '/opt/ros/humble')]), 'shell': False}
[0.567050] (indy_description) StdoutLine: {'line': b'-- Install configuration: ""\n'}
[0.567182] (indy_description) StdoutLine: {'line': b'-- Installing: /root/common/indy-ros2/install/indy_description/share/indy_description//launch\n'}
[0.567325] (indy_description) StdoutLine: {'line': b'-- Installing: /root/common/indy-ros2/install/indy_description/share/indy_description//launch/indy_display.launch.py\n'}
[0.567457] (indy_description) StdoutLine: {'line': b'-- Installing: /root/common/indy-ros2/install/indy_description/share/indy_description//meshes\n'}
[0.567587] (indy_description) StdoutLine: {'line': b'-- Installing: /root/common/indy-ros2/install/indy_description/share/indy_description//meshes/indy12\n'}
[0.567672] (indy_description) StdoutLine: {'line': b'-- Installing: /root/common/indy-ros2/install/indy_description/share/indy_description//meshes/indy12/collision\n'}
[0.567755] (indy_description) StdoutLine: {'line': b'-- Installing: /root/common/indy-ros2/install/indy_description/share/indy_description//meshes/indy12/collision/Indy12_3.stl\n'}
[0.568141] (indy_description) StdoutLine: {'line': b'-- Installing: /root/common/indy-ros2/install/indy_description/share/indy_description//meshes/indy12/collision/Indy12_1.stl\n'}
[0.568683] (indy_description) StdoutLine: {'line': b'-- Installing: /root/common/indy-ros2/install/indy_description/share/indy_description//meshes/indy12/collision/Indy12_0.stl\n'}
[0.569458] (indy_description) StdoutLine: {'line': b'-- Installing: /root/common/indy-ros2/install/indy_description/share/indy_description//meshes/indy12/collision/Indy12_4.stl\n'}
[0.569983] (indy_description) StdoutLine: {'line': b'-- Installing: /root/common/indy-ros2/install/indy_description/share/indy_description//meshes/indy12/collision/Indy12_6.stl\n'}
[0.570304] (indy_description) StdoutLine: {'line': b'-- Installing: /root/common/indy-ros2/install/indy_description/share/indy_description//meshes/indy12/collision/Indy12_2.stl\n'}
[0.571728] (indy_description) StdoutLine: {'line': b'-- Installing: /root/common/indy-ros2/install/indy_description/share/indy_description//meshes/indy12/collision/Indy12_5.stl\n'}
[0.572314] (indy_description) StdoutLine: {'line': b'-- Installing: /root/common/indy-ros2/install/indy_description/share/indy_description//meshes/indy12/visual\n'}
[0.572414] (indy_description) StdoutLine: {'line': b'-- Installing: /root/common/indy-ros2/install/indy_description/share/indy_description//meshes/indy12/visual/Indy12_3.stl\n'}
[0.572993] (indy_description) StdoutLine: {'line': b'-- Installing: /root/common/indy-ros2/install/indy_description/share/indy_description//meshes/indy12/visual/Indy12_1.stl\n'}
[0.573508] (indy_description) StdoutLine: {'line': b'-- Installing: /root/common/indy-ros2/install/indy_description/share/indy_description//meshes/indy12/visual/Indy12_0.stl\n'}
[0.574199] (indy_description) StdoutLine: {'line': b'-- Installing: /root/common/indy-ros2/install/indy_description/share/indy_description//meshes/indy12/visual/Indy12_4.stl\n'}
[0.574682] (indy_description) StdoutLine: {'line': b'-- Installing: /root/common/indy-ros2/install/indy_description/share/indy_description//meshes/indy12/visual/Indy12_6.stl\n'}
[0.575003] (indy_description) StdoutLine: {'line': b'-- Installing: /root/common/indy-ros2/install/indy_description/share/indy_description//meshes/indy12/visual/Indy12_2.stl\n'}
[0.576425] (indy_description) StdoutLine: {'line': b'-- Installing: /root/common/indy-ros2/install/indy_description/share/indy_description//meshes/indy12/visual/Indy12_5.stl\n'}
[0.577080] (indy_description) StdoutLine: {'line': b'-- Installing: /root/common/indy-ros2/install/indy_description/share/indy_description//meshes/indyrp2\n'}
[0.577212] (indy_description) StdoutLine: {'line': b'-- Installing: /root/common/indy-ros2/install/indy_description/share/indy_description//meshes/indyrp2/collision\n'}
[0.577323] (indy_description) StdoutLine: {'line': b'-- Installing: /root/common/indy-ros2/install/indy_description/share/indy_description//meshes/indyrp2/collision/IndyRP2_6.stl\n'}
[0.577447] (indy_description) StdoutLine: {'line': b'-- Installing: /root/common/indy-ros2/install/indy_description/share/indy_description//meshes/indyrp2/collision/IndyRP2_3.stl\n'}
[0.577578] (indy_description) StdoutLine: {'line': b'-- Installing: /root/common/indy-ros2/install/indy_description/share/indy_description//meshes/indyrp2/collision/IndyRP2_0.stl\n'}
[0.577689] (indy_description) StdoutLine: {'line': b'-- Installing: /root/common/indy-ros2/install/indy_description/share/indy_description//meshes/indyrp2/collision/IndyRP2_2.stl\n'}
[0.577798] (indy_description) StdoutLine: {'line': b'-- Installing: /root/common/indy-ros2/install/indy_description/share/indy_description//meshes/indyrp2/collision/IndyRP2_1.stl\n'}
[0.577908] (indy_description) StdoutLine: {'line': b'-- Installing: /root/common/indy-ros2/install/indy_description/share/indy_description//meshes/indyrp2/collision/IndyRP2_5.stl\n'}
[0.578019] (indy_description) StdoutLine: {'line': b'-- Installing: /root/common/indy-ros2/install/indy_description/share/indy_description//meshes/indyrp2/collision/IndyRP2_7.stl\n'}
[0.578147] (indy_description) StdoutLine: {'line': b'-- Installing: /root/common/indy-ros2/install/indy_description/share/indy_description//meshes/indyrp2/collision/IndyRP2_eye_7.stl\n'}
[0.578231] (indy_description) StdoutLine: {'line': b'-- Installing: /root/common/indy-ros2/install/indy_description/share/indy_description//meshes/indyrp2/collision/IndyRP2_4.stl\n'}
[0.578318] (indy_description) StdoutLine: {'line': b'-- Installing: /root/common/indy-ros2/install/indy_description/share/indy_description//meshes/indyrp2/visual\n'}
[0.578400] (indy_description) StdoutLine: {'line': b'-- Installing: /root/common/indy-ros2/install/indy_description/share/indy_description//meshes/indyrp2/visual/IndyRP2_6.stl\n'}
[0.580141] (indy_description) StdoutLine: {'line': b'-- Installing: /root/common/indy-ros2/install/indy_description/share/indy_description//meshes/indyrp2/visual/IndyRP2_3.stl\n'}
[0.582068] (indy_description) StdoutLine: {'line': b'-- Installing: /root/common/indy-ros2/install/indy_description/share/indy_description//meshes/indyrp2/visual/IndyRP2_0.stl\n'}
[0.583253] (indy_description) StdoutLine: {'line': b'-- Installing: /root/common/indy-ros2/install/indy_description/share/indy_description//meshes/indyrp2/visual/IndyRP2_2.stl\n'}
[0.584532] (indy_description) StdoutLine: {'line': b'-- Installing: /root/common/indy-ros2/install/indy_description/share/indy_description//meshes/indyrp2/visual/IndyRP2_1.stl\n'}
[0.585983] (indy_description) StdoutLine: {'line': b'-- Installing: /root/common/indy-ros2/install/indy_description/share/indy_description//meshes/indyrp2/visual/IndyRP2_5.stl\n'}
[0.588130] (indy_description) StdoutLine: {'line': b'-- Installing: /root/common/indy-ros2/install/indy_description/share/indy_description//meshes/indyrp2/visual/IndyRP2_7.stl\n'}
[0.588861] (indy_description) StdoutLine: {'line': b'-- Installing: /root/common/indy-ros2/install/indy_description/share/indy_description//meshes/indyrp2/visual/IndyRP2_eye_7.stl\n'}
[0.592906] (indy_description) StdoutLine: {'line': b'-- Installing: /root/common/indy-ros2/install/indy_description/share/indy_description//meshes/indyrp2/visual/IndyRP2_4.stl\n'}
[0.594461] (indy_description) StdoutLine: {'line': b'-- Installing: /root/common/indy-ros2/install/indy_description/share/indy_description//meshes/opti5\n'}
[0.594579] (indy_description) StdoutLine: {'line': b'-- Installing: /root/common/indy-ros2/install/indy_description/share/indy_description//meshes/opti5/collision\n'}
[0.594647] (indy_description) StdoutLine: {'line': b'-- Installing: /root/common/indy-ros2/install/indy_description/share/indy_description//meshes/opti5/collision/Opti5_5.stl\n'}
[0.595443] (indy_description) StdoutLine: {'line': b'-- Installing: /root/common/indy-ros2/install/indy_description/share/indy_description//meshes/opti5/collision/Opti5_6.stl\n'}
[0.596135] (indy_description) StdoutLine: {'line': b'-- Installing: /root/common/indy-ros2/install/indy_description/share/indy_description//meshes/opti5/collision/Opti5_2.stl\n'}
[0.597158] (indy_description) StdoutLine: {'line': b'-- Installing: /root/common/indy-ros2/install/indy_description/share/indy_description//meshes/opti5/collision/Opti5_3.stl\n'}
[0.597754] (indy_description) StdoutLine: {'line': b'-- Installing: /root/common/indy-ros2/install/indy_description/share/indy_description//meshes/opti5/collision/Opti5_4.stl\n'}
[0.598512] (indy_description) StdoutLine: {'line': b'-- Installing: /root/common/indy-ros2/install/indy_description/share/indy_description//meshes/opti5/collision/Opti5_0.stl\n'}
[0.599394] (indy_description) StdoutLine: {'line': b'-- Installing: /root/common/indy-ros2/install/indy_description/share/indy_description//meshes/opti5/collision/Opti5_1.stl\n'}
[0.599854] (indy_description) StdoutLine: {'line': b'-- Installing: /root/common/indy-ros2/install/indy_description/share/indy_description//meshes/opti5/visual\n'}
[0.599988] (-) TimerEvent: {}
[0.600106] (indy_description) StdoutLine: {'line': b'-- Installing: /root/common/indy-ros2/install/indy_description/share/indy_description//meshes/opti5/visual/Opti5_5.stl\n'}
[0.601086] (indy_description) StdoutLine: {'line': b'-- Installing: /root/common/indy-ros2/install/indy_description/share/indy_description//meshes/opti5/visual/Opti5_6.stl\n'}
[0.601777] (indy_description) StdoutLine: {'line': b'-- Installing: /root/common/indy-ros2/install/indy_description/share/indy_description//meshes/opti5/visual/Opti5_2.stl\n'}
[0.602716] (indy_description) StdoutLine: {'line': b'-- Installing: /root/common/indy-ros2/install/indy_description/share/indy_description//meshes/opti5/visual/Opti5_3.stl\n'}
[0.603321] (indy_description) StdoutLine: {'line': b'-- Installing: /root/common/indy-ros2/install/indy_description/share/indy_description//meshes/opti5/visual/Opti5_4.stl\n'}
[0.604072] (indy_description) StdoutLine: {'line': b'-- Installing: /root/common/indy-ros2/install/indy_description/share/indy_description//meshes/opti5/visual/Opti5_0.stl\n'}
[0.605039] (indy_description) StdoutLine: {'line': b'-- Installing: /root/common/indy-ros2/install/indy_description/share/indy_description//meshes/opti5/visual/Opti5_1.stl\n'}
[0.605502] (indy_description) StdoutLine: {'line': b'-- Installing: /root/common/indy-ros2/install/indy_description/share/indy_description//meshes/indy7\n'}
[0.605656] (indy_description) StdoutLine: {'line': b'-- Installing: /root/common/indy-ros2/install/indy_description/share/indy_description//meshes/indy7/collision\n'}
[0.605766] (indy_description) StdoutLine: {'line': b'-- Installing: /root/common/indy-ros2/install/indy_description/share/indy_description//meshes/indy7/collision/Indy7_6.stl\n'}
[0.605906] (indy_description) StdoutLine: {'line': b'-- Installing: /root/common/indy-ros2/install/indy_description/share/indy_description//meshes/indy7/collision/Indy7_2.stl\n'}
[0.606056] (indy_description) StdoutLine: {'line': b'-- Installing: /root/common/indy-ros2/install/indy_description/share/indy_description//meshes/indy7/collision/Indy7_1.stl\n'}
[0.606170] (indy_description) StdoutLine: {'line': b'-- Installing: /root/common/indy-ros2/install/indy_description/share/indy_description//meshes/indy7/collision/Indy7_3.stl\n'}
[0.606282] (indy_description) StdoutLine: {'line': b'-- Installing: /root/common/indy-ros2/install/indy_description/share/indy_description//meshes/indy7/collision/Indy7_5.stl\n'}
[0.606403] (indy_description) StdoutLine: {'line': b'-- Installing: /root/common/indy-ros2/install/indy_description/share/indy_description//meshes/indy7/collision/Indy7_0.stl\n'}
[0.606498] (indy_description) StdoutLine: {'line': b'-- Installing: /root/common/indy-ros2/install/indy_description/share/indy_description//meshes/indy7/collision/Indy7_4.stl\n'}
[0.606591] (indy_description) StdoutLine: {'line': b'-- Installing: /root/common/indy-ros2/install/indy_description/share/indy_description//meshes/indy7/collision/Indy7_eye_6.stl\n'}
[0.606683] (indy_description) StdoutLine: {'line': b'-- Installing: /root/common/indy-ros2/install/indy_description/share/indy_description//meshes/indy7/visual\n'}
[0.606780] (indy_description) StdoutLine: {'line': b'-- Installing: /root/common/indy-ros2/install/indy_description/share/indy_description//meshes/indy7/visual/Indy7_6.stl\n'}
[0.607620] (indy_description) StdoutLine: {'line': b'-- Installing: /root/common/indy-ros2/install/indy_description/share/indy_description//meshes/indy7/visual/Indy7_2.stl\n'}
[0.609035] (indy_description) StdoutLine: {'line': b'-- Installing: /root/common/indy-ros2/install/indy_description/share/indy_description//meshes/indy7/visual/Indy7_1.stl\n'}
[0.609849] (indy_description) StdoutLine: {'line': b'-- Installing: /root/common/indy-ros2/install/indy_description/share/indy_description//meshes/indy7/visual/Indy7_3.stl\n'}
[0.610770] (indy_description) StdoutLine: {'line': b'-- Installing: /root/common/indy-ros2/install/indy_description/share/indy_description//meshes/indy7/visual/Indy7_5.stl\n'}
[0.611968] (indy_description) StdoutLine: {'line': b'-- Installing: /root/common/indy-ros2/install/indy_description/share/indy_description//meshes/indy7/visual/Indy7_0.stl\n'}
[0.613984] (indy_description) StdoutLine: {'line': b'-- Installing: /root/common/indy-ros2/install/indy_description/share/indy_description//meshes/indy7/visual/Indy7_4.stl\n'}
[0.614845] (indy_description) StdoutLine: {'line': b'-- Installing: /root/common/indy-ros2/install/indy_description/share/indy_description//meshes/indy7/visual/Indy7_eye_6.stl\n'}
[0.618873] (indy_description) StdoutLine: {'line': b'-- Installing: /root/common/indy-ros2/install/indy_description/share/indy_description//meshes/indy7_v2\n'}
[0.619068] (indy_description) StdoutLine: {'line': b'-- Installing: /root/common/indy-ros2/install/indy_description/share/indy_description//meshes/indy7_v2/collision\n'}
[0.619198] (indy_description) StdoutLine: {'line': b'-- Installing: /root/common/indy-ros2/install/indy_description/share/indy_description//meshes/indy7_v2/collision/Indy7_v2_1.stl\n'}
[0.619300] (indy_description) StdoutLine: {'line': b'-- Installing: /root/common/indy-ros2/install/indy_description/share/indy_description//meshes/indy7_v2/collision/Indy7_v2_3.stl\n'}
[0.619396] (indy_description) StdoutLine: {'line': b'-- Installing: /root/common/indy-ros2/install/indy_description/share/indy_description//meshes/indy7_v2/collision/Indy7_v2_eye_6.stl\n'}
[0.620176] (indy_description) StdoutLine: {'line': b'-- Installing: /root/common/indy-ros2/install/indy_description/share/indy_description//meshes/indy7_v2/collision/Indy7_v2_5.stl\n'}
[0.620319] (indy_description) StdoutLine: {'line': b'-- Installing: /root/common/indy-ros2/install/indy_description/share/indy_description//meshes/indy7_v2/collision/Indy7_v2_6.stl\n'}
[0.620447] (indy_description) StdoutLine: {'line': b'-- Installing: /root/common/indy-ros2/install/indy_description/share/indy_description//meshes/indy7_v2/collision/Indy7_v2_2.stl\n'}
[0.620555] (indy_description) StdoutLine: {'line': b'-- Installing: /root/common/indy-ros2/install/indy_description/share/indy_description//meshes/indy7_v2/collision/Indy7_v2_0.stl\n'}
[0.620687] (indy_description) StdoutLine: {'line': b'-- Installing: /root/common/indy-ros2/install/indy_description/share/indy_description//meshes/indy7_v2/collision/Indy7_v2_4.stl\n'}
[0.620819] (indy_description) StdoutLine: {'line': b'-- Installing: /root/common/indy-ros2/install/indy_description/share/indy_description//meshes/indy7_v2/visual\n'}
[0.620949] (indy_description) StdoutLine: {'line': b'-- Installing: /root/common/indy-ros2/install/indy_description/share/indy_description//meshes/indy7_v2/visual/Indy7_v2_1.stl\n'}
[0.621221] (indy_description) StdoutLine: {'line': b'-- Installing: /root/common/indy-ros2/install/indy_description/share/indy_description//meshes/indy7_v2/visual/Indy7_v2_3.stl\n'}
[0.621755] (indy_description) StdoutLine: {'line': b'-- Installing: /root/common/indy-ros2/install/indy_description/share/indy_description//meshes/indy7_v2/visual/Indy7_v2_eye_6.stl\n'}
[0.622751] (indy_description) StdoutLine: {'line': b'-- Installing: /root/common/indy-ros2/install/indy_description/share/indy_description//meshes/indy7_v2/visual/Indy7_v2_5.stl\n'}
[0.623097] (indy_description) StdoutLine: {'line': b'-- Installing: /root/common/indy-ros2/install/indy_description/share/indy_description//meshes/indy7_v2/visual/Indy7_v2_6.stl\n'}
[0.625375] (indy_description) StdoutLine: {'line': b'-- Installing: /root/common/indy-ros2/install/indy_description/share/indy_description//meshes/indy7_v2/visual/Indy7_v2_2.stl\n'}
[0.626873] (indy_description) StdoutLine: {'line': b'-- Installing: /root/common/indy-ros2/install/indy_description/share/indy_description//meshes/indy7_v2/visual/Indy7_v2_0.stl\n'}
[0.627725] (indy_description) StdoutLine: {'line': b'-- Installing: /root/common/indy-ros2/install/indy_description/share/indy_description//meshes/indy7_v2/visual/Indy7_v2_4.stl\n'}
[0.628486] (indy_description) StdoutLine: {'line': b'-- Installing: /root/common/indy-ros2/install/indy_description/share/indy_description//meshes/nuri4s\n'}
[0.628642] (indy_description) StdoutLine: {'line': b'-- Installing: /root/common/indy-ros2/install/indy_description/share/indy_description//meshes/nuri4s/collision\n'}
[0.628797] (indy_description) StdoutLine: {'line': b'-- Installing: /root/common/indy-ros2/install/indy_description/share/indy_description//meshes/nuri4s/collision/Nuri4s_0.stl\n'}
[0.629257] (indy_description) StdoutLine: {'line': b'-- Installing: /root/common/indy-ros2/install/indy_description/share/indy_description//meshes/nuri4s/collision/Nuri4s_5.stl\n'}
[0.629921] (indy_description) StdoutLine: {'line': b'-- Installing: /root/common/indy-ros2/install/indy_description/share/indy_description//meshes/nuri4s/collision/Nuri4s_3.stl\n'}
[0.630467] (indy_description) StdoutLine: {'line': b'-- Installing: /root/common/indy-ros2/install/indy_description/share/indy_description//meshes/nuri4s/collision/Nuri4s_6.stl\n'}
[0.630935] (indy_description) StdoutLine: {'line': b'-- Installing: /root/common/indy-ros2/install/indy_description/share/indy_description//meshes/nuri4s/collision/Nuri4s_4.stl\n'}
[0.631551] (indy_description) StdoutLine: {'line': b'-- Installing: /root/common/indy-ros2/install/indy_description/share/indy_description//meshes/nuri4s/collision/Nuri4s_2.stl\n'}
[0.632451] (indy_description) StdoutLine: {'line': b'-- Installing: /root/common/indy-ros2/install/indy_description/share/indy_description//meshes/nuri4s/collision/Nuri4s_1.stl\n'}
[0.633250] (indy_description) StdoutLine: {'line': b'-- Installing: /root/common/indy-ros2/install/indy_description/share/indy_description//meshes/nuri4s/visual\n'}
[0.633434] (indy_description) StdoutLine: {'line': b'-- Installing: /root/common/indy-ros2/install/indy_description/share/indy_description//meshes/nuri4s/visual/Nuri4s_0.stl\n'}
[0.633921] (indy_description) StdoutLine: {'line': b'-- Installing: /root/common/indy-ros2/install/indy_description/share/indy_description//meshes/nuri4s/visual/Nuri4s_5.stl\n'}
[0.634611] (indy_description) StdoutLine: {'line': b'-- Installing: /root/common/indy-ros2/install/indy_description/share/indy_description//meshes/nuri4s/visual/Nuri4s_3.stl\n'}
[0.635154] (indy_description) StdoutLine: {'line': b'-- Installing: /root/common/indy-ros2/install/indy_description/share/indy_description//meshes/nuri4s/visual/Nuri4s_6.stl\n'}
[0.635572] (indy_description) StdoutLine: {'line': b'-- Installing: /root/common/indy-ros2/install/indy_description/share/indy_description//meshes/nuri4s/visual/Nuri4s_4.stl\n'}
[0.636060] (indy_description) StdoutLine: {'line': b'-- Installing: /root/common/indy-ros2/install/indy_description/share/indy_description//meshes/nuri4s/visual/Nuri4s_2.stl\n'}
[0.636984] (indy_description) StdoutLine: {'line': b'-- Installing: /root/common/indy-ros2/install/indy_description/share/indy_description//meshes/nuri4s/visual/Nuri4s_1.stl\n'}
[0.637770] (indy_description) StdoutLine: {'line': b'-- Installing: /root/common/indy-ros2/install/indy_description/share/indy_description//meshes/nuri20c\n'}
[0.637986] (indy_description) StdoutLine: {'line': b'-- Installing: /root/common/indy-ros2/install/indy_description/share/indy_description//meshes/nuri20c/collision\n'}
[0.638064] (indy_description) StdoutLine: {'line': b'-- Installing: /root/common/indy-ros2/install/indy_description/share/indy_description//meshes/nuri20c/collision/Nuri20c_3.stl\n'}
[0.638571] (indy_description) StdoutLine: {'line': b'-- Installing: /root/common/indy-ros2/install/indy_description/share/indy_description//meshes/nuri20c/collision/Nuri20c_0.stl\n'}
[0.639861] (indy_description) StdoutLine: {'line': b'-- Installing: /root/common/indy-ros2/install/indy_description/share/indy_description//meshes/nuri20c/collision/Nuri20c_2.stl\n'}
[0.640499] (indy_description) StdoutLine: {'line': b'-- Installing: /root/common/indy-ros2/install/indy_description/share/indy_description//meshes/nuri20c/collision/Nuri20c_1.stl\n'}
[0.640972] (indy_description) StdoutLine: {'line': b'-- Installing: /root/common/indy-ros2/install/indy_description/share/indy_description//meshes/nuri20c/collision/Nuri20c_4.stl\n'}
[0.641492] (indy_description) StdoutLine: {'line': b'-- Installing: /root/common/indy-ros2/install/indy_description/share/indy_description//meshes/nuri20c/collision/Nuri20c_6.stl\n'}
[0.641861] (indy_description) StdoutLine: {'line': b'-- Installing: /root/common/indy-ros2/install/indy_description/share/indy_description//meshes/nuri20c/collision/Nuri20c_5.stl\n'}
[0.642830] (indy_description) StdoutLine: {'line': b'-- Installing: /root/common/indy-ros2/install/indy_description/share/indy_description//meshes/nuri20c/visual\n'}
[0.642931] (indy_description) StdoutLine: {'line': b'-- Installing: /root/common/indy-ros2/install/indy_description/share/indy_description//meshes/nuri20c/visual/Nuri20c_3.stl\n'}
[0.643506] (indy_description) StdoutLine: {'line': b'-- Installing: /root/common/indy-ros2/install/indy_description/share/indy_description//meshes/nuri20c/visual/Nuri20c_0.stl\n'}
[0.644778] (indy_description) StdoutLine: {'line': b'-- Installing: /root/common/indy-ros2/install/indy_description/share/indy_description//meshes/nuri20c/visual/Nuri20c_2.stl\n'}
[0.645446] (indy_description) StdoutLine: {'line': b'-- Installing: /root/common/indy-ros2/install/indy_description/share/indy_description//meshes/nuri20c/visual/Nuri20c_1.stl\n'}
[0.645866] (indy_description) StdoutLine: {'line': b'-- Installing: /root/common/indy-ros2/install/indy_description/share/indy_description//meshes/nuri20c/visual/Nuri20c_4.stl\n'}
[0.646390] (indy_description) StdoutLine: {'line': b'-- Installing: /root/common/indy-ros2/install/indy_description/share/indy_description//meshes/nuri20c/visual/Nuri20c_6.stl\n'}
[0.646755] (indy_description) StdoutLine: {'line': b'-- Installing: /root/common/indy-ros2/install/indy_description/share/indy_description//meshes/nuri20c/visual/Nuri20c_5.stl\n'}
[0.647743] (indy_description) StdoutLine: {'line': b'-- Installing: /root/common/indy-ros2/install/indy_description/share/indy_description//meshes/indyrp2_v2\n'}
[0.647936] (indy_description) StdoutLine: {'line': b'-- Installing: /root/common/indy-ros2/install/indy_description/share/indy_description//meshes/indyrp2_v2/collision\n'}
[0.648190] (indy_description) StdoutLine: {'line': b'-- Installing: /root/common/indy-ros2/install/indy_description/share/indy_description//meshes/indyrp2_v2/collision/IndyRP2_v2_2.stl\n'}
[0.648482] (indy_description) StdoutLine: {'line': b'-- Installing: /root/common/indy-ros2/install/indy_description/share/indy_description//meshes/indyrp2_v2/collision/IndyRP2_v2_5.stl\n'}
[0.648567] (indy_description) StdoutLine: {'line': b'-- Installing: /root/common/indy-ros2/install/indy_description/share/indy_description//meshes/indyrp2_v2/collision/IndyRP2_v2_7.stl\n'}
[0.648710] (indy_description) StdoutLine: {'line': b'-- Installing: /root/common/indy-ros2/install/indy_description/share/indy_description//meshes/indyrp2_v2/collision/IndyRP2_v2_0.stl\n'}
[0.648771] (indy_description) StdoutLine: {'line': b'-- Installing: /root/common/indy-ros2/install/indy_description/share/indy_description//meshes/indyrp2_v2/collision/IndyRP2_v2_3.stl\n'}
[0.648841] (indy_description) StdoutLine: {'line': b'-- Installing: /root/common/indy-ros2/install/indy_description/share/indy_description//meshes/indyrp2_v2/collision/IndyRP2_v2_4.stl\n'}
[0.648894] (indy_description) StdoutLine: {'line': b'-- Installing: /root/common/indy-ros2/install/indy_description/share/indy_description//meshes/indyrp2_v2/collision/IndyRP2_v2_6.stl\n'}
[0.648943] (indy_description) StdoutLine: {'line': b'-- Installing: /root/common/indy-ros2/install/indy_description/share/indy_description//meshes/indyrp2_v2/collision/IndyRP2_v2_eye_7.stl\n'}
[0.649775] (indy_description) StdoutLine: {'line': b'-- Installing: /root/common/indy-ros2/install/indy_description/share/indy_description//meshes/indyrp2_v2/collision/IndyRP2_v2_1.stl\n'}
[0.649864] (indy_description) StdoutLine: {'line': b'-- Installing: /root/common/indy-ros2/install/indy_description/share/indy_description//meshes/indyrp2_v2/visual\n'}
[0.649933] (indy_description) StdoutLine: {'line': b'-- Installing: /root/common/indy-ros2/install/indy_description/share/indy_description//meshes/indyrp2_v2/visual/IndyRP2_v2_2.stl\n'}
[0.650620] (indy_description) StdoutLine: {'line': b'-- Installing: /root/common/indy-ros2/install/indy_description/share/indy_description//meshes/indyrp2_v2/visual/IndyRP2_v2_5.stl\n'}
[0.651324] (indy_description) StdoutLine: {'line': b'-- Installing: /root/common/indy-ros2/install/indy_description/share/indy_description//meshes/indyrp2_v2/visual/IndyRP2_v2_7.stl\n'}
[0.653633] (indy_description) StdoutLine: {'line': b'-- Installing: /root/common/indy-ros2/install/indy_description/share/indy_description//meshes/indyrp2_v2/visual/IndyRP2_v2_0.stl\n'}
[0.654454] (indy_description) StdoutLine: {'line': b'-- Installing: /root/common/indy-ros2/install/indy_description/share/indy_description//meshes/indyrp2_v2/visual/IndyRP2_v2_3.stl\n'}
[0.655168] (indy_description) StdoutLine: {'line': b'-- Installing: /root/common/indy-ros2/install/indy_description/share/indy_description//meshes/indyrp2_v2/visual/IndyRP2_v2_4.stl\n'}
[0.655617] (indy_description) StdoutLine: {'line': b'-- Installing: /root/common/indy-ros2/install/indy_description/share/indy_description//meshes/indyrp2_v2/visual/IndyRP2_v2_6.stl\n'}
[0.655955] (indy_description) StdoutLine: {'line': b'-- Installing: /root/common/indy-ros2/install/indy_description/share/indy_description//meshes/indyrp2_v2/visual/IndyRP2_v2_eye_7.stl\n'}
[0.657018] (indy_description) StdoutLine: {'line': b'-- Installing: /root/common/indy-ros2/install/indy_description/share/indy_description//meshes/indyrp2_v2/visual/IndyRP2_v2_1.stl\n'}
[0.657608] (indy_description) StdoutLine: {'line': b'-- Installing: /root/common/indy-ros2/install/indy_description/share/indy_description//meshes/icon3\n'}
[0.657748] (indy_description) StdoutLine: {'line': b'-- Installing: /root/common/indy-ros2/install/indy_description/share/indy_description//meshes/icon3/collision\n'}
[0.657807] (indy_description) StdoutLine: {'line': b'-- Installing: /root/common/indy-ros2/install/indy_description/share/indy_description//meshes/icon3/collision/ICoN3_2.stl\n'}
[0.658172] (indy_description) StdoutLine: {'line': b'-- Installing: /root/common/indy-ros2/install/indy_description/share/indy_description//meshes/icon3/collision/ICoN3_0.stl\n'}
[0.658566] (indy_description) StdoutLine: {'line': b'-- Installing: /root/common/indy-ros2/install/indy_description/share/indy_description//meshes/icon3/collision/ICoN3_6.stl\n'}
[0.658723] (indy_description) StdoutLine: {'line': b'-- Installing: /root/common/indy-ros2/install/indy_description/share/indy_description//meshes/icon3/collision/ICoN3_1.stl\n'}
[0.659030] (indy_description) StdoutLine: {'line': b'-- Installing: /root/common/indy-ros2/install/indy_description/share/indy_description//meshes/icon3/collision/ICoN3_3.stl\n'}
[0.659273] (indy_description) StdoutLine: {'line': b'-- Installing: /root/common/indy-ros2/install/indy_description/share/indy_description//meshes/icon3/collision/ICoN3_5.stl\n'}
[0.659589] (indy_description) StdoutLine: {'line': b'-- Installing: /root/common/indy-ros2/install/indy_description/share/indy_description//meshes/icon3/collision/ICoN3_4.stl\n'}
[0.660232] (indy_description) StdoutLine: {'line': b'-- Installing: /root/common/indy-ros2/install/indy_description/share/indy_description//meshes/icon3/visual\n'}
[0.660414] (indy_description) StdoutLine: {'line': b'-- Installing: /root/common/indy-ros2/install/indy_description/share/indy_description//meshes/icon3/visual/ICoN3_2.stl\n'}
[0.661874] (indy_description) StdoutLine: {'line': b'-- Installing: /root/common/indy-ros2/install/indy_description/share/indy_description//meshes/icon3/visual/ICoN3_0.stl\n'}
[0.663147] (indy_description) StdoutLine: {'line': b'-- Installing: /root/common/indy-ros2/install/indy_description/share/indy_description//meshes/icon3/visual/ICoN3_6.stl\n'}
[0.663306] (indy_description) StdoutLine: {'line': b'-- Installing: /root/common/indy-ros2/install/indy_description/share/indy_description//meshes/icon3/visual/ICoN3_1.stl\n'}
[0.665201] (indy_description) StdoutLine: {'line': b'-- Installing: /root/common/indy-ros2/install/indy_description/share/indy_description//meshes/icon3/visual/ICoN3_3.stl\n'}
[0.666575] (indy_description) StdoutLine: {'line': b'-- Installing: /root/common/indy-ros2/install/indy_description/share/indy_description//meshes/icon3/visual/ICoN3_5.stl\n'}
[0.667117] (indy_description) StdoutLine: {'line': b'-- Installing: /root/common/indy-ros2/install/indy_description/share/indy_description//meshes/icon3/visual/ICoN3_4.stl\n'}
[0.669411] (indy_description) StdoutLine: {'line': b'-- Installing: /root/common/indy-ros2/install/indy_description/share/indy_description//meshes/nuri3s\n'}
[0.669520] (indy_description) StdoutLine: {'line': b'-- Installing: /root/common/indy-ros2/install/indy_description/share/indy_description//meshes/nuri3s/collision\n'}
[0.669576] (indy_description) StdoutLine: {'line': b'-- Installing: /root/common/indy-ros2/install/indy_description/share/indy_description//meshes/nuri3s/collision/Nuri3s_0.stl\n'}
[0.670062] (indy_description) StdoutLine: {'line': b'-- Installing: /root/common/indy-ros2/install/indy_description/share/indy_description//meshes/nuri3s/collision/Nuri3s_1.stl\n'}
[0.670668] (indy_description) StdoutLine: {'line': b'-- Installing: /root/common/indy-ros2/install/indy_description/share/indy_description//meshes/nuri3s/collision/Nuri3s_6.stl\n'}
[0.671082] (indy_description) StdoutLine: {'line': b'-- Installing: /root/common/indy-ros2/install/indy_description/share/indy_description//meshes/nuri3s/collision/Nuri3s_5.stl\n'}
[0.671778] (indy_description) StdoutLine: {'line': b'-- Installing: /root/common/indy-ros2/install/indy_description/share/indy_description//meshes/nuri3s/collision/Nuri3s_3.stl\n'}
[0.672408] (indy_description) StdoutLine: {'line': b'-- Installing: /root/common/indy-ros2/install/indy_description/share/indy_description//meshes/nuri3s/collision/Nuri3s_4.stl\n'}
[0.672973] (indy_description) StdoutLine: {'line': b'-- Installing: /root/common/indy-ros2/install/indy_description/share/indy_description//meshes/nuri3s/collision/Nuri3s_2.stl\n'}
[0.673843] (indy_description) StdoutLine: {'line': b'-- Installing: /root/common/indy-ros2/install/indy_description/share/indy_description//meshes/nuri3s/visual\n'}
[0.673938] (indy_description) StdoutLine: {'line': b'-- Installing: /root/common/indy-ros2/install/indy_description/share/indy_description//meshes/nuri3s/visual/Nuri3s_0.stl\n'}
[0.674466] (indy_description) StdoutLine: {'line': b'-- Installing: /root/common/indy-ros2/install/indy_description/share/indy_description//meshes/nuri3s/visual/Nuri3s_1.stl\n'}
[0.675065] (indy_description) StdoutLine: {'line': b'-- Installing: /root/common/indy-ros2/install/indy_description/share/indy_description//meshes/nuri3s/visual/Nuri3s_6.stl\n'}
[0.675498] (indy_description) StdoutLine: {'line': b'-- Installing: /root/common/indy-ros2/install/indy_description/share/indy_description//meshes/nuri3s/visual/Nuri3s_5.stl\n'}
[0.676196] (indy_description) StdoutLine: {'line': b'-- Installing: /root/common/indy-ros2/install/indy_description/share/indy_description//meshes/nuri3s/visual/Nuri3s_3.stl\n'}
[0.676916] (indy_description) StdoutLine: {'line': b'-- Installing: /root/common/indy-ros2/install/indy_description/share/indy_description//meshes/nuri3s/visual/Nuri3s_4.stl\n'}
[0.677450] (indy_description) StdoutLine: {'line': b'-- Installing: /root/common/indy-ros2/install/indy_description/share/indy_description//meshes/nuri3s/visual/Nuri3s_2.stl\n'}
[0.678365] (indy_description) StdoutLine: {'line': b'-- Installing: /root/common/indy-ros2/install/indy_description/share/indy_description//meshes/nuri7c\n'}
[0.678507] (indy_description) StdoutLine: {'line': b'-- Installing: /root/common/indy-ros2/install/indy_description/share/indy_description//meshes/nuri7c/collision\n'}
[0.678585] (indy_description) StdoutLine: {'line': b'-- Installing: /root/common/indy-ros2/install/indy_description/share/indy_description//meshes/nuri7c/collision/Nuri7c_5.stl\n'}
[0.678897] (indy_description) StdoutLine: {'line': b'-- Installing: /root/common/indy-ros2/install/indy_description/share/indy_description//meshes/nuri7c/collision/Nuri7c_2.stl\n'}
[0.679547] (indy_description) StdoutLine: {'line': b'-- Installing: /root/common/indy-ros2/install/indy_description/share/indy_description//meshes/nuri7c/collision/Nuri7c_4.stl\n'}
[0.680139] (indy_description) StdoutLine: {'line': b'-- Installing: /root/common/indy-ros2/install/indy_description/share/indy_description//meshes/nuri7c/collision/Nuri7c_0.stl\n'}
[0.681268] (indy_description) StdoutLine: {'line': b'-- Installing: /root/common/indy-ros2/install/indy_description/share/indy_description//meshes/nuri7c/collision/Nuri7c_3.stl\n'}
[0.681797] (indy_description) StdoutLine: {'line': b'-- Installing: /root/common/indy-ros2/install/indy_description/share/indy_description//meshes/nuri7c/collision/Nuri7c_6.stl\n'}
[0.682395] (indy_description) StdoutLine: {'line': b'-- Installing: /root/common/indy-ros2/install/indy_description/share/indy_description//meshes/nuri7c/collision/Nuri7c_1.stl\n'}
[0.682717] (indy_description) StdoutLine: {'line': b'-- Installing: /root/common/indy-ros2/install/indy_description/share/indy_description//meshes/nuri7c/visual\n'}
[0.682795] (indy_description) StdoutLine: {'line': b'-- Installing: /root/common/indy-ros2/install/indy_description/share/indy_description//meshes/nuri7c/visual/Nuri7c_5.stl\n'}
[0.683142] (indy_description) StdoutLine: {'line': b'-- Installing: /root/common/indy-ros2/install/indy_description/share/indy_description//meshes/nuri7c/visual/Nuri7c_2.stl\n'}
[0.683776] (indy_description) StdoutLine: {'line': b'-- Installing: /root/common/indy-ros2/install/indy_description/share/indy_description//meshes/nuri7c/visual/Nuri7c_4.stl\n'}
[0.684372] (indy_description) StdoutLine: {'line': b'-- Installing: /root/common/indy-ros2/install/indy_description/share/indy_description//meshes/nuri7c/visual/Nuri7c_0.stl\n'}
[0.685452] (indy_description) StdoutLine: {'line': b'-- Installing: /root/common/indy-ros2/install/indy_description/share/indy_description//meshes/nuri7c/visual/Nuri7c_3.stl\n'}
[0.685967] (indy_description) StdoutLine: {'line': b'-- Installing: /root/common/indy-ros2/install/indy_description/share/indy_description//meshes/nuri7c/visual/Nuri7c_6.stl\n'}
[0.686572] (indy_description) StdoutLine: {'line': b'-- Installing: /root/common/indy-ros2/install/indy_description/share/indy_description//meshes/nuri7c/visual/Nuri7c_1.stl\n'}
[0.686922] (indy_description) StdoutLine: {'line': b'-- Installing: /root/common/indy-ros2/install/indy_description/share/indy_description//meshes/indy12_v2\n'}
[0.687047] (indy_description) StdoutLine: {'line': b'-- Installing: /root/common/indy-ros2/install/indy_description/share/indy_description//meshes/indy12_v2/collision\n'}
[0.687104] (indy_description) StdoutLine: {'line': b'-- Installing: /root/common/indy-ros2/install/indy_description/share/indy_description//meshes/indy12_v2/collision/Indy12_v2_3.stl\n'}
[0.687375] (indy_description) StdoutLine: {'line': b'-- Installing: /root/common/indy-ros2/install/indy_description/share/indy_description//meshes/indy12_v2/collision/Indy12_v2_6.stl\n'}
[0.687966] (indy_description) StdoutLine: {'line': b'-- Installing: /root/common/indy-ros2/install/indy_description/share/indy_description//meshes/indy12_v2/collision/Indy12_v2_5.stl\n'}
[0.688064] (indy_description) StdoutLine: {'line': b'-- Installing: /root/common/indy-ros2/install/indy_description/share/indy_description//meshes/indy12_v2/collision/Indy12_v2_4.stl\n'}
[0.688322] (indy_description) StdoutLine: {'line': b'-- Installing: /root/common/indy-ros2/install/indy_description/share/indy_description//meshes/indy12_v2/collision/Indy12_v2_1.stl\n'}
[0.688471] (indy_description) StdoutLine: {'line': b'-- Installing: /root/common/indy-ros2/install/indy_description/share/indy_description//meshes/indy12_v2/collision/Indy12_v2_0.stl\n'}
[0.689272] (indy_description) StdoutLine: {'line': b'-- Installing: /root/common/indy-ros2/install/indy_description/share/indy_description//meshes/indy12_v2/collision/Indy12_v2_2.stl\n'}
[0.690040] (indy_description) StdoutLine: {'line': b'-- Installing: /root/common/indy-ros2/install/indy_description/share/indy_description//meshes/indy12_v2/visual\n'}
[0.690118] (indy_description) StdoutLine: {'line': b'-- Installing: /root/common/indy-ros2/install/indy_description/share/indy_description//meshes/indy12_v2/visual/Indy12_v2_3.stl\n'}
[0.691192] (indy_description) StdoutLine: {'line': b'-- Installing: /root/common/indy-ros2/install/indy_description/share/indy_description//meshes/indy12_v2/visual/Indy12_v2_6.stl\n'}
[0.693221] (indy_description) StdoutLine: {'line': b'-- Installing: /root/common/indy-ros2/install/indy_description/share/indy_description//meshes/indy12_v2/visual/Indy12_v2_5.stl\n'}
[0.693970] (indy_description) StdoutLine: {'line': b'-- Installing: /root/common/indy-ros2/install/indy_description/share/indy_description//meshes/indy12_v2/visual/Indy12_v2_4.stl\n'}
[0.695388] (indy_description) StdoutLine: {'line': b'-- Installing: /root/common/indy-ros2/install/indy_description/share/indy_description//meshes/indy12_v2/visual/Indy12_v2_1.stl\n'}
[0.696228] (indy_description) StdoutLine: {'line': b'-- Installing: /root/common/indy-ros2/install/indy_description/share/indy_description//meshes/indy12_v2/visual/Indy12_v2_0.stl\n'}
[0.697565] (indy_description) StdoutLine: {'line': b'-- Installing: /root/common/indy-ros2/install/indy_description/share/indy_description//meshes/indy12_v2/visual/Indy12_v2_2.stl\n'}
[0.700093] (-) TimerEvent: {}
[0.700380] (indy_description) StdoutLine: {'line': b'-- Installing: /root/common/indy-ros2/install/indy_description/share/indy_description//meshes/dual_icon3\n'}
[0.700471] (indy_description) StdoutLine: {'line': b'-- Installing: /root/common/indy-ros2/install/indy_description/share/indy_description//meshes/dual_icon3/collision\n'}
[0.700621] (indy_description) StdoutLine: {'line': b'-- Installing: /root/common/indy-ros2/install/indy_description/share/indy_description//meshes/dual_icon3/collision/Body_base.stl\n'}
[0.700970] (indy_description) StdoutLine: {'line': b'-- Installing: /root/common/indy-ros2/install/indy_description/share/indy_description//meshes/dual_icon3/collision/Body_cover.stl\n'}
[0.702632] (indy_description) StdoutLine: {'line': b'-- Installing: /root/common/indy-ros2/install/indy_description/share/indy_description//meshes/dual_icon3/collision/Body_frame.stl\n'}
[0.703503] (indy_description) StdoutLine: {'line': b'-- Installing: /root/common/indy-ros2/install/indy_description/share/indy_description//meshes/dual_icon3/visual\n'}
[0.703659] (indy_description) StdoutLine: {'line': b'-- Installing: /root/common/indy-ros2/install/indy_description/share/indy_description//meshes/dual_icon3/visual/Body_base.stl\n'}
[0.703916] (indy_description) StdoutLine: {'line': b'-- Installing: /root/common/indy-ros2/install/indy_description/share/indy_description//meshes/dual_icon3/visual/Body_cover.stl\n'}
[0.705643] (indy_description) StdoutLine: {'line': b'-- Installing: /root/common/indy-ros2/install/indy_description/share/indy_description//meshes/dual_icon3/visual/Body_frame.stl\n'}
[0.706696] (indy_description) StdoutLine: {'line': b'-- Installing: /root/common/indy-ros2/install/indy_description/share/indy_description//meshes/icon7l\n'}
[0.706942] (indy_description) StdoutLine: {'line': b'-- Installing: /root/common/indy-ros2/install/indy_description/share/indy_description//meshes/icon7l/collision\n'}
[0.707029] (indy_description) StdoutLine: {'line': b'-- Installing: /root/common/indy-ros2/install/indy_description/share/indy_description//meshes/icon7l/collision/ICoN7L_3.stl\n'}
[0.707621] (indy_description) StdoutLine: {'line': b'-- Installing: /root/common/indy-ros2/install/indy_description/share/indy_description//meshes/icon7l/collision/ICoN7L_1.stl\n'}
[0.708312] (indy_description) StdoutLine: {'line': b'-- Installing: /root/common/indy-ros2/install/indy_description/share/indy_description//meshes/icon7l/collision/ICoN7L_2.stl\n'}
[0.709209] (indy_description) StdoutLine: {'line': b'-- Installing: /root/common/indy-ros2/install/indy_description/share/indy_description//meshes/icon7l/collision/ICoN7L_0.stl\n'}
[0.710519] (indy_description) StdoutLine: {'line': b'-- Installing: /root/common/indy-ros2/install/indy_description/share/indy_description//meshes/icon7l/collision/ICoN7L_4.stl\n'}
[0.711344] (indy_description) StdoutLine: {'line': b'-- Installing: /root/common/indy-ros2/install/indy_description/share/indy_description//meshes/icon7l/collision/ICoN7L_5.stl\n'}
[0.711637] (indy_description) StdoutLine: {'line': b'-- Installing: /root/common/indy-ros2/install/indy_description/share/indy_description//meshes/icon7l/collision/ICoN7L_6.stl\n'}
[0.711903] (indy_description) StdoutLine: {'line': b'-- Installing: /root/common/indy-ros2/install/indy_description/share/indy_description//meshes/icon7l/visual\n'}
[0.712115] (indy_description) StdoutLine: {'line': b'-- Installing: /root/common/indy-ros2/install/indy_description/share/indy_description//meshes/icon7l/visual/ICoN7L_3.stl\n'}
[0.714830] (indy_description) StdoutLine: {'line': b'-- Installing: /root/common/indy-ros2/install/indy_description/share/indy_description//meshes/icon7l/visual/ICoN7L_1.stl\n'}
[0.717691] (indy_description) StdoutLine: {'line': b'-- Installing: /root/common/indy-ros2/install/indy_description/share/indy_description//meshes/icon7l/visual/ICoN7L_2.stl\n'}
[0.721195] (indy_description) StdoutLine: {'line': b'-- Installing: /root/common/indy-ros2/install/indy_description/share/indy_description//meshes/icon7l/visual/ICoN7L_0.stl\n'}
[0.723837] (indy_description) StdoutLine: {'line': b'-- Installing: /root/common/indy-ros2/install/indy_description/share/indy_description//meshes/icon7l/visual/ICoN7L_4.stl\n'}
[0.727215] (indy_description) StdoutLine: {'line': b'-- Installing: /root/common/indy-ros2/install/indy_description/share/indy_description//meshes/icon7l/visual/ICoN7L_5.stl\n'}
[0.727791] (indy_description) StdoutLine: {'line': b'-- Installing: /root/common/indy-ros2/install/indy_description/share/indy_description//meshes/icon7l/visual/ICoN7L_6.stl\n'}
[0.728281] (indy_description) StdoutLine: {'line': b'-- Installing: /root/common/indy-ros2/install/indy_description/share/indy_description//rviz_config\n'}
[0.728381] (indy_description) StdoutLine: {'line': b'-- Installing: /root/common/indy-ros2/install/indy_description/share/indy_description//rviz_config/indy.rviz\n'}
[0.728669] (indy_description) StdoutLine: {'line': b'-- Installing: /root/common/indy-ros2/install/indy_description/share/indy_description//urdf\n'}
[0.728754] (indy_description) StdoutLine: {'line': b'-- Installing: /root/common/indy-ros2/install/indy_description/share/indy_description//urdf/generate_all_urdfs.sh\n'}
[0.728904] (indy_description) StdoutLine: {'line': b'-- Installing: /root/common/indy-ros2/install/indy_description/share/indy_description//urdf/indy.urdf.xacro\n'}
[0.728972] (indy_description) StdoutLine: {'line': b'-- Installing: /root/common/indy-ros2/install/indy_description/share/indy_description//urdf/indy_macro.xacro\n'}
[0.729040] (indy_description) StdoutLine: {'line': b'-- Installing: /root/common/indy-ros2/install/indy_description/share/indy_description//urdf/indy.ros2_control.xacro\n'}
[0.729106] (indy_description) StdoutLine: {'line': b'-- Installing: /root/common/indy-ros2/install/indy_description/share/indy_description//urdf/materials.xacro\n'}
[0.729171] (indy_description) StdoutLine: {'line': b'-- Installing: /root/common/indy-ros2/install/indy_description/share/indy_description//urdf/indy_common.xacro\n'}
[0.729219] (indy_description) StdoutLine: {'line': b'-- Installing: /root/common/indy-ros2/install/indy_description/share/indy_description//urdf/indy_transmissions.xacro\n'}
[0.729286] (indy_description) StdoutLine: {'line': b'-- Installing: /root/common/indy-ros2/install/indy_description/share/indy_description//urdf/config\n'}
[0.729371] (indy_description) StdoutLine: {'line': b'-- Installing: /root/common/indy-ros2/install/indy_description/share/indy_description//urdf/config/indy12\n'}
[0.729422] (indy_description) StdoutLine: {'line': b'-- Installing: /root/common/indy-ros2/install/indy_description/share/indy_description//urdf/config/indy12/visual_parameters.yaml\n'}
[0.729493] (indy_description) StdoutLine: {'line': b'-- Installing: /root/common/indy-ros2/install/indy_description/share/indy_description//urdf/config/indy12/physical_parameters.yaml\n'}
[0.729572] (indy_description) StdoutLine: {'line': b'-- Installing: /root/common/indy-ros2/install/indy_description/share/indy_description//urdf/config/indy12/joint_axes.yaml\n'}
[0.729622] (indy_description) StdoutLine: {'line': b'-- Installing: /root/common/indy-ros2/install/indy_description/share/indy_description//urdf/config/indy12/kinematics.yaml\n'}
[0.729687] (indy_description) StdoutLine: {'line': b'-- Installing: /root/common/indy-ros2/install/indy_description/share/indy_description//urdf/config/indy12/joint_limits.yaml\n'}
[0.729760] (indy_description) StdoutLine: {'line': b'-- Installing: /root/common/indy-ros2/install/indy_description/share/indy_description//urdf/config/indyrp2\n'}
[0.729826] (indy_description) StdoutLine: {'line': b'-- Installing: /root/common/indy-ros2/install/indy_description/share/indy_description//urdf/config/indyrp2/visual_parameters.yaml\n'}
[0.729878] (indy_description) StdoutLine: {'line': b'-- Installing: /root/common/indy-ros2/install/indy_description/share/indy_description//urdf/config/indyrp2/physical_parameters.yaml\n'}
[0.729971] (indy_description) StdoutLine: {'line': b'-- Installing: /root/common/indy-ros2/install/indy_description/share/indy_description//urdf/config/indyrp2/joint_axes.yaml\n'}
[0.730038] (indy_description) StdoutLine: {'line': b'-- Installing: /root/common/indy-ros2/install/indy_description/share/indy_description//urdf/config/indyrp2/kinematics.yaml\n'}
[0.730105] (indy_description) StdoutLine: {'line': b'-- Installing: /root/common/indy-ros2/install/indy_description/share/indy_description//urdf/config/indyrp2/joint_limits.yaml\n'}
[0.730153] (indy_description) StdoutLine: {'line': b'-- Installing: /root/common/indy-ros2/install/indy_description/share/indy_description//urdf/config/opti5\n'}
[0.730219] (indy_description) StdoutLine: {'line': b'-- Installing: /root/common/indy-ros2/install/indy_description/share/indy_description//urdf/config/opti5/visual_parameters.yaml\n'}
[0.730283] (indy_description) StdoutLine: {'line': b'-- Installing: /root/common/indy-ros2/install/indy_description/share/indy_description//urdf/config/opti5/physical_parameters.yaml\n'}
[0.730350] (indy_description) StdoutLine: {'line': b'-- Installing: /root/common/indy-ros2/install/indy_description/share/indy_description//urdf/config/opti5/joint_axes.yaml\n'}
[0.730419] (indy_description) StdoutLine: {'line': b'-- Installing: /root/common/indy-ros2/install/indy_description/share/indy_description//urdf/config/opti5/kinematics.yaml\n'}
[0.730487] (indy_description) StdoutLine: {'line': b'-- Installing: /root/common/indy-ros2/install/indy_description/share/indy_description//urdf/config/opti5/joint_limits.yaml\n'}
[0.730551] (indy_description) StdoutLine: {'line': b'-- Installing: /root/common/indy-ros2/install/indy_description/share/indy_description//urdf/config/indy7\n'}
[0.730616] (indy_description) StdoutLine: {'line': b'-- Installing: /root/common/indy-ros2/install/indy_description/share/indy_description//urdf/config/indy7/visual_parameters.yaml\n'}
[0.730666] (indy_description) StdoutLine: {'line': b'-- Installing: /root/common/indy-ros2/install/indy_description/share/indy_description//urdf/config/indy7/physical_parameters.yaml\n'}
[0.730732] (indy_description) StdoutLine: {'line': b'-- Installing: /root/common/indy-ros2/install/indy_description/share/indy_description//urdf/config/indy7/joint_axes.yaml\n'}
[0.730798] (indy_description) StdoutLine: {'line': b'-- Installing: /root/common/indy-ros2/install/indy_description/share/indy_description//urdf/config/indy7/kinematics.yaml\n'}
[0.730867] (indy_description) StdoutLine: {'line': b'-- Installing: /root/common/indy-ros2/install/indy_description/share/indy_description//urdf/config/indy7/joint_limits.yaml\n'}
[0.730933] (indy_description) StdoutLine: {'line': b'-- Installing: /root/common/indy-ros2/install/indy_description/share/indy_description//urdf/config/indy7_v2\n'}
[0.730999] (indy_description) StdoutLine: {'line': b'-- Installing: /root/common/indy-ros2/install/indy_description/share/indy_description//urdf/config/indy7_v2/visual_parameters.yaml\n'}
[0.731065] (indy_description) StdoutLine: {'line': b'-- Installing: /root/common/indy-ros2/install/indy_description/share/indy_description//urdf/config/indy7_v2/physical_parameters.yaml\n'}
[0.731113] (indy_description) StdoutLine: {'line': b'-- Installing: /root/common/indy-ros2/install/indy_description/share/indy_description//urdf/config/indy7_v2/joint_axes.yaml\n'}
[0.731179] (indy_description) StdoutLine: {'line': b'-- Installing: /root/common/indy-ros2/install/indy_description/share/indy_description//urdf/config/indy7_v2/kinematics.yaml\n'}
[0.731243] (indy_description) StdoutLine: {'line': b'-- Installing: /root/common/indy-ros2/install/indy_description/share/indy_description//urdf/config/indy7_v2/joint_limits.yaml\n'}
[0.731310] (indy_description) StdoutLine: {'line': b'-- Installing: /root/common/indy-ros2/install/indy_description/share/indy_description//urdf/config/nuri4s\n'}
[0.731373] (indy_description) StdoutLine: {'line': b'-- Installing: /root/common/indy-ros2/install/indy_description/share/indy_description//urdf/config/nuri4s/visual_parameters.yaml\n'}
[0.731438] (indy_description) StdoutLine: {'line': b'-- Installing: /root/common/indy-ros2/install/indy_description/share/indy_description//urdf/config/nuri4s/physical_parameters.yaml\n'}
[0.731502] (indy_description) StdoutLine: {'line': b'-- Installing: /root/common/indy-ros2/install/indy_description/share/indy_description//urdf/config/nuri4s/joint_axes.yaml\n'}
[0.731577] (indy_description) StdoutLine: {'line': b'-- Installing: /root/common/indy-ros2/install/indy_description/share/indy_description//urdf/config/nuri4s/kinematics.yaml\n'}
[0.731662] (indy_description) StdoutLine: {'line': b'-- Installing: /root/common/indy-ros2/install/indy_description/share/indy_description//urdf/config/nuri4s/joint_limits.yaml\n'}
[0.731736] (indy_description) StdoutLine: {'line': b'-- Installing: /root/common/indy-ros2/install/indy_description/share/indy_description//urdf/config/nuri20c\n'}
[0.731803] (indy_description) StdoutLine: {'line': b'-- Installing: /root/common/indy-ros2/install/indy_description/share/indy_description//urdf/config/nuri20c/visual_parameters.yaml\n'}
[0.731876] (indy_description) StdoutLine: {'line': b'-- Installing: /root/common/indy-ros2/install/indy_description/share/indy_description//urdf/config/nuri20c/physical_parameters.yaml\n'}
[0.731955] (indy_description) StdoutLine: {'line': b'-- Installing: /root/common/indy-ros2/install/indy_description/share/indy_description//urdf/config/nuri20c/joint_axes.yaml\n'}
[0.732031] (indy_description) StdoutLine: {'line': b'-- Installing: /root/common/indy-ros2/install/indy_description/share/indy_description//urdf/config/nuri20c/kinematics.yaml\n'}
[0.732104] (indy_description) StdoutLine: {'line': b'-- Installing: /root/common/indy-ros2/install/indy_description/share/indy_description//urdf/config/nuri20c/joint_limits.yaml\n'}
[0.732182] (indy_description) StdoutLine: {'line': b'-- Installing: /root/common/indy-ros2/install/indy_description/share/indy_description//urdf/config/indyrp2_v2\n'}
[0.732251] (indy_description) StdoutLine: {'line': b'-- Installing: /root/common/indy-ros2/install/indy_description/share/indy_description//urdf/config/indyrp2_v2/visual_parameters.yaml\n'}
[0.732316] (indy_description) StdoutLine: {'line': b'-- Installing: /root/common/indy-ros2/install/indy_description/share/indy_description//urdf/config/indyrp2_v2/physical_parameters.yaml\n'}
[0.732409] (indy_description) StdoutLine: {'line': b'-- Installing: /root/common/indy-ros2/install/indy_description/share/indy_description//urdf/config/indyrp2_v2/joint_axes.yaml\n'}
[0.732540] (indy_description) StdoutLine: {'line': b'-- Installing: /root/common/indy-ros2/install/indy_description/share/indy_description//urdf/config/indyrp2_v2/kinematics.yaml\n'}
[0.732622] (indy_description) StdoutLine: {'line': b'-- Installing: /root/common/indy-ros2/install/indy_description/share/indy_description//urdf/config/indyrp2_v2/joint_limits.yaml\n'}
[0.732725] (indy_description) StdoutLine: {'line': b'-- Installing: /root/common/indy-ros2/install/indy_description/share/indy_description//urdf/config/icon3\n'}
[0.732823] (indy_description) StdoutLine: {'line': b'-- Installing: /root/common/indy-ros2/install/indy_description/share/indy_description//urdf/config/icon3/visual_parameters.yaml\n'}
[0.732908] (indy_description) StdoutLine: {'line': b'-- Installing: /root/common/indy-ros2/install/indy_description/share/indy_description//urdf/config/icon3/physical_parameters.yaml\n'}
[0.732987] (indy_description) StdoutLine: {'line': b'-- Installing: /root/common/indy-ros2/install/indy_description/share/indy_description//urdf/config/icon3/joint_axes.yaml\n'}
[0.733109] (indy_description) StdoutLine: {'line': b'-- Installing: /root/common/indy-ros2/install/indy_description/share/indy_description//urdf/config/icon3/kinematics.yaml\n'}
[0.733234] (indy_description) StdoutLine: {'line': b'-- Installing: /root/common/indy-ros2/install/indy_description/share/indy_description//urdf/config/icon3/joint_limits.yaml\n'}
[0.733349] (indy_description) StdoutLine: {'line': b'-- Installing: /root/common/indy-ros2/install/indy_description/share/indy_description//urdf/config/nuri3s\n'}
[0.733485] (indy_description) StdoutLine: {'line': b'-- Installing: /root/common/indy-ros2/install/indy_description/share/indy_description//urdf/config/nuri3s/visual_parameters.yaml\n'}
[0.733566] (indy_description) StdoutLine: {'line': b'-- Installing: /root/common/indy-ros2/install/indy_description/share/indy_description//urdf/config/nuri3s/physical_parameters.yaml\n'}
[0.733646] (indy_description) StdoutLine: {'line': b'-- Installing: /root/common/indy-ros2/install/indy_description/share/indy_description//urdf/config/nuri3s/joint_axes.yaml\n'}
[0.733726] (indy_description) StdoutLine: {'line': b'-- Installing: /root/common/indy-ros2/install/indy_description/share/indy_description//urdf/config/nuri3s/kinematics.yaml\n'}
[0.733805] (indy_description) StdoutLine: {'line': b'-- Installing: /root/common/indy-ros2/install/indy_description/share/indy_description//urdf/config/nuri3s/joint_limits.yaml\n'}
[0.733887] (indy_description) StdoutLine: {'line': b'-- Installing: /root/common/indy-ros2/install/indy_description/share/indy_description//urdf/config/nuri7c\n'}
[0.734009] (indy_description) StdoutLine: {'line': b'-- Installing: /root/common/indy-ros2/install/indy_description/share/indy_description//urdf/config/nuri7c/visual_parameters.yaml\n'}
[0.734116] (indy_description) StdoutLine: {'line': b'-- Installing: /root/common/indy-ros2/install/indy_description/share/indy_description//urdf/config/nuri7c/physical_parameters.yaml\n'}
[0.734238] (indy_description) StdoutLine: {'line': b'-- Installing: /root/common/indy-ros2/install/indy_description/share/indy_description//urdf/config/nuri7c/joint_axes.yaml\n'}
[0.734387] (indy_description) StdoutLine: {'line': b'-- Installing: /root/common/indy-ros2/install/indy_description/share/indy_description//urdf/config/nuri7c/kinematics.yaml\n'}
[0.734510] (indy_description) StdoutLine: {'line': b'-- Installing: /root/common/indy-ros2/install/indy_description/share/indy_description//urdf/config/nuri7c/joint_limits.yaml\n'}
[0.734628] (indy_description) StdoutLine: {'line': b'-- Installing: /root/common/indy-ros2/install/indy_description/share/indy_description//urdf/config/indy12_v2\n'}
[0.734735] (indy_description) StdoutLine: {'line': b'-- Installing: /root/common/indy-ros2/install/indy_description/share/indy_description//urdf/config/indy12_v2/visual_parameters.yaml\n'}
[0.734859] (indy_description) StdoutLine: {'line': b'-- Installing: /root/common/indy-ros2/install/indy_description/share/indy_description//urdf/config/indy12_v2/physical_parameters.yaml\n'}
[0.734966] (indy_description) StdoutLine: {'line': b'-- Installing: /root/common/indy-ros2/install/indy_description/share/indy_description//urdf/config/indy12_v2/joint_axes.yaml\n'}
[0.735085] (indy_description) StdoutLine: {'line': b'-- Installing: /root/common/indy-ros2/install/indy_description/share/indy_description//urdf/config/indy12_v2/kinematics.yaml\n'}
[0.735193] (indy_description) StdoutLine: {'line': b'-- Installing: /root/common/indy-ros2/install/indy_description/share/indy_description//urdf/config/indy12_v2/joint_limits.yaml\n'}
[0.735307] (indy_description) StdoutLine: {'line': b'-- Installing: /root/common/indy-ros2/install/indy_description/share/indy_description//urdf/config/dual_icon3\n'}
[0.735413] (indy_description) StdoutLine: {'line': b'-- Installing: /root/common/indy-ros2/install/indy_description/share/indy_description//urdf/config/dual_icon3/visual_parameters.yaml\n'}
[0.735530] (indy_description) StdoutLine: {'line': b'-- Installing: /root/common/indy-ros2/install/indy_description/share/indy_description//urdf/config/dual_icon3/physical_parameters.yaml\n'}
[0.735717] (indy_description) StdoutLine: {'line': b'-- Installing: /root/common/indy-ros2/install/indy_description/share/indy_description//urdf/config/dual_icon3/joint_axes.yaml\n'}
[0.735866] (indy_description) StdoutLine: {'line': b'-- Installing: /root/common/indy-ros2/install/indy_description/share/indy_description//urdf/config/dual_icon3/kinematics.yaml\n'}
[0.735947] (indy_description) StdoutLine: {'line': b'-- Installing: /root/common/indy-ros2/install/indy_description/share/indy_description//urdf/config/dual_icon3/joint_limits.yaml\n'}
[0.736052] (indy_description) StdoutLine: {'line': b'-- Installing: /root/common/indy-ros2/install/indy_description/share/indy_description//urdf/config/icon7l\n'}
[0.736133] (indy_description) StdoutLine: {'line': b'-- Installing: /root/common/indy-ros2/install/indy_description/share/indy_description//urdf/config/icon7l/visual_parameters.yaml\n'}
[0.736236] (indy_description) StdoutLine: {'line': b'-- Installing: /root/common/indy-ros2/install/indy_description/share/indy_description//urdf/config/icon7l/physical_parameters.yaml\n'}
[0.736335] (indy_description) StdoutLine: {'line': b'-- Installing: /root/common/indy-ros2/install/indy_description/share/indy_description//urdf/config/icon7l/joint_axes.yaml\n'}
[0.736433] (indy_description) StdoutLine: {'line': b'-- Installing: /root/common/indy-ros2/install/indy_description/share/indy_description//urdf/config/icon7l/kinematics.yaml\n'}
[0.736532] (indy_description) StdoutLine: {'line': b'-- Installing: /root/common/indy-ros2/install/indy_description/share/indy_description//urdf/config/icon7l/joint_limits.yaml\n'}
[0.736630] (indy_description) StdoutLine: {'line': b'-- Installing: /root/common/indy-ros2/install/indy_description/share/indy_description//urdf/config/initial_positions.yaml\n'}
[0.736728] (indy_description) StdoutLine: {'line': b'-- Installing: /root/common/indy-ros2/install/indy_description/share/ament_index/resource_index/package_run_dependencies/indy_description\n'}
[0.736910] (indy_description) StdoutLine: {'line': b'-- Installing: /root/common/indy-ros2/install/indy_description/share/ament_index/resource_index/parent_prefix_path/indy_description\n'}
[0.737012] (indy_description) StdoutLine: {'line': b'-- Installing: /root/common/indy-ros2/install/indy_description/share/indy_description/environment/ament_prefix_path.sh\n'}
[0.737099] (indy_description) StdoutLine: {'line': b'-- Installing: /root/common/indy-ros2/install/indy_description/share/indy_description/environment/ament_prefix_path.dsv\n'}
[0.737215] (indy_description) StdoutLine: {'line': b'-- Installing: /root/common/indy-ros2/install/indy_description/share/indy_description/environment/path.sh\n'}
[0.737313] (indy_description) StdoutLine: {'line': b'-- Installing: /root/common/indy-ros2/install/indy_description/share/indy_description/environment/path.dsv\n'}
[0.737409] (indy_description) StdoutLine: {'line': b'-- Installing: /root/common/indy-ros2/install/indy_description/share/indy_description/local_setup.bash\n'}
[0.737508] (indy_description) StdoutLine: {'line': b'-- Installing: /root/common/indy-ros2/install/indy_description/share/indy_description/local_setup.sh\n'}
[0.737610] (indy_description) StdoutLine: {'line': b'-- Installing: /root/common/indy-ros2/install/indy_description/share/indy_description/local_setup.zsh\n'}
[0.737713] (indy_description) StdoutLine: {'line': b'-- Installing: /root/common/indy-ros2/install/indy_description/share/indy_description/local_setup.dsv\n'}
[0.737796] (indy_description) StdoutLine: {'line': b'-- Installing: /root/common/indy-ros2/install/indy_description/share/indy_description/package.dsv\n'}
[0.737891] (indy_description) StdoutLine: {'line': b'-- Installing: /root/common/indy-ros2/install/indy_description/share/ament_index/resource_index/packages/indy_description\n'}
[0.737977] (indy_description) StdoutLine: {'line': b'-- Installing: /root/common/indy-ros2/install/indy_description/share/indy_description/cmake/indy_descriptionConfig.cmake\n'}
[0.738058] (indy_description) StdoutLine: {'line': b'-- Installing: /root/common/indy-ros2/install/indy_description/share/indy_description/cmake/indy_descriptionConfig-version.cmake\n'}
[0.738139] (indy_description) StdoutLine: {'line': b'-- Installing: /root/common/indy-ros2/install/indy_description/share/indy_description/package.xml\n'}
[0.738738] (indy_description) CommandEnded: {'returncode': 0}
[0.765688] (indy_description) JobEnded: {'identifier': 'indy_description', 'rc': 0}
[0.766204] (indy_driver) JobStarted: {'identifier': 'indy_driver'}
[0.768634] (indy_gazebo) JobStarted: {'identifier': 'indy_gazebo'}
[0.772641] (indy_moveit) JobStarted: {'identifier': 'indy_moveit'}
[0.776383] (indy_driver) JobProgress: {'identifier': 'indy_driver', 'progress': 'cmake'}
[0.776526] (indy_driver) Command: {'cmd': ['/usr/bin/cmake', '/root/common/indy-ros2/src/sml_indy-ros2/indy_driver', '-DCMAKE_INSTALL_PREFIX=/root/common/indy-ros2/install/indy_driver'], 'cwd': '/root/common/indy-ros2/build/indy_driver', 'env': OrderedDict([('NV_LIBCUBLAS_VERSION', '11.11.3.6-1'), ('NV_CUDA_COMPAT_PACKAGE', 'cuda-compat-11-8'), ('HOSTNAME', 'idim'), ('SHLVL', '1'), ('LD_LIBRARY_PATH', '/opt/ros/humble/lib'), ('NV_LIBNCCL_PACKAGE_VERSION', '2.15.5-1'), ('AMENT_CPPCHECK_ALLOW_SLOW_VERSIONS', '1'), ('HOME', '/root'), ('OLDPWD', '/root/common/indy-ros2/src'), ('ROS_PYTHON_VERSION', '3'), ('PS1', '\\[\x1b[0;33m\\]idim \\W $ \\[\x1b[0m\\]'), ('NV_LIBNPP_PACKAGE', 'libnpp-11-8=11.8.0.86-1'), ('CUDA_VERSION', '11.8.0'), ('COLCON_PREFIX_PATH', '/opt/ros/humble'), ('ROS_DISTRO', 'humble'), ('NV_LIBCUBLAS_PACKAGE_NAME', 'libcublas-11-8'), ('NVIDIA_REQUIRE_CUDA', 'cuda>=11.8 brand=tesla,driver>=470,driver<471 brand=unknown,driver>=470,driver<471 brand=nvidia,driver>=470,driver<471 brand=nvidiartx,driver>=470,driver<471 brand=geforce,driver>=470,driver<471 brand=geforcertx,driver>=470,driver<471 brand=quadro,driver>=470,driver<471 brand=quadrortx,driver>=470,driver<471 brand=titan,driver>=470,driver<471 brand=titanrtx,driver>=470,driver<471'), ('_', '/usr/bin/colcon'), ('ROS_VERSION', '2'), ('NV_LIBCUSPARSE_VERSION', '11.7.5.86-1'), ('NVIDIA_DRIVER_CAPABILITIES', 'graphics,utility,compute'), ('NV_CUDA_LIB_VERSION', '11.8.0-1'), ('NV_LIBNCCL_PACKAGE_NAME', 'libnccl2'), ('TERM', 'xterm'), ('NV_CUDA_CUDART_VERSION', '11.8.89-1'), ('QT_X11_NO_MITSHM', '1'), ('PATH', '/opt/ros/humble/bin:/usr/local/nvidia/bin:/usr/local/cuda/bin:/usr/local/sbin:/usr/local/bin:/usr/sbin:/usr/bin:/sbin:/bin'), ('NV_LIBCUBLAS_PACKAGE', 'libcublas-11-8=11.11.3.6-1'), ('NVARCH', 'x86_64'), ('DISPLAY', ':1'), ('NV_LIBNCCL_PACKAGE', 'libnccl2=2.15.5-1+cuda11.8'), ('NVIDIA_PRODUCT_NAME', 'CUDA'), ('LANG', 'en_US.UTF-8'), ('XAUTHORITY', '/tmp/.docker.xauth'), ('LS_COLORS', 'rs=0:di=01;34:ln=01;36:mh=00:pi=40;33:so=01;35:do=01;35:bd=40;33;01:cd=40;33;01:or=40;31;01:mi=00:su=37;41:sg=30;43:ca=30;41:tw=30;42:ow=34;42:st=37;44:ex=01;32:*.tar=01;31:*.tgz=01;31:*.arc=01;31:*.arj=01;31:*.taz=01;31:*.lha=01;31:*.lz4=01;31:*.lzh=01;31:*.lzma=01;31:*.tlz=01;31:*.txz=01;31:*.tzo=01;31:*.t7z=01;31:*.zip=01;31:*.z=01;31:*.dz=01;31:*.gz=01;31:*.lrz=01;31:*.lz=01;31:*.lzo=01;31:*.xz=01;31:*.zst=01;31:*.tzst=01;31:*.bz2=01;31:*.bz=01;31:*.tbz=01;31:*.tbz2=01;31:*.tz=01;31:*.deb=01;31:*.rpm=01;31:*.jar=01;31:*.war=01;31:*.ear=01;31:*.sar=01;31:*.rar=01;31:*.alz=01;31:*.ace=01;31:*.zoo=01;31:*.cpio=01;31:*.7z=01;31:*.rz=01;31:*.cab=01;31:*.wim=01;31:*.swm=01;31:*.dwm=01;31:*.esd=01;31:*.jpg=01;35:*.jpeg=01;35:*.mjpg=01;35:*.mjpeg=01;35:*.gif=01;35:*.bmp=01;35:*.pbm=01;35:*.pgm=01;35:*.ppm=01;35:*.tga=01;35:*.xbm=01;35:*.xpm=01;35:*.tif=01;35:*.tiff=01;35:*.png=01;35:*.svg=01;35:*.svgz=01;35:*.mng=01;35:*.pcx=01;35:*.mov=01;35:*.mpg=01;35:*.mpeg=01;35:*.m2v=01;35:*.mkv=01;35:*.webm=01;35:*.webp=01;35:*.ogm=01;35:*.mp4=01;35:*.m4v=01;35:*.mp4v=01;35:*.vob=01;35:*.qt=01;35:*.nuv=01;35:*.wmv=01;35:*.asf=01;35:*.rm=01;35:*.rmvb=01;35:*.flc=01;35:*.avi=01;35:*.fli=01;35:*.flv=01;35:*.gl=01;35:*.dl=01;35:*.xcf=01;35:*.xwd=01;35:*.yuv=01;35:*.cgm=01;35:*.emf=01;35:*.ogv=01;35:*.ogx=01;35:*.aac=00;36:*.au=00;36:*.flac=00;36:*.m4a=00;36:*.mid=00;36:*.midi=00;36:*.mka=00;36:*.mp3=00;36:*.mpc=00;36:*.ogg=00;36:*.ra=00;36:*.wav=00;36:*.oga=00;36:*.opus=00;36:*.spx=00;36:*.xspf=00;36:'), ('AMENT_PREFIX_PATH', '/root/common/indy-ros2/install/indy_description:/opt/ros/humble'), ('DEBIAN_FRONTEND', 'noninteractive'), ('NV_NVTX_VERSION', '11.8.86-1'), ('NV_LIBNPP_VERSION', '11.8.0.86-1'), ('PWD', '/root/common/indy-ros2/build/indy_driver'), ('PYTHONPATH', '/opt/ros/humble/local/lib/python3.10/dist-packages:/opt/ros/humble/lib/python3.10/site-packages'), ('NVIDIA_VISIBLE_DEVICES', 'all'), ('NCCL_VERSION', '2.15.5-1'), ('DEBCONF_NOWARNINGS', 'yes'), ('COLCON', '1'), ('CMAKE_PREFIX_PATH', '/root/common/indy-ros2/install/indy_description:/opt/ros/humble')]), 'shell': False}
[0.778687] (indy_gazebo) JobProgress: {'identifier': 'indy_gazebo', 'progress': 'cmake'}
[0.778768] (indy_gazebo) Command: {'cmd': ['/usr/bin/cmake', '/root/common/indy-ros2/src/sml_indy-ros2/indy_gazebo', '-DCMAKE_INSTALL_PREFIX=/root/common/indy-ros2/install/indy_gazebo'], 'cwd': '/root/common/indy-ros2/build/indy_gazebo', 'env': OrderedDict([('NV_LIBCUBLAS_VERSION', '11.11.3.6-1'), ('NV_CUDA_COMPAT_PACKAGE', 'cuda-compat-11-8'), ('HOSTNAME', 'idim'), ('SHLVL', '1'), ('LD_LIBRARY_PATH', '/opt/ros/humble/lib'), ('NV_LIBNCCL_PACKAGE_VERSION', '2.15.5-1'), ('AMENT_CPPCHECK_ALLOW_SLOW_VERSIONS', '1'), ('HOME', '/root'), ('OLDPWD', '/root/common/indy-ros2/src'), ('ROS_PYTHON_VERSION', '3'), ('PS1', '\\[\x1b[0;33m\\]idim \\W $ \\[\x1b[0m\\]'), ('NV_LIBNPP_PACKAGE', 'libnpp-11-8=11.8.0.86-1'), ('CUDA_VERSION', '11.8.0'), ('COLCON_PREFIX_PATH', '/opt/ros/humble'), ('ROS_DISTRO', 'humble'), ('NV_LIBCUBLAS_PACKAGE_NAME', 'libcublas-11-8'), ('NVIDIA_REQUIRE_CUDA', 'cuda>=11.8 brand=tesla,driver>=470,driver<471 brand=unknown,driver>=470,driver<471 brand=nvidia,driver>=470,driver<471 brand=nvidiartx,driver>=470,driver<471 brand=geforce,driver>=470,driver<471 brand=geforcertx,driver>=470,driver<471 brand=quadro,driver>=470,driver<471 brand=quadrortx,driver>=470,driver<471 brand=titan,driver>=470,driver<471 brand=titanrtx,driver>=470,driver<471'), ('_', '/usr/bin/colcon'), ('ROS_VERSION', '2'), ('NV_LIBCUSPARSE_VERSION', '11.7.5.86-1'), ('NVIDIA_DRIVER_CAPABILITIES', 'graphics,utility,compute'), ('NV_CUDA_LIB_VERSION', '11.8.0-1'), ('NV_LIBNCCL_PACKAGE_NAME', 'libnccl2'), ('TERM', 'xterm'), ('NV_CUDA_CUDART_VERSION', '11.8.89-1'), ('QT_X11_NO_MITSHM', '1'), ('PATH', '/opt/ros/humble/bin:/usr/local/nvidia/bin:/usr/local/cuda/bin:/usr/local/sbin:/usr/local/bin:/usr/sbin:/usr/bin:/sbin:/bin'), ('NV_LIBCUBLAS_PACKAGE', 'libcublas-11-8=11.11.3.6-1'), ('NVARCH', 'x86_64'), ('DISPLAY', ':1'), ('NV_LIBNCCL_PACKAGE', 'libnccl2=2.15.5-1+cuda11.8'), ('NVIDIA_PRODUCT_NAME', 'CUDA'), ('LANG', 'en_US.UTF-8'), ('XAUTHORITY', '/tmp/.docker.xauth'), ('LS_COLORS', 'rs=0:di=01;34:ln=01;36:mh=00:pi=40;33:so=01;35:do=01;35:bd=40;33;01:cd=40;33;01:or=40;31;01:mi=00:su=37;41:sg=30;43:ca=30;41:tw=30;42:ow=34;42:st=37;44:ex=01;32:*.tar=01;31:*.tgz=01;31:*.arc=01;31:*.arj=01;31:*.taz=01;31:*.lha=01;31:*.lz4=01;31:*.lzh=01;31:*.lzma=01;31:*.tlz=01;31:*.txz=01;31:*.tzo=01;31:*.t7z=01;31:*.zip=01;31:*.z=01;31:*.dz=01;31:*.gz=01;31:*.lrz=01;31:*.lz=01;31:*.lzo=01;31:*.xz=01;31:*.zst=01;31:*.tzst=01;31:*.bz2=01;31:*.bz=01;31:*.tbz=01;31:*.tbz2=01;31:*.tz=01;31:*.deb=01;31:*.rpm=01;31:*.jar=01;31:*.war=01;31:*.ear=01;31:*.sar=01;31:*.rar=01;31:*.alz=01;31:*.ace=01;31:*.zoo=01;31:*.cpio=01;31:*.7z=01;31:*.rz=01;31:*.cab=01;31:*.wim=01;31:*.swm=01;31:*.dwm=01;31:*.esd=01;31:*.jpg=01;35:*.jpeg=01;35:*.mjpg=01;35:*.mjpeg=01;35:*.gif=01;35:*.bmp=01;35:*.pbm=01;35:*.pgm=01;35:*.ppm=01;35:*.tga=01;35:*.xbm=01;35:*.xpm=01;35:*.tif=01;35:*.tiff=01;35:*.png=01;35:*.svg=01;35:*.svgz=01;35:*.mng=01;35:*.pcx=01;35:*.mov=01;35:*.mpg=01;35:*.mpeg=01;35:*.m2v=01;35:*.mkv=01;35:*.webm=01;35:*.webp=01;35:*.ogm=01;35:*.mp4=01;35:*.m4v=01;35:*.mp4v=01;35:*.vob=01;35:*.qt=01;35:*.nuv=01;35:*.wmv=01;35:*.asf=01;35:*.rm=01;35:*.rmvb=01;35:*.flc=01;35:*.avi=01;35:*.fli=01;35:*.flv=01;35:*.gl=01;35:*.dl=01;35:*.xcf=01;35:*.xwd=01;35:*.yuv=01;35:*.cgm=01;35:*.emf=01;35:*.ogv=01;35:*.ogx=01;35:*.aac=00;36:*.au=00;36:*.flac=00;36:*.m4a=00;36:*.mid=00;36:*.midi=00;36:*.mka=00;36:*.mp3=00;36:*.mpc=00;36:*.ogg=00;36:*.ra=00;36:*.wav=00;36:*.oga=00;36:*.opus=00;36:*.spx=00;36:*.xspf=00;36:'), ('AMENT_PREFIX_PATH', '/root/common/indy-ros2/install/indy_description:/opt/ros/humble'), ('DEBIAN_FRONTEND', 'noninteractive'), ('NV_NVTX_VERSION', '11.8.86-1'), ('NV_LIBNPP_VERSION', '11.8.0.86-1'), ('PWD', '/root/common/indy-ros2/build/indy_gazebo'), ('PYTHONPATH', '/opt/ros/humble/local/lib/python3.10/dist-packages:/opt/ros/humble/lib/python3.10/site-packages'), ('NVIDIA_VISIBLE_DEVICES', 'all'), ('NCCL_VERSION', '2.15.5-1'), ('DEBCONF_NOWARNINGS', 'yes'), ('COLCON', '1'), ('CMAKE_PREFIX_PATH', '/root/common/indy-ros2/install/indy_description:/opt/ros/humble')]), 'shell': False}
[0.781548] (indy_moveit) JobProgress: {'identifier': 'indy_moveit', 'progress': 'cmake'}
[0.782571] (indy_driver) StderrLine: {'line': b'\x1b[0mCMake Deprecation Warning at CMakeLists.txt:1 (cmake_minimum_required):\n'}
[0.783259] (indy_driver) StderrLine: {'line': b'  Compatibility with CMake < 3.10 will be removed from a future version of\n'}
[0.783964] (indy_driver) StderrLine: {'line': b'  CMake.\n'}
[0.784191] (indy_driver) StderrLine: {'line': b'\n'}
[0.784670] (indy_driver) StderrLine: {'line': b'  Update the VERSION argument <min> value.  Or, use the <min>...<max> syntax\n'}
[0.784804] (indy_driver) StderrLine: {'line': b'  to tell CMake that the project requires at least <min> but has been updated\n'}
[0.784957] (indy_driver) StderrLine: {'line': b'  to work with policies introduced by <max> or earlier.\n'}
[0.785085] (indy_driver) StderrLine: {'line': b'\n'}
[0.785180] (indy_moveit) Command: {'cmd': ['/usr/bin/cmake', '/root/common/indy-ros2/src/sml_indy-ros2/indy_moveit', '-DCMAKE_INSTALL_PREFIX=/root/common/indy-ros2/install/indy_moveit'], 'cwd': '/root/common/indy-ros2/build/indy_moveit', 'env': OrderedDict([('NV_LIBCUBLAS_VERSION', '11.11.3.6-1'), ('NV_CUDA_COMPAT_PACKAGE', 'cuda-compat-11-8'), ('HOSTNAME', 'idim'), ('SHLVL', '1'), ('LD_LIBRARY_PATH', '/opt/ros/humble/lib'), ('NV_LIBNCCL_PACKAGE_VERSION', '2.15.5-1'), ('AMENT_CPPCHECK_ALLOW_SLOW_VERSIONS', '1'), ('HOME', '/root'), ('OLDPWD', '/root/common/indy-ros2/src'), ('ROS_PYTHON_VERSION', '3'), ('PS1', '\\[\x1b[0;33m\\]idim \\W $ \\[\x1b[0m\\]'), ('NV_LIBNPP_PACKAGE', 'libnpp-11-8=11.8.0.86-1'), ('CUDA_VERSION', '11.8.0'), ('COLCON_PREFIX_PATH', '/opt/ros/humble'), ('ROS_DISTRO', 'humble'), ('NV_LIBCUBLAS_PACKAGE_NAME', 'libcublas-11-8'), ('NVIDIA_REQUIRE_CUDA', 'cuda>=11.8 brand=tesla,driver>=470,driver<471 brand=unknown,driver>=470,driver<471 brand=nvidia,driver>=470,driver<471 brand=nvidiartx,driver>=470,driver<471 brand=geforce,driver>=470,driver<471 brand=geforcertx,driver>=470,driver<471 brand=quadro,driver>=470,driver<471 brand=quadrortx,driver>=470,driver<471 brand=titan,driver>=470,driver<471 brand=titanrtx,driver>=470,driver<471'), ('_', '/usr/bin/colcon'), ('ROS_VERSION', '2'), ('NV_LIBCUSPARSE_VERSION', '11.7.5.86-1'), ('NVIDIA_DRIVER_CAPABILITIES', 'graphics,utility,compute'), ('NV_CUDA_LIB_VERSION', '11.8.0-1'), ('NV_LIBNCCL_PACKAGE_NAME', 'libnccl2'), ('TERM', 'xterm'), ('NV_CUDA_CUDART_VERSION', '11.8.89-1'), ('QT_X11_NO_MITSHM', '1'), ('PATH', '/opt/ros/humble/bin:/usr/local/nvidia/bin:/usr/local/cuda/bin:/usr/local/sbin:/usr/local/bin:/usr/sbin:/usr/bin:/sbin:/bin'), ('NV_LIBCUBLAS_PACKAGE', 'libcublas-11-8=11.11.3.6-1'), ('NVARCH', 'x86_64'), ('DISPLAY', ':1'), ('NV_LIBNCCL_PACKAGE', 'libnccl2=2.15.5-1+cuda11.8'), ('NVIDIA_PRODUCT_NAME', 'CUDA'), ('LANG', 'en_US.UTF-8'), ('XAUTHORITY', '/tmp/.docker.xauth'), ('LS_COLORS', 'rs=0:di=01;34:ln=01;36:mh=00:pi=40;33:so=01;35:do=01;35:bd=40;33;01:cd=40;33;01:or=40;31;01:mi=00:su=37;41:sg=30;43:ca=30;41:tw=30;42:ow=34;42:st=37;44:ex=01;32:*.tar=01;31:*.tgz=01;31:*.arc=01;31:*.arj=01;31:*.taz=01;31:*.lha=01;31:*.lz4=01;31:*.lzh=01;31:*.lzma=01;31:*.tlz=01;31:*.txz=01;31:*.tzo=01;31:*.t7z=01;31:*.zip=01;31:*.z=01;31:*.dz=01;31:*.gz=01;31:*.lrz=01;31:*.lz=01;31:*.lzo=01;31:*.xz=01;31:*.zst=01;31:*.tzst=01;31:*.bz2=01;31:*.bz=01;31:*.tbz=01;31:*.tbz2=01;31:*.tz=01;31:*.deb=01;31:*.rpm=01;31:*.jar=01;31:*.war=01;31:*.ear=01;31:*.sar=01;31:*.rar=01;31:*.alz=01;31:*.ace=01;31:*.zoo=01;31:*.cpio=01;31:*.7z=01;31:*.rz=01;31:*.cab=01;31:*.wim=01;31:*.swm=01;31:*.dwm=01;31:*.esd=01;31:*.jpg=01;35:*.jpeg=01;35:*.mjpg=01;35:*.mjpeg=01;35:*.gif=01;35:*.bmp=01;35:*.pbm=01;35:*.pgm=01;35:*.ppm=01;35:*.tga=01;35:*.xbm=01;35:*.xpm=01;35:*.tif=01;35:*.tiff=01;35:*.png=01;35:*.svg=01;35:*.svgz=01;35:*.mng=01;35:*.pcx=01;35:*.mov=01;35:*.mpg=01;35:*.mpeg=01;35:*.m2v=01;35:*.mkv=01;35:*.webm=01;35:*.webp=01;35:*.ogm=01;35:*.mp4=01;35:*.m4v=01;35:*.mp4v=01;35:*.vob=01;35:*.qt=01;35:*.nuv=01;35:*.wmv=01;35:*.asf=01;35:*.rm=01;35:*.rmvb=01;35:*.flc=01;35:*.avi=01;35:*.fli=01;35:*.flv=01;35:*.gl=01;35:*.dl=01;35:*.xcf=01;35:*.xwd=01;35:*.yuv=01;35:*.cgm=01;35:*.emf=01;35:*.ogv=01;35:*.ogx=01;35:*.aac=00;36:*.au=00;36:*.flac=00;36:*.m4a=00;36:*.mid=00;36:*.midi=00;36:*.mka=00;36:*.mp3=00;36:*.mpc=00;36:*.ogg=00;36:*.ra=00;36:*.wav=00;36:*.oga=00;36:*.opus=00;36:*.spx=00;36:*.xspf=00;36:'), ('AMENT_PREFIX_PATH', '/root/common/indy-ros2/install/indy_description:/opt/ros/humble'), ('DEBIAN_FRONTEND', 'noninteractive'), ('NV_NVTX_VERSION', '11.8.86-1'), ('NV_LIBNPP_VERSION', '11.8.0.86-1'), ('PWD', '/root/common/indy-ros2/build/indy_moveit'), ('PYTHONPATH', '/opt/ros/humble/local/lib/python3.10/dist-packages:/opt/ros/humble/lib/python3.10/site-packages'), ('NVIDIA_VISIBLE_DEVICES', 'all'), ('NCCL_VERSION', '2.15.5-1'), ('DEBCONF_NOWARNINGS', 'yes'), ('COLCON', '1'), ('CMAKE_PREFIX_PATH', '/root/common/indy-ros2/install/indy_description:/opt/ros/humble')]), 'shell': False}
[0.785938] (indy_driver) StderrLine: {'line': b'\x1b[0m\n'}
[0.786092] (indy_gazebo) StderrLine: {'line': b'\x1b[0mCMake Deprecation Warning at CMakeLists.txt:1 (cmake_minimum_required):\n'}
[0.786221] (indy_gazebo) StderrLine: {'line': b'  Compatibility with CMake < 3.10 will be removed from a future version of\n'}
[0.786318] (indy_gazebo) StderrLine: {'line': b'  CMake.\n'}
[0.786429] (indy_gazebo) StderrLine: {'line': b'\n'}
[0.786548] (indy_gazebo) StderrLine: {'line': b'  Update the VERSION argument <min> value.  Or, use the <min>...<max> syntax\n'}
[0.786672] (indy_gazebo) StderrLine: {'line': b'  to tell CMake that the project requires at least <min> but has been updated\n'}
[0.786759] (indy_gazebo) StderrLine: {'line': b'  to work with policies introduced by <max> or earlier.\n'}
[0.786843] (indy_gazebo) StderrLine: {'line': b'\n'}
[0.786935] (indy_gazebo) StderrLine: {'line': b'\x1b[0m\n'}
[0.788023] (indy_moveit) StderrLine: {'line': b'\x1b[0mCMake Deprecation Warning at CMakeLists.txt:1 (cmake_minimum_required):\n'}
[0.788209] (indy_moveit) StderrLine: {'line': b'  Compatibility with CMake < 3.10 will be removed from a future version of\n'}
[0.788302] (indy_moveit) StderrLine: {'line': b'  CMake.\n'}
[0.788392] (indy_moveit) StderrLine: {'line': b'\n'}
[0.788478] (indy_moveit) StderrLine: {'line': b'  Update the VERSION argument <min> value.  Or, use the <min>...<max> syntax\n'}
[0.788566] (indy_moveit) StderrLine: {'line': b'  to tell CMake that the project requires at least <min> but has been updated\n'}
[0.788649] (indy_moveit) StderrLine: {'line': b'  to work with policies introduced by <max> or earlier.\n'}
[0.788735] (indy_moveit) StderrLine: {'line': b'\n'}
[0.788881] (indy_moveit) StderrLine: {'line': b'\x1b[0m\n'}
[0.800214] (-) TimerEvent: {}
[0.825554] (indy_gazebo) StdoutLine: {'line': b'-- The C compiler identification is GNU 11.4.0\n'}
[0.827344] (indy_driver) StdoutLine: {'line': b'-- The C compiler identification is GNU 11.4.0\n'}
[0.832356] (indy_moveit) StdoutLine: {'line': b'-- The C compiler identification is GNU 11.4.0\n'}
[0.884513] (indy_gazebo) StdoutLine: {'line': b'-- The CXX compiler identification is GNU 11.4.0\n'}
[0.887413] (indy_driver) StdoutLine: {'line': b'-- The CXX compiler identification is GNU 11.4.0\n'}
[0.891276] (indy_gazebo) StdoutLine: {'line': b'-- Detecting C compiler ABI info\n'}
[0.893368] (indy_moveit) StdoutLine: {'line': b'-- The CXX compiler identification is GNU 11.4.0\n'}
[0.894417] (indy_driver) StdoutLine: {'line': b'-- Detecting C compiler ABI info\n'}
[0.900323] (-) TimerEvent: {}
[0.903285] (indy_moveit) StdoutLine: {'line': b'-- Detecting C compiler ABI info\n'}
[0.931986] (indy_interfaces) StdoutLine: {'line': b'-- Found ament_cmake_ros: 0.10.0 (/opt/ros/humble/share/ament_cmake_ros/cmake)\n'}
[0.941382] (indy_gazebo) StdoutLine: {'line': b'-- Detecting C compiler ABI info - done\n'}
[0.948600] (indy_driver) StdoutLine: {'line': b'-- Detecting C compiler ABI info - done\n'}
[0.954688] (indy_moveit) StdoutLine: {'line': b'-- Detecting C compiler ABI info - done\n'}
[0.960182] (indy_gazebo) StdoutLine: {'line': b'-- Check for working C compiler: /usr/bin/cc - skipped\n'}
[0.960542] (indy_gazebo) StdoutLine: {'line': b'-- Detecting C compile features\n'}
[0.961120] (indy_gazebo) StdoutLine: {'line': b'-- Detecting C compile features - done\n'}
[0.967899] (indy_moveit) StdoutLine: {'line': b'-- Check for working C compiler: /usr/bin/cc - skipped\n'}
[0.968196] (indy_moveit) StdoutLine: {'line': b'-- Detecting C compile features\n'}
[0.968616] (indy_moveit) StdoutLine: {'line': b'-- Detecting C compile features - done\n'}
[0.969086] (indy_driver) StdoutLine: {'line': b'-- Check for working C compiler: /usr/bin/cc - skipped\n'}
[0.969503] (indy_driver) StdoutLine: {'line': b'-- Detecting C compile features\n'}
[0.970043] (indy_driver) StdoutLine: {'line': b'-- Detecting C compile features - done\n'}
[0.971294] (indy_gazebo) StdoutLine: {'line': b'-- Detecting CXX compiler ABI info\n'}
[0.978148] (indy_moveit) StdoutLine: {'line': b'-- Detecting CXX compiler ABI info\n'}
[0.980155] (indy_driver) StdoutLine: {'line': b'-- Detecting CXX compiler ABI info\n'}
[1.000437] (-) TimerEvent: {}
[1.033962] (indy_gazebo) StdoutLine: {'line': b'-- Detecting CXX compiler ABI info - done\n'}
[1.039389] (indy_driver) StdoutLine: {'line': b'-- Detecting CXX compiler ABI info - done\n'}
[1.043549] (indy_moveit) StdoutLine: {'line': b'-- Detecting CXX compiler ABI info - done\n'}
[1.048133] (indy_gazebo) StdoutLine: {'line': b'-- Check for working CXX compiler: /usr/bin/c++ - skipped\n'}
[1.048454] (indy_gazebo) StdoutLine: {'line': b'-- Detecting CXX compile features\n'}
[1.048987] (indy_gazebo) StdoutLine: {'line': b'-- Detecting CXX compile features - done\n'}
[1.052968] (indy_driver) StdoutLine: {'line': b'-- Check for working CXX compiler: /usr/bin/c++ - skipped\n'}
[1.053273] (indy_driver) StdoutLine: {'line': b'-- Detecting CXX compile features\n'}
[1.053742] (indy_driver) StdoutLine: {'line': b'-- Detecting CXX compile features - done\n'}
[1.057343] (indy_gazebo) StdoutLine: {'line': b'-- Found ament_cmake: 1.3.9 (/opt/ros/humble/share/ament_cmake/cmake)\n'}
[1.058832] (indy_moveit) StdoutLine: {'line': b'-- Check for working CXX compiler: /usr/bin/c++ - skipped\n'}
[1.059145] (indy_moveit) StdoutLine: {'line': b'-- Detecting CXX compile features\n'}
[1.059677] (indy_moveit) StdoutLine: {'line': b'-- Detecting CXX compile features - done\n'}
[1.061040] (indy_driver) StdoutLine: {'line': b'-- Found ament_cmake: 1.3.9 (/opt/ros/humble/share/ament_cmake/cmake)\n'}
[1.067351] (indy_moveit) StdoutLine: {'line': b'-- Found ament_cmake: 1.3.9 (/opt/ros/humble/share/ament_cmake/cmake)\n'}
[1.100554] (-) TimerEvent: {}
[1.174683] (indy_driver) StdoutLine: {'line': b'-- Found Python3: /usr/bin/python3 (found version "3.10.12") found components: Interpreter\n'}
[1.175504] (indy_gazebo) StdoutLine: {'line': b'-- Found Python3: /usr/bin/python3 (found version "3.10.12") found components: Interpreter\n'}
[1.185120] (indy_moveit) StdoutLine: {'line': b'-- Found Python3: /usr/bin/python3 (found version "3.10.12") found components: Interpreter\n'}
[1.200648] (-) TimerEvent: {}
[1.276711] (indy_interfaces) StdoutLine: {'line': b'-- Using all available rosidl_typesupport_c: rosidl_typesupport_fastrtps_c;rosidl_typesupport_introspection_c\n'}
[1.281131] (indy_gazebo) StdoutLine: {'line': b'-- Found ament_lint_auto: 0.12.11 (/opt/ros/humble/share/ament_lint_auto/cmake)\n'}
[1.291259] (indy_moveit) StdoutLine: {'line': b'-- Found rclcpp: 16.0.9 (/opt/ros/humble/share/rclcpp/cmake)\n'}
[1.300738] (-) TimerEvent: {}
[1.335965] (indy_gazebo) StdoutLine: {'line': b'-- Configuring done (0.6s)\n'}
[1.339117] (indy_gazebo) StdoutLine: {'line': b'-- Generating done (0.0s)\n'}
[1.339441] (indy_gazebo) StdoutLine: {'line': b'-- Build files have been written to: /root/common/indy-ros2/build/indy_gazebo\n'}
[1.343602] (indy_gazebo) CommandEnded: {'returncode': 0}
[1.344198] (indy_gazebo) JobProgress: {'identifier': 'indy_gazebo', 'progress': 'build'}
[1.345061] (indy_gazebo) Command: {'cmd': ['/usr/bin/cmake', '--build', '/root/common/indy-ros2/build/indy_gazebo', '--', '-j12', '-l12'], 'cwd': '/root/common/indy-ros2/build/indy_gazebo', 'env': OrderedDict([('NV_LIBCUBLAS_VERSION', '11.11.3.6-1'), ('NV_CUDA_COMPAT_PACKAGE', 'cuda-compat-11-8'), ('HOSTNAME', 'idim'), ('SHLVL', '1'), ('LD_LIBRARY_PATH', '/opt/ros/humble/lib'), ('NV_LIBNCCL_PACKAGE_VERSION', '2.15.5-1'), ('AMENT_CPPCHECK_ALLOW_SLOW_VERSIONS', '1'), ('HOME', '/root'), ('OLDPWD', '/root/common/indy-ros2/src'), ('ROS_PYTHON_VERSION', '3'), ('PS1', '\\[\x1b[0;33m\\]idim \\W $ \\[\x1b[0m\\]'), ('NV_LIBNPP_PACKAGE', 'libnpp-11-8=11.8.0.86-1'), ('CUDA_VERSION', '11.8.0'), ('COLCON_PREFIX_PATH', '/opt/ros/humble'), ('ROS_DISTRO', 'humble'), ('NV_LIBCUBLAS_PACKAGE_NAME', 'libcublas-11-8'), ('NVIDIA_REQUIRE_CUDA', 'cuda>=11.8 brand=tesla,driver>=470,driver<471 brand=unknown,driver>=470,driver<471 brand=nvidia,driver>=470,driver<471 brand=nvidiartx,driver>=470,driver<471 brand=geforce,driver>=470,driver<471 brand=geforcertx,driver>=470,driver<471 brand=quadro,driver>=470,driver<471 brand=quadrortx,driver>=470,driver<471 brand=titan,driver>=470,driver<471 brand=titanrtx,driver>=470,driver<471'), ('_', '/usr/bin/colcon'), ('ROS_VERSION', '2'), ('NV_LIBCUSPARSE_VERSION', '11.7.5.86-1'), ('NVIDIA_DRIVER_CAPABILITIES', 'graphics,utility,compute'), ('NV_CUDA_LIB_VERSION', '11.8.0-1'), ('NV_LIBNCCL_PACKAGE_NAME', 'libnccl2'), ('TERM', 'xterm'), ('NV_CUDA_CUDART_VERSION', '11.8.89-1'), ('QT_X11_NO_MITSHM', '1'), ('PATH', '/opt/ros/humble/bin:/usr/local/nvidia/bin:/usr/local/cuda/bin:/usr/local/sbin:/usr/local/bin:/usr/sbin:/usr/bin:/sbin:/bin'), ('NV_LIBCUBLAS_PACKAGE', 'libcublas-11-8=11.11.3.6-1'), ('NVARCH', 'x86_64'), ('DISPLAY', ':1'), ('NV_LIBNCCL_PACKAGE', 'libnccl2=2.15.5-1+cuda11.8'), ('NVIDIA_PRODUCT_NAME', 'CUDA'), ('LANG', 'en_US.UTF-8'), ('XAUTHORITY', '/tmp/.docker.xauth'), ('LS_COLORS', 'rs=0:di=01;34:ln=01;36:mh=00:pi=40;33:so=01;35:do=01;35:bd=40;33;01:cd=40;33;01:or=40;31;01:mi=00:su=37;41:sg=30;43:ca=30;41:tw=30;42:ow=34;42:st=37;44:ex=01;32:*.tar=01;31:*.tgz=01;31:*.arc=01;31:*.arj=01;31:*.taz=01;31:*.lha=01;31:*.lz4=01;31:*.lzh=01;31:*.lzma=01;31:*.tlz=01;31:*.txz=01;31:*.tzo=01;31:*.t7z=01;31:*.zip=01;31:*.z=01;31:*.dz=01;31:*.gz=01;31:*.lrz=01;31:*.lz=01;31:*.lzo=01;31:*.xz=01;31:*.zst=01;31:*.tzst=01;31:*.bz2=01;31:*.bz=01;31:*.tbz=01;31:*.tbz2=01;31:*.tz=01;31:*.deb=01;31:*.rpm=01;31:*.jar=01;31:*.war=01;31:*.ear=01;31:*.sar=01;31:*.rar=01;31:*.alz=01;31:*.ace=01;31:*.zoo=01;31:*.cpio=01;31:*.7z=01;31:*.rz=01;31:*.cab=01;31:*.wim=01;31:*.swm=01;31:*.dwm=01;31:*.esd=01;31:*.jpg=01;35:*.jpeg=01;35:*.mjpg=01;35:*.mjpeg=01;35:*.gif=01;35:*.bmp=01;35:*.pbm=01;35:*.pgm=01;35:*.ppm=01;35:*.tga=01;35:*.xbm=01;35:*.xpm=01;35:*.tif=01;35:*.tiff=01;35:*.png=01;35:*.svg=01;35:*.svgz=01;35:*.mng=01;35:*.pcx=01;35:*.mov=01;35:*.mpg=01;35:*.mpeg=01;35:*.m2v=01;35:*.mkv=01;35:*.webm=01;35:*.webp=01;35:*.ogm=01;35:*.mp4=01;35:*.m4v=01;35:*.mp4v=01;35:*.vob=01;35:*.qt=01;35:*.nuv=01;35:*.wmv=01;35:*.asf=01;35:*.rm=01;35:*.rmvb=01;35:*.flc=01;35:*.avi=01;35:*.fli=01;35:*.flv=01;35:*.gl=01;35:*.dl=01;35:*.xcf=01;35:*.xwd=01;35:*.yuv=01;35:*.cgm=01;35:*.emf=01;35:*.ogv=01;35:*.ogx=01;35:*.aac=00;36:*.au=00;36:*.flac=00;36:*.m4a=00;36:*.mid=00;36:*.midi=00;36:*.mka=00;36:*.mp3=00;36:*.mpc=00;36:*.ogg=00;36:*.ra=00;36:*.wav=00;36:*.oga=00;36:*.opus=00;36:*.spx=00;36:*.xspf=00;36:'), ('AMENT_PREFIX_PATH', '/root/common/indy-ros2/install/indy_description:/opt/ros/humble'), ('DEBIAN_FRONTEND', 'noninteractive'), ('NV_NVTX_VERSION', '11.8.86-1'), ('NV_LIBNPP_VERSION', '11.8.0.86-1'), ('PWD', '/root/common/indy-ros2/build/indy_gazebo'), ('PYTHONPATH', '/opt/ros/humble/local/lib/python3.10/dist-packages:/opt/ros/humble/lib/python3.10/site-packages'), ('NVIDIA_VISIBLE_DEVICES', 'all'), ('NCCL_VERSION', '2.15.5-1'), ('DEBCONF_NOWARNINGS', 'yes'), ('COLCON', '1'), ('CMAKE_PREFIX_PATH', '/root/common/indy-ros2/install/indy_description:/opt/ros/humble')]), 'shell': False}
[1.350635] (indy_driver) StdoutLine: {'line': b'-- Found ament_lint_auto: 0.12.11 (/opt/ros/humble/share/ament_lint_auto/cmake)\n'}
[1.354041] (indy_moveit) StdoutLine: {'line': b'-- Found rosidl_generator_c: 3.1.5 (/opt/ros/humble/share/rosidl_generator_c/cmake)\n'}
[1.359732] (indy_gazebo) CommandEnded: {'returncode': 0}
[1.364242] (indy_moveit) StdoutLine: {'line': b'-- Found rosidl_adapter: 3.1.5 (/opt/ros/humble/share/rosidl_adapter/cmake)\n'}
[1.373169] (indy_gazebo) JobProgress: {'identifier': 'indy_gazebo', 'progress': 'install'}
[1.374095] (indy_gazebo) Command: {'cmd': ['/usr/bin/cmake', '--install', '/root/common/indy-ros2/build/indy_gazebo'], 'cwd': '/root/common/indy-ros2/build/indy_gazebo', 'env': OrderedDict([('NV_LIBCUBLAS_VERSION', '11.11.3.6-1'), ('NV_CUDA_COMPAT_PACKAGE', 'cuda-compat-11-8'), ('HOSTNAME', 'idim'), ('SHLVL', '1'), ('LD_LIBRARY_PATH', '/opt/ros/humble/lib'), ('NV_LIBNCCL_PACKAGE_VERSION', '2.15.5-1'), ('AMENT_CPPCHECK_ALLOW_SLOW_VERSIONS', '1'), ('HOME', '/root'), ('OLDPWD', '/root/common/indy-ros2/src'), ('ROS_PYTHON_VERSION', '3'), ('PS1', '\\[\x1b[0;33m\\]idim \\W $ \\[\x1b[0m\\]'), ('NV_LIBNPP_PACKAGE', 'libnpp-11-8=11.8.0.86-1'), ('CUDA_VERSION', '11.8.0'), ('COLCON_PREFIX_PATH', '/opt/ros/humble'), ('ROS_DISTRO', 'humble'), ('NV_LIBCUBLAS_PACKAGE_NAME', 'libcublas-11-8'), ('NVIDIA_REQUIRE_CUDA', 'cuda>=11.8 brand=tesla,driver>=470,driver<471 brand=unknown,driver>=470,driver<471 brand=nvidia,driver>=470,driver<471 brand=nvidiartx,driver>=470,driver<471 brand=geforce,driver>=470,driver<471 brand=geforcertx,driver>=470,driver<471 brand=quadro,driver>=470,driver<471 brand=quadrortx,driver>=470,driver<471 brand=titan,driver>=470,driver<471 brand=titanrtx,driver>=470,driver<471'), ('_', '/usr/bin/colcon'), ('ROS_VERSION', '2'), ('NV_LIBCUSPARSE_VERSION', '11.7.5.86-1'), ('NVIDIA_DRIVER_CAPABILITIES', 'graphics,utility,compute'), ('NV_CUDA_LIB_VERSION', '11.8.0-1'), ('NV_LIBNCCL_PACKAGE_NAME', 'libnccl2'), ('TERM', 'xterm'), ('NV_CUDA_CUDART_VERSION', '11.8.89-1'), ('QT_X11_NO_MITSHM', '1'), ('PATH', '/opt/ros/humble/bin:/usr/local/nvidia/bin:/usr/local/cuda/bin:/usr/local/sbin:/usr/local/bin:/usr/sbin:/usr/bin:/sbin:/bin'), ('NV_LIBCUBLAS_PACKAGE', 'libcublas-11-8=11.11.3.6-1'), ('NVARCH', 'x86_64'), ('DISPLAY', ':1'), ('NV_LIBNCCL_PACKAGE', 'libnccl2=2.15.5-1+cuda11.8'), ('NVIDIA_PRODUCT_NAME', 'CUDA'), ('LANG', 'en_US.UTF-8'), ('XAUTHORITY', '/tmp/.docker.xauth'), ('LS_COLORS', 'rs=0:di=01;34:ln=01;36:mh=00:pi=40;33:so=01;35:do=01;35:bd=40;33;01:cd=40;33;01:or=40;31;01:mi=00:su=37;41:sg=30;43:ca=30;41:tw=30;42:ow=34;42:st=37;44:ex=01;32:*.tar=01;31:*.tgz=01;31:*.arc=01;31:*.arj=01;31:*.taz=01;31:*.lha=01;31:*.lz4=01;31:*.lzh=01;31:*.lzma=01;31:*.tlz=01;31:*.txz=01;31:*.tzo=01;31:*.t7z=01;31:*.zip=01;31:*.z=01;31:*.dz=01;31:*.gz=01;31:*.lrz=01;31:*.lz=01;31:*.lzo=01;31:*.xz=01;31:*.zst=01;31:*.tzst=01;31:*.bz2=01;31:*.bz=01;31:*.tbz=01;31:*.tbz2=01;31:*.tz=01;31:*.deb=01;31:*.rpm=01;31:*.jar=01;31:*.war=01;31:*.ear=01;31:*.sar=01;31:*.rar=01;31:*.alz=01;31:*.ace=01;31:*.zoo=01;31:*.cpio=01;31:*.7z=01;31:*.rz=01;31:*.cab=01;31:*.wim=01;31:*.swm=01;31:*.dwm=01;31:*.esd=01;31:*.jpg=01;35:*.jpeg=01;35:*.mjpg=01;35:*.mjpeg=01;35:*.gif=01;35:*.bmp=01;35:*.pbm=01;35:*.pgm=01;35:*.ppm=01;35:*.tga=01;35:*.xbm=01;35:*.xpm=01;35:*.tif=01;35:*.tiff=01;35:*.png=01;35:*.svg=01;35:*.svgz=01;35:*.mng=01;35:*.pcx=01;35:*.mov=01;35:*.mpg=01;35:*.mpeg=01;35:*.m2v=01;35:*.mkv=01;35:*.webm=01;35:*.webp=01;35:*.ogm=01;35:*.mp4=01;35:*.m4v=01;35:*.mp4v=01;35:*.vob=01;35:*.qt=01;35:*.nuv=01;35:*.wmv=01;35:*.asf=01;35:*.rm=01;35:*.rmvb=01;35:*.flc=01;35:*.avi=01;35:*.fli=01;35:*.flv=01;35:*.gl=01;35:*.dl=01;35:*.xcf=01;35:*.xwd=01;35:*.yuv=01;35:*.cgm=01;35:*.emf=01;35:*.ogv=01;35:*.ogx=01;35:*.aac=00;36:*.au=00;36:*.flac=00;36:*.m4a=00;36:*.mid=00;36:*.midi=00;36:*.mka=00;36:*.mp3=00;36:*.mpc=00;36:*.ogg=00;36:*.ra=00;36:*.wav=00;36:*.oga=00;36:*.opus=00;36:*.spx=00;36:*.xspf=00;36:'), ('AMENT_PREFIX_PATH', '/root/common/indy-ros2/install/indy_description:/opt/ros/humble'), ('DEBIAN_FRONTEND', 'noninteractive'), ('NV_NVTX_VERSION', '11.8.86-1'), ('NV_LIBNPP_VERSION', '11.8.0.86-1'), ('PWD', '/root/common/indy-ros2/build/indy_gazebo'), ('PYTHONPATH', '/opt/ros/humble/local/lib/python3.10/dist-packages:/opt/ros/humble/lib/python3.10/site-packages'), ('NVIDIA_VISIBLE_DEVICES', 'all'), ('NCCL_VERSION', '2.15.5-1'), ('DEBCONF_NOWARNINGS', 'yes'), ('COLCON', '1'), ('CMAKE_PREFIX_PATH', '/root/common/indy-ros2/install/indy_description:/opt/ros/humble')]), 'shell': False}
[1.376347] (indy_gazebo) StdoutLine: {'line': b'-- Install configuration: ""\n'}
[1.376482] (indy_gazebo) StdoutLine: {'line': b'-- Installing: /root/common/indy-ros2/install/indy_gazebo/share/indy_gazebo//launch\n'}
[1.376580] (indy_gazebo) StdoutLine: {'line': b'-- Installing: /root/common/indy-ros2/install/indy_gazebo/share/indy_gazebo//launch/indy_gazebo.launch.py\n'}
[1.376672] (indy_gazebo) StdoutLine: {'line': b'-- Installing: /root/common/indy-ros2/install/indy_gazebo/share/indy_gazebo//controller\n'}
[1.376832] (indy_gazebo) StdoutLine: {'line': b'-- Installing: /root/common/indy-ros2/install/indy_gazebo/share/indy_gazebo//controller/indy_controllers_7dof.yaml\n'}
[1.376890] (indy_gazebo) StdoutLine: {'line': b'-- Installing: /root/common/indy-ros2/install/indy_gazebo/share/indy_gazebo//controller/indy_controllers_6dof.yaml\n'}
[1.377012] (indy_moveit) StdoutLine: {'line': b'-- Found rosidl_generator_cpp: 3.1.5 (/opt/ros/humble/share/rosidl_generator_cpp/cmake)\n'}
[1.377113] (indy_gazebo) StdoutLine: {'line': b'-- Installing: /root/common/indy-ros2/install/indy_gazebo/share/ament_index/resource_index/package_run_dependencies/indy_gazebo\n'}
[1.377167] (indy_gazebo) StdoutLine: {'line': b'-- Installing: /root/common/indy-ros2/install/indy_gazebo/share/ament_index/resource_index/parent_prefix_path/indy_gazebo\n'}
[1.377254] (indy_gazebo) StdoutLine: {'line': b'-- Installing: /root/common/indy-ros2/install/indy_gazebo/share/indy_gazebo/environment/ament_prefix_path.sh\n'}
[1.377347] (indy_gazebo) StdoutLine: {'line': b'-- Installing: /root/common/indy-ros2/install/indy_gazebo/share/indy_gazebo/environment/ament_prefix_path.dsv\n'}
[1.377437] (indy_gazebo) StdoutLine: {'line': b'-- Installing: /root/common/indy-ros2/install/indy_gazebo/share/indy_gazebo/environment/path.sh\n'}
[1.377534] (indy_gazebo) StdoutLine: {'line': b'-- Installing: /root/common/indy-ros2/install/indy_gazebo/share/indy_gazebo/environment/path.dsv\n'}
[1.377652] (indy_gazebo) StdoutLine: {'line': b'-- Installing: /root/common/indy-ros2/install/indy_gazebo/share/indy_gazebo/local_setup.bash\n'}
[1.377759] (indy_gazebo) StdoutLine: {'line': b'-- Installing: /root/common/indy-ros2/install/indy_gazebo/share/indy_gazebo/local_setup.sh\n'}
[1.377864] (indy_gazebo) StdoutLine: {'line': b'-- Installing: /root/common/indy-ros2/install/indy_gazebo/share/indy_gazebo/local_setup.zsh\n'}
[1.377974] (indy_gazebo) StdoutLine: {'line': b'-- Installing: /root/common/indy-ros2/install/indy_gazebo/share/indy_gazebo/local_setup.dsv\n'}
[1.378079] (indy_gazebo) StdoutLine: {'line': b'-- Installing: /root/common/indy-ros2/install/indy_gazebo/share/indy_gazebo/package.dsv\n'}
[1.378184] (indy_gazebo) StdoutLine: {'line': b'-- Installing: /root/common/indy-ros2/install/indy_gazebo/share/ament_index/resource_index/packages/indy_gazebo\n'}
[1.378293] (indy_gazebo) StdoutLine: {'line': b'-- Installing: /root/common/indy-ros2/install/indy_gazebo/share/indy_gazebo/cmake/indy_gazeboConfig.cmake\n'}
[1.378398] (indy_gazebo) StdoutLine: {'line': b'-- Installing: /root/common/indy-ros2/install/indy_gazebo/share/indy_gazebo/cmake/indy_gazeboConfig-version.cmake\n'}
[1.378502] (indy_gazebo) StdoutLine: {'line': b'-- Installing: /root/common/indy-ros2/install/indy_gazebo/share/indy_gazebo/package.xml\n'}
[1.379545] (indy_gazebo) CommandEnded: {'returncode': 0}
[1.398512] (indy_moveit) StdoutLine: {'line': b'-- Using all available rosidl_typesupport_c: rosidl_typesupport_fastrtps_c;rosidl_typesupport_introspection_c\n'}
[1.400835] (-) TimerEvent: {}
[1.405035] (indy_gazebo) JobEnded: {'identifier': 'indy_gazebo', 'rc': 0}
[1.424912] (indy_moveit) StdoutLine: {'line': b'-- Using all available rosidl_typesupport_cpp: rosidl_typesupport_fastrtps_cpp;rosidl_typesupport_introspection_cpp\n'}
[1.438928] (indy_driver) StdoutLine: {'line': b"-- Added test 'copyright' to check source files copyright and LICENSE\n"}
[1.441698] (indy_driver) StdoutLine: {'line': b"-- Added test 'flake8' to check Python code syntax and style conventions\n"}
[1.442372] (indy_driver) StdoutLine: {'line': b"-- Added test 'lint_cmake' to check CMake code style\n"}
[1.442866] (indy_driver) StdoutLine: {'line': b"-- Added test 'pep257' to check Python code against some of the docstring style conventions in PEP 257\n"}
[1.444008] (indy_driver) StdoutLine: {'line': b"-- Added test 'xmllint' to check XML markup files\n"}
[1.445186] (indy_driver) StdoutLine: {'line': b'-- Configuring done (0.7s)\n'}
[1.450195] (indy_driver) StdoutLine: {'line': b'-- Generating done (0.0s)\n'}
[1.450507] (indy_driver) StdoutLine: {'line': b'-- Build files have been written to: /root/common/indy-ros2/build/indy_driver\n'}
[1.453760] (indy_driver) CommandEnded: {'returncode': 0}
[1.454287] (indy_driver) JobProgress: {'identifier': 'indy_driver', 'progress': 'build'}
[1.454563] (indy_driver) Command: {'cmd': ['/usr/bin/cmake', '--build', '/root/common/indy-ros2/build/indy_driver', '--', '-j12', '-l12'], 'cwd': '/root/common/indy-ros2/build/indy_driver', 'env': OrderedDict([('NV_LIBCUBLAS_VERSION', '11.11.3.6-1'), ('NV_CUDA_COMPAT_PACKAGE', 'cuda-compat-11-8'), ('HOSTNAME', 'idim'), ('SHLVL', '1'), ('LD_LIBRARY_PATH', '/opt/ros/humble/lib'), ('NV_LIBNCCL_PACKAGE_VERSION', '2.15.5-1'), ('AMENT_CPPCHECK_ALLOW_SLOW_VERSIONS', '1'), ('HOME', '/root'), ('OLDPWD', '/root/common/indy-ros2/src'), ('ROS_PYTHON_VERSION', '3'), ('PS1', '\\[\x1b[0;33m\\]idim \\W $ \\[\x1b[0m\\]'), ('NV_LIBNPP_PACKAGE', 'libnpp-11-8=11.8.0.86-1'), ('CUDA_VERSION', '11.8.0'), ('COLCON_PREFIX_PATH', '/opt/ros/humble'), ('ROS_DISTRO', 'humble'), ('NV_LIBCUBLAS_PACKAGE_NAME', 'libcublas-11-8'), ('NVIDIA_REQUIRE_CUDA', 'cuda>=11.8 brand=tesla,driver>=470,driver<471 brand=unknown,driver>=470,driver<471 brand=nvidia,driver>=470,driver<471 brand=nvidiartx,driver>=470,driver<471 brand=geforce,driver>=470,driver<471 brand=geforcertx,driver>=470,driver<471 brand=quadro,driver>=470,driver<471 brand=quadrortx,driver>=470,driver<471 brand=titan,driver>=470,driver<471 brand=titanrtx,driver>=470,driver<471'), ('_', '/usr/bin/colcon'), ('ROS_VERSION', '2'), ('NV_LIBCUSPARSE_VERSION', '11.7.5.86-1'), ('NVIDIA_DRIVER_CAPABILITIES', 'graphics,utility,compute'), ('NV_CUDA_LIB_VERSION', '11.8.0-1'), ('NV_LIBNCCL_PACKAGE_NAME', 'libnccl2'), ('TERM', 'xterm'), ('NV_CUDA_CUDART_VERSION', '11.8.89-1'), ('QT_X11_NO_MITSHM', '1'), ('PATH', '/opt/ros/humble/bin:/usr/local/nvidia/bin:/usr/local/cuda/bin:/usr/local/sbin:/usr/local/bin:/usr/sbin:/usr/bin:/sbin:/bin'), ('NV_LIBCUBLAS_PACKAGE', 'libcublas-11-8=11.11.3.6-1'), ('NVARCH', 'x86_64'), ('DISPLAY', ':1'), ('NV_LIBNCCL_PACKAGE', 'libnccl2=2.15.5-1+cuda11.8'), ('NVIDIA_PRODUCT_NAME', 'CUDA'), ('LANG', 'en_US.UTF-8'), ('XAUTHORITY', '/tmp/.docker.xauth'), ('LS_COLORS', 'rs=0:di=01;34:ln=01;36:mh=00:pi=40;33:so=01;35:do=01;35:bd=40;33;01:cd=40;33;01:or=40;31;01:mi=00:su=37;41:sg=30;43:ca=30;41:tw=30;42:ow=34;42:st=37;44:ex=01;32:*.tar=01;31:*.tgz=01;31:*.arc=01;31:*.arj=01;31:*.taz=01;31:*.lha=01;31:*.lz4=01;31:*.lzh=01;31:*.lzma=01;31:*.tlz=01;31:*.txz=01;31:*.tzo=01;31:*.t7z=01;31:*.zip=01;31:*.z=01;31:*.dz=01;31:*.gz=01;31:*.lrz=01;31:*.lz=01;31:*.lzo=01;31:*.xz=01;31:*.zst=01;31:*.tzst=01;31:*.bz2=01;31:*.bz=01;31:*.tbz=01;31:*.tbz2=01;31:*.tz=01;31:*.deb=01;31:*.rpm=01;31:*.jar=01;31:*.war=01;31:*.ear=01;31:*.sar=01;31:*.rar=01;31:*.alz=01;31:*.ace=01;31:*.zoo=01;31:*.cpio=01;31:*.7z=01;31:*.rz=01;31:*.cab=01;31:*.wim=01;31:*.swm=01;31:*.dwm=01;31:*.esd=01;31:*.jpg=01;35:*.jpeg=01;35:*.mjpg=01;35:*.mjpeg=01;35:*.gif=01;35:*.bmp=01;35:*.pbm=01;35:*.pgm=01;35:*.ppm=01;35:*.tga=01;35:*.xbm=01;35:*.xpm=01;35:*.tif=01;35:*.tiff=01;35:*.png=01;35:*.svg=01;35:*.svgz=01;35:*.mng=01;35:*.pcx=01;35:*.mov=01;35:*.mpg=01;35:*.mpeg=01;35:*.m2v=01;35:*.mkv=01;35:*.webm=01;35:*.webp=01;35:*.ogm=01;35:*.mp4=01;35:*.m4v=01;35:*.mp4v=01;35:*.vob=01;35:*.qt=01;35:*.nuv=01;35:*.wmv=01;35:*.asf=01;35:*.rm=01;35:*.rmvb=01;35:*.flc=01;35:*.avi=01;35:*.fli=01;35:*.flv=01;35:*.gl=01;35:*.dl=01;35:*.xcf=01;35:*.xwd=01;35:*.yuv=01;35:*.cgm=01;35:*.emf=01;35:*.ogv=01;35:*.ogx=01;35:*.aac=00;36:*.au=00;36:*.flac=00;36:*.m4a=00;36:*.mid=00;36:*.midi=00;36:*.mka=00;36:*.mp3=00;36:*.mpc=00;36:*.ogg=00;36:*.ra=00;36:*.wav=00;36:*.oga=00;36:*.opus=00;36:*.spx=00;36:*.xspf=00;36:'), ('AMENT_PREFIX_PATH', '/root/common/indy-ros2/install/indy_description:/opt/ros/humble'), ('DEBIAN_FRONTEND', 'noninteractive'), ('NV_NVTX_VERSION', '11.8.86-1'), ('NV_LIBNPP_VERSION', '11.8.0.86-1'), ('PWD', '/root/common/indy-ros2/build/indy_driver'), ('PYTHONPATH', '/opt/ros/humble/local/lib/python3.10/dist-packages:/opt/ros/humble/lib/python3.10/site-packages'), ('NVIDIA_VISIBLE_DEVICES', 'all'), ('NCCL_VERSION', '2.15.5-1'), ('DEBCONF_NOWARNINGS', 'yes'), ('COLCON', '1'), ('CMAKE_PREFIX_PATH', '/root/common/indy-ros2/install/indy_description:/opt/ros/humble')]), 'shell': False}
[1.474752] (indy_driver) StdoutLine: {'line': b'Built target ament_cmake_python_copy_indy_driver\n'}
[1.500906] (-) TimerEvent: {}
[1.513568] (indy_moveit) StdoutLine: {'line': b'-- Found rmw_implementation_cmake: 6.1.2 (/opt/ros/humble/share/rmw_implementation_cmake/cmake)\n'}
[1.517873] (indy_moveit) StdoutLine: {'line': b'-- Found rmw_fastrtps_cpp: 6.2.6 (/opt/ros/humble/share/rmw_fastrtps_cpp/cmake)\n'}
[1.600988] (-) TimerEvent: {}
[1.613725] (indy_moveit) StdoutLine: {'line': b'-- Found OpenSSL: /usr/lib/x86_64-linux-gnu/libcrypto.so (found version "3.0.2")\n'}
[1.651176] (indy_moveit) StdoutLine: {'line': b'-- Found FastRTPS: /opt/ros/humble/include\n'}
[1.693385] (indy_driver) StdoutLine: {'line': b'running egg_info\n'}
[1.693859] (indy_driver) StdoutLine: {'line': b'creating indy_driver.egg-info\n'}
[1.694037] (indy_driver) StdoutLine: {'line': b'writing indy_driver.egg-info/PKG-INFO\n'}
[1.694260] (indy_driver) StdoutLine: {'line': b'writing dependency_links to indy_driver.egg-info/dependency_links.txt\n'}
[1.694498] (indy_driver) StdoutLine: {'line': b'writing top-level names to indy_driver.egg-info/top_level.txt\n'}
[1.694658] (indy_driver) StdoutLine: {'line': b"writing manifest file 'indy_driver.egg-info/SOURCES.txt'\n"}
[1.696013] (indy_driver) StdoutLine: {'line': b"reading manifest file 'indy_driver.egg-info/SOURCES.txt'\n"}
[1.696521] (indy_driver) StdoutLine: {'line': b"writing manifest file 'indy_driver.egg-info/SOURCES.txt'\n"}
[1.701088] (-) TimerEvent: {}
[1.713256] (indy_driver) StdoutLine: {'line': b'Built target ament_cmake_python_build_indy_driver_egg\n'}
[1.713865] (indy_moveit) StdoutLine: {'line': b"-- Using RMW implementation 'rmw_fastrtps_cpp' as default\n"}
[1.717231] (indy_driver) CommandEnded: {'returncode': 0}
[1.727090] (indy_interfaces) StdoutLine: {'line': b'-- Using all available rosidl_typesupport_cpp: rosidl_typesupport_fastrtps_cpp;rosidl_typesupport_introspection_cpp\n'}
[1.729350] (indy_interfaces) StderrLine: {'line': b'\x1b[33mCMake Warning (dev) at /opt/ros/humble/share/rosidl_generator_py/cmake/rosidl_generator_py_generate_interfaces.cmake:20 (find_package):\n'}
[1.729451] (indy_interfaces) StderrLine: {'line': b'  Policy CMP0148 is not set: The FindPythonInterp and FindPythonLibs modules\n'}
[1.729504] (indy_interfaces) StderrLine: {'line': b'  are removed.  Run "cmake --help-policy CMP0148" for policy details.  Use\n'}
[1.729553] (indy_interfaces) StderrLine: {'line': b'  the cmake_policy command to set the policy and suppress this warning.\n'}
[1.729600] (indy_interfaces) StderrLine: {'line': b'\n'}
[1.729647] (indy_interfaces) StderrLine: {'line': b'Call Stack (most recent call first):\n'}
[1.729693] (indy_interfaces) StderrLine: {'line': b'  /opt/ros/humble/share/ament_cmake_core/cmake/core/ament_execute_extensions.cmake:48 (include)\n'}
[1.729739] (indy_interfaces) StderrLine: {'line': b'  /opt/ros/humble/share/rosidl_cmake/cmake/rosidl_generate_interfaces.cmake:286 (ament_execute_extensions)\n'}
[1.729784] (indy_interfaces) StderrLine: {'line': b'  CMakeLists.txt:16 (rosidl_generate_interfaces)\n'}
[1.729830] (indy_interfaces) StderrLine: {'line': b'This warning is for project developers.  Use -Wno-dev to suppress it.\n'}
[1.729875] (indy_interfaces) StderrLine: {'line': b'\x1b[0m\n'}
[1.730716] (indy_driver) JobProgress: {'identifier': 'indy_driver', 'progress': 'install'}
[1.730963] (indy_driver) Command: {'cmd': ['/usr/bin/cmake', '--install', '/root/common/indy-ros2/build/indy_driver'], 'cwd': '/root/common/indy-ros2/build/indy_driver', 'env': OrderedDict([('NV_LIBCUBLAS_VERSION', '11.11.3.6-1'), ('NV_CUDA_COMPAT_PACKAGE', 'cuda-compat-11-8'), ('HOSTNAME', 'idim'), ('SHLVL', '1'), ('LD_LIBRARY_PATH', '/opt/ros/humble/lib'), ('NV_LIBNCCL_PACKAGE_VERSION', '2.15.5-1'), ('AMENT_CPPCHECK_ALLOW_SLOW_VERSIONS', '1'), ('HOME', '/root'), ('OLDPWD', '/root/common/indy-ros2/src'), ('ROS_PYTHON_VERSION', '3'), ('PS1', '\\[\x1b[0;33m\\]idim \\W $ \\[\x1b[0m\\]'), ('NV_LIBNPP_PACKAGE', 'libnpp-11-8=11.8.0.86-1'), ('CUDA_VERSION', '11.8.0'), ('COLCON_PREFIX_PATH', '/opt/ros/humble'), ('ROS_DISTRO', 'humble'), ('NV_LIBCUBLAS_PACKAGE_NAME', 'libcublas-11-8'), ('NVIDIA_REQUIRE_CUDA', 'cuda>=11.8 brand=tesla,driver>=470,driver<471 brand=unknown,driver>=470,driver<471 brand=nvidia,driver>=470,driver<471 brand=nvidiartx,driver>=470,driver<471 brand=geforce,driver>=470,driver<471 brand=geforcertx,driver>=470,driver<471 brand=quadro,driver>=470,driver<471 brand=quadrortx,driver>=470,driver<471 brand=titan,driver>=470,driver<471 brand=titanrtx,driver>=470,driver<471'), ('_', '/usr/bin/colcon'), ('ROS_VERSION', '2'), ('NV_LIBCUSPARSE_VERSION', '11.7.5.86-1'), ('NVIDIA_DRIVER_CAPABILITIES', 'graphics,utility,compute'), ('NV_CUDA_LIB_VERSION', '11.8.0-1'), ('NV_LIBNCCL_PACKAGE_NAME', 'libnccl2'), ('TERM', 'xterm'), ('NV_CUDA_CUDART_VERSION', '11.8.89-1'), ('QT_X11_NO_MITSHM', '1'), ('PATH', '/opt/ros/humble/bin:/usr/local/nvidia/bin:/usr/local/cuda/bin:/usr/local/sbin:/usr/local/bin:/usr/sbin:/usr/bin:/sbin:/bin'), ('NV_LIBCUBLAS_PACKAGE', 'libcublas-11-8=11.11.3.6-1'), ('NVARCH', 'x86_64'), ('DISPLAY', ':1'), ('NV_LIBNCCL_PACKAGE', 'libnccl2=2.15.5-1+cuda11.8'), ('NVIDIA_PRODUCT_NAME', 'CUDA'), ('LANG', 'en_US.UTF-8'), ('XAUTHORITY', '/tmp/.docker.xauth'), ('LS_COLORS', 'rs=0:di=01;34:ln=01;36:mh=00:pi=40;33:so=01;35:do=01;35:bd=40;33;01:cd=40;33;01:or=40;31;01:mi=00:su=37;41:sg=30;43:ca=30;41:tw=30;42:ow=34;42:st=37;44:ex=01;32:*.tar=01;31:*.tgz=01;31:*.arc=01;31:*.arj=01;31:*.taz=01;31:*.lha=01;31:*.lz4=01;31:*.lzh=01;31:*.lzma=01;31:*.tlz=01;31:*.txz=01;31:*.tzo=01;31:*.t7z=01;31:*.zip=01;31:*.z=01;31:*.dz=01;31:*.gz=01;31:*.lrz=01;31:*.lz=01;31:*.lzo=01;31:*.xz=01;31:*.zst=01;31:*.tzst=01;31:*.bz2=01;31:*.bz=01;31:*.tbz=01;31:*.tbz2=01;31:*.tz=01;31:*.deb=01;31:*.rpm=01;31:*.jar=01;31:*.war=01;31:*.ear=01;31:*.sar=01;31:*.rar=01;31:*.alz=01;31:*.ace=01;31:*.zoo=01;31:*.cpio=01;31:*.7z=01;31:*.rz=01;31:*.cab=01;31:*.wim=01;31:*.swm=01;31:*.dwm=01;31:*.esd=01;31:*.jpg=01;35:*.jpeg=01;35:*.mjpg=01;35:*.mjpeg=01;35:*.gif=01;35:*.bmp=01;35:*.pbm=01;35:*.pgm=01;35:*.ppm=01;35:*.tga=01;35:*.xbm=01;35:*.xpm=01;35:*.tif=01;35:*.tiff=01;35:*.png=01;35:*.svg=01;35:*.svgz=01;35:*.mng=01;35:*.pcx=01;35:*.mov=01;35:*.mpg=01;35:*.mpeg=01;35:*.m2v=01;35:*.mkv=01;35:*.webm=01;35:*.webp=01;35:*.ogm=01;35:*.mp4=01;35:*.m4v=01;35:*.mp4v=01;35:*.vob=01;35:*.qt=01;35:*.nuv=01;35:*.wmv=01;35:*.asf=01;35:*.rm=01;35:*.rmvb=01;35:*.flc=01;35:*.avi=01;35:*.fli=01;35:*.flv=01;35:*.gl=01;35:*.dl=01;35:*.xcf=01;35:*.xwd=01;35:*.yuv=01;35:*.cgm=01;35:*.emf=01;35:*.ogv=01;35:*.ogx=01;35:*.aac=00;36:*.au=00;36:*.flac=00;36:*.m4a=00;36:*.mid=00;36:*.midi=00;36:*.mka=00;36:*.mp3=00;36:*.mpc=00;36:*.ogg=00;36:*.ra=00;36:*.wav=00;36:*.oga=00;36:*.opus=00;36:*.spx=00;36:*.xspf=00;36:'), ('AMENT_PREFIX_PATH', '/root/common/indy-ros2/install/indy_description:/opt/ros/humble'), ('DEBIAN_FRONTEND', 'noninteractive'), ('NV_NVTX_VERSION', '11.8.86-1'), ('NV_LIBNPP_VERSION', '11.8.0.86-1'), ('PWD', '/root/common/indy-ros2/build/indy_driver'), ('PYTHONPATH', '/opt/ros/humble/local/lib/python3.10/dist-packages:/opt/ros/humble/lib/python3.10/site-packages'), ('NVIDIA_VISIBLE_DEVICES', 'all'), ('NCCL_VERSION', '2.15.5-1'), ('DEBCONF_NOWARNINGS', 'yes'), ('COLCON', '1'), ('CMAKE_PREFIX_PATH', '/root/common/indy-ros2/install/indy_description:/opt/ros/humble')]), 'shell': False}
[1.732531] (indy_moveit) StdoutLine: {'line': b'-- Performing Test CMAKE_HAVE_LIBC_PTHREAD\n'}
[1.734703] (indy_driver) StdoutLine: {'line': b'-- Install configuration: ""\n'}
[1.735061] (indy_driver) StdoutLine: {'line': b'-- Installing: /root/common/indy-ros2/install/indy_driver/share/indy_driver//launch\n'}
[1.735267] (indy_driver) StdoutLine: {'line': b'-- Installing: /root/common/indy-ros2/install/indy_driver/share/indy_driver//launch/indy_bringup.launch.py\n'}
[1.735347] (indy_driver) StdoutLine: {'line': b'-- Installing: /root/common/indy-ros2/install/indy_driver/share/indy_driver//controller\n'}
[1.735408] (indy_driver) StdoutLine: {'line': b'-- Installing: /root/common/indy-ros2/install/indy_driver/share/indy_driver//controller/indy_controllers_7dof.yaml\n'}
[1.735490] (indy_driver) StdoutLine: {'line': b'-- Installing: /root/common/indy-ros2/install/indy_driver/share/indy_driver//controller/indy_controllers_6dof.yaml\n'}
[1.735600] (indy_driver) StdoutLine: {'line': b'-- Installing: /root/common/indy-ros2/install/indy_driver/lib/indy_driver/indy_driver.py\n'}
[1.735672] (indy_driver) StdoutLine: {'line': b'-- Installing: /root/common/indy-ros2/install/indy_driver/lib/indy_driver/servo_joy_input.py\n'}
[1.735777] (indy_driver) StdoutLine: {'line': b'-- Installing: /root/common/indy-ros2/install/indy_driver/lib/indy_driver/servo_keyboard_input.py\n'}
[1.735827] (indy_driver) StdoutLine: {'line': b'-- Installing: /root/common/indy-ros2/install/indy_driver/lib/indy_driver/indy_define.py\n'}
[1.735940] (indy_driver) StdoutLine: {'line': b'-- Installing: /root/common/indy-ros2/install/indy_driver/share/indy_driver/environment/pythonpath.sh\n'}
[1.736057] (indy_driver) StdoutLine: {'line': b'-- Installing: /root/common/indy-ros2/install/indy_driver/share/indy_driver/environment/pythonpath.dsv\n'}
[1.736120] (indy_driver) StdoutLine: {'line': b'-- Installing: /root/common/indy-ros2/install/indy_driver/local/lib/python3.10/dist-packages/indy_driver-1.0.0-py3.10.egg-info\n'}
[1.736213] (indy_driver) StdoutLine: {'line': b'-- Installing: /root/common/indy-ros2/install/indy_driver/local/lib/python3.10/dist-packages/indy_driver-1.0.0-py3.10.egg-info/SOURCES.txt\n'}
[1.736295] (indy_driver) StdoutLine: {'line': b'-- Installing: /root/common/indy-ros2/install/indy_driver/local/lib/python3.10/dist-packages/indy_driver-1.0.0-py3.10.egg-info/PKG-INFO\n'}
[1.736375] (indy_driver) StdoutLine: {'line': b'-- Installing: /root/common/indy-ros2/install/indy_driver/local/lib/python3.10/dist-packages/indy_driver-1.0.0-py3.10.egg-info/dependency_links.txt\n'}
[1.736452] (indy_driver) StdoutLine: {'line': b'-- Installing: /root/common/indy-ros2/install/indy_driver/local/lib/python3.10/dist-packages/indy_driver-1.0.0-py3.10.egg-info/top_level.txt\n'}
[1.736547] (indy_driver) StdoutLine: {'line': b'-- Installing: /root/common/indy-ros2/install/indy_driver/local/lib/python3.10/dist-packages/indy_driver\n'}
[1.736622] (indy_driver) StdoutLine: {'line': b'-- Installing: /root/common/indy-ros2/install/indy_driver/local/lib/python3.10/dist-packages/indy_driver/__init__.py\n'}
[1.736695] (indy_driver) StdoutLine: {'line': b'-- Installing: /root/common/indy-ros2/install/indy_driver/local/lib/python3.10/dist-packages/indy_driver/indy_driver.py\n'}
[1.736817] (indy_driver) StdoutLine: {'line': b'-- Installing: /root/common/indy-ros2/install/indy_driver/local/lib/python3.10/dist-packages/indy_driver/servo_keyboard_input.py\n'}
[1.736962] (indy_driver) StdoutLine: {'line': b'-- Installing: /root/common/indy-ros2/install/indy_driver/local/lib/python3.10/dist-packages/indy_driver/indy_define.py\n'}
[1.737080] (indy_driver) StdoutLine: {'line': b'-- Installing: /root/common/indy-ros2/install/indy_driver/local/lib/python3.10/dist-packages/indy_driver/servo_joy_input.py\n'}
[1.747935] (indy_interfaces) StdoutLine: {'line': b'-- Found PythonInterp: /usr/bin/python3 (found suitable version "3.10.12", minimum required is "3.6")\n'}
[1.750992] (indy_interfaces) StdoutLine: {'line': b'-- Found python_cmake_module: 0.10.0 (/opt/ros/humble/share/python_cmake_module/cmake)\n'}
[1.751457] (indy_interfaces) StderrLine: {'line': b'\x1b[33mCMake Warning (dev) at /opt/ros/humble/share/python_cmake_module/cmake/Modules/FindPythonExtra.cmake:52 (find_package):\n'}
[1.751537] (indy_interfaces) StderrLine: {'line': b'  Policy CMP0148 is not set: The FindPythonInterp and FindPythonLibs modules\n'}
[1.751590] (indy_interfaces) StderrLine: {'line': b'  are removed.  Run "cmake --help-policy CMP0148" for policy details.  Use\n'}
[1.751638] (indy_interfaces) StderrLine: {'line': b'  the cmake_policy command to set the policy and suppress this warning.\n'}
[1.751685] (indy_interfaces) StderrLine: {'line': b'\n'}
[1.751732] (indy_interfaces) StderrLine: {'line': b'Call Stack (most recent call first):\n'}
[1.751778] (indy_interfaces) StderrLine: {'line': b'  /opt/ros/humble/share/rosidl_generator_py/cmake/rosidl_generator_py_generate_interfaces.cmake:23 (find_package)\n'}
[1.751824] (indy_interfaces) StderrLine: {'line': b'  /opt/ros/humble/share/ament_cmake_core/cmake/core/ament_execute_extensions.cmake:48 (include)\n'}
[1.751870] (indy_interfaces) StderrLine: {'line': b'  /opt/ros/humble/share/rosidl_cmake/cmake/rosidl_generate_interfaces.cmake:286 (ament_execute_extensions)\n'}
[1.751916] (indy_interfaces) StderrLine: {'line': b'  CMakeLists.txt:16 (rosidl_generate_interfaces)\n'}
[1.751969] (indy_interfaces) StderrLine: {'line': b'This warning is for project developers.  Use -Wno-dev to suppress it.\n'}
[1.752015] (indy_interfaces) StderrLine: {'line': b'\x1b[0m\n'}
[1.771942] (indy_interfaces) StderrLine: {'line': b'\x1b[33mCMake Warning (dev) at /opt/ros/humble/share/python_cmake_module/cmake/Modules/FindPythonExtra.cmake:140 (find_package):\n'}
[1.772057] (indy_interfaces) StderrLine: {'line': b'  Policy CMP0148 is not set: The FindPythonInterp and FindPythonLibs modules\n'}
[1.772111] (indy_interfaces) StderrLine: {'line': b'  are removed.  Run "cmake --help-policy CMP0148" for policy details.  Use\n'}
[1.772159] (indy_interfaces) StderrLine: {'line': b'  the cmake_policy command to set the policy and suppress this warning.\n'}
[1.772207] (indy_interfaces) StderrLine: {'line': b'\n'}
[1.772254] (indy_interfaces) StderrLine: {'line': b'Call Stack (most recent call first):\n'}
[1.772302] (indy_interfaces) StderrLine: {'line': b'  /opt/ros/humble/share/rosidl_generator_py/cmake/rosidl_generator_py_generate_interfaces.cmake:23 (find_package)\n'}
[1.772349] (indy_interfaces) StderrLine: {'line': b'  /opt/ros/humble/share/ament_cmake_core/cmake/core/ament_execute_extensions.cmake:48 (include)\n'}
[1.772395] (indy_interfaces) StderrLine: {'line': b'  /opt/ros/humble/share/rosidl_cmake/cmake/rosidl_generate_interfaces.cmake:286 (ament_execute_extensions)\n'}
[1.772447] (indy_interfaces) StderrLine: {'line': b'  CMakeLists.txt:16 (rosidl_generate_interfaces)\n'}
[1.772497] (indy_interfaces) StderrLine: {'line': b'This warning is for project developers.  Use -Wno-dev to suppress it.\n'}
[1.772543] (indy_interfaces) StderrLine: {'line': b'\x1b[0m\n'}
[1.773061] (indy_driver) StdoutLine: {'line': b"Listing '/root/common/indy-ros2/install/indy_driver/local/lib/python3.10/dist-packages/indy_driver'...\n"}
[1.773149] (indy_driver) StdoutLine: {'line': b"Compiling '/root/common/indy-ros2/install/indy_driver/local/lib/python3.10/dist-packages/indy_driver/__init__.py'...\n"}
[1.773206] (indy_driver) StdoutLine: {'line': b"Compiling '/root/common/indy-ros2/install/indy_driver/local/lib/python3.10/dist-packages/indy_driver/indy_define.py'...\n"}
[1.773257] (indy_driver) StdoutLine: {'line': b"Compiling '/root/common/indy-ros2/install/indy_driver/local/lib/python3.10/dist-packages/indy_driver/indy_driver.py'...\n"}
[1.773306] (indy_driver) StdoutLine: {'line': b"Compiling '/root/common/indy-ros2/install/indy_driver/local/lib/python3.10/dist-packages/indy_driver/servo_joy_input.py'...\n"}
[1.773354] (indy_driver) StdoutLine: {'line': b"Compiling '/root/common/indy-ros2/install/indy_driver/local/lib/python3.10/dist-packages/indy_driver/servo_keyboard_input.py'...\n"}
[1.776711] (indy_driver) StdoutLine: {'line': b'-- Installing: /root/common/indy-ros2/install/indy_driver/share/ament_index/resource_index/package_run_dependencies/indy_driver\n'}
[1.776960] (indy_driver) StdoutLine: {'line': b'-- Installing: /root/common/indy-ros2/install/indy_driver/share/ament_index/resource_index/parent_prefix_path/indy_driver\n'}
[1.777150] (indy_driver) StdoutLine: {'line': b'-- Installing: /root/common/indy-ros2/install/indy_driver/share/indy_driver/environment/ament_prefix_path.sh\n'}
[1.777340] (indy_driver) StdoutLine: {'line': b'-- Installing: /root/common/indy-ros2/install/indy_driver/share/indy_driver/environment/ament_prefix_path.dsv\n'}
[1.777447] (indy_driver) StdoutLine: {'line': b'-- Installing: /root/common/indy-ros2/install/indy_driver/share/indy_driver/environment/path.sh\n'}
[1.777559] (indy_driver) StdoutLine: {'line': b'-- Installing: /root/common/indy-ros2/install/indy_driver/share/indy_driver/environment/path.dsv\n'}
[1.777662] (indy_driver) StdoutLine: {'line': b'-- Installing: /root/common/indy-ros2/install/indy_driver/share/indy_driver/local_setup.bash\n'}
[1.777764] (indy_driver) StdoutLine: {'line': b'-- Installing: /root/common/indy-ros2/install/indy_driver/share/indy_driver/local_setup.sh\n'}
[1.777879] (indy_driver) StdoutLine: {'line': b'-- Installing: /root/common/indy-ros2/install/indy_driver/share/indy_driver/local_setup.zsh\n'}
[1.777966] (indy_driver) StdoutLine: {'line': b'-- Installing: /root/common/indy-ros2/install/indy_driver/share/indy_driver/local_setup.dsv\n'}
[1.778072] (indy_driver) StdoutLine: {'line': b'-- Installing: /root/common/indy-ros2/install/indy_driver/share/indy_driver/package.dsv\n'}
[1.778143] (indy_driver) StdoutLine: {'line': b'-- Installing: /root/common/indy-ros2/install/indy_driver/share/ament_index/resource_index/packages/indy_driver\n'}
[1.778250] (indy_interfaces) StdoutLine: {'line': b'-- Found PythonLibs: /usr/lib/x86_64-linux-gnu/libpython3.10.so (found suitable version "3.10.12", minimum required is "3.5")\n'}
[1.778384] (indy_driver) StdoutLine: {'line': b'-- Installing: /root/common/indy-ros2/install/indy_driver/share/indy_driver/cmake/indy_driverConfig.cmake\n'}
[1.778489] (indy_driver) StdoutLine: {'line': b'-- Installing: /root/common/indy-ros2/install/indy_driver/share/indy_driver/cmake/indy_driverConfig-version.cmake\n'}
[1.778574] (indy_interfaces) StdoutLine: {'line': b'-- Using PYTHON_EXECUTABLE: /usr/bin/python3\n'}
[1.778660] (indy_driver) StdoutLine: {'line': b'-- Installing: /root/common/indy-ros2/install/indy_driver/share/indy_driver/package.xml\n'}
[1.778745] (indy_interfaces) StdoutLine: {'line': b'-- Using PYTHON_INCLUDE_DIRS: /usr/include/python3.10\n'}
[1.778831] (indy_interfaces) StdoutLine: {'line': b'-- Using PYTHON_LIBRARIES: /usr/lib/x86_64-linux-gnu/libpython3.10.so\n'}
[1.779504] (indy_driver) CommandEnded: {'returncode': 0}
[1.784585] (indy_moveit) StdoutLine: {'line': b'-- Performing Test CMAKE_HAVE_LIBC_PTHREAD - Success\n'}
[1.786242] (indy_moveit) StdoutLine: {'line': b'-- Found Threads: TRUE\n'}
[1.795937] (indy_interfaces) StdoutLine: {'line': b'-- Found PythonExtra: .so\n'}
[1.801364] (-) TimerEvent: {}
[1.806883] (indy_driver) JobEnded: {'identifier': 'indy_driver', 'rc': 0}
[1.901466] (-) TimerEvent: {}
[1.961833] (indy_interfaces) StdoutLine: {'line': b'-- Using numpy include directory: /usr/local/lib/python3.10/dist-packages/numpy/core/include\n'}
[1.969131] (indy_interfaces) StdoutLine: {'line': b'-- Found ament_lint_auto: 0.12.11 (/opt/ros/humble/share/ament_lint_auto/cmake)\n'}
[1.994867] (indy_interfaces) StdoutLine: {'line': b"-- Added test 'lint_cmake' to check CMake code style\n"}
[1.995823] (indy_interfaces) StdoutLine: {'line': b"-- Added test 'xmllint' to check XML markup files\n"}
[1.997977] (indy_interfaces) StdoutLine: {'line': b'-- Configuring done (2.0s)\n'}
[2.001554] (-) TimerEvent: {}
[2.028276] (indy_moveit) StdoutLine: {'line': b'-- Found rclcpp_components: 16.0.9 (/opt/ros/humble/share/rclcpp_components/cmake)\n'}
[2.051217] (indy_interfaces) StdoutLine: {'line': b'-- Generating done (0.1s)\n'}
[2.051566] (indy_interfaces) StdoutLine: {'line': b'-- Build files have been written to: /root/common/indy-ros2/build/indy_interfaces\n'}
[2.056436] (indy_interfaces) CommandEnded: {'returncode': 0}
[2.057894] (indy_interfaces) JobProgress: {'identifier': 'indy_interfaces', 'progress': 'build'}
[2.057972] (indy_interfaces) Command: {'cmd': ['/usr/bin/cmake', '--build', '/root/common/indy-ros2/build/indy_interfaces', '--', '-j12', '-l12'], 'cwd': '/root/common/indy-ros2/build/indy_interfaces', 'env': OrderedDict([('NV_LIBCUBLAS_VERSION', '11.11.3.6-1'), ('NV_CUDA_COMPAT_PACKAGE', 'cuda-compat-11-8'), ('HOSTNAME', 'idim'), ('SHLVL', '1'), ('LD_LIBRARY_PATH', '/opt/ros/humble/lib'), ('NV_LIBNCCL_PACKAGE_VERSION', '2.15.5-1'), ('AMENT_CPPCHECK_ALLOW_SLOW_VERSIONS', '1'), ('HOME', '/root'), ('OLDPWD', '/root/common/indy-ros2/src'), ('ROS_PYTHON_VERSION', '3'), ('PS1', '\\[\x1b[0;33m\\]idim \\W $ \\[\x1b[0m\\]'), ('NV_LIBNPP_PACKAGE', 'libnpp-11-8=11.8.0.86-1'), ('CUDA_VERSION', '11.8.0'), ('COLCON_PREFIX_PATH', '/opt/ros/humble'), ('ROS_DISTRO', 'humble'), ('NV_LIBCUBLAS_PACKAGE_NAME', 'libcublas-11-8'), ('NVIDIA_REQUIRE_CUDA', 'cuda>=11.8 brand=tesla,driver>=470,driver<471 brand=unknown,driver>=470,driver<471 brand=nvidia,driver>=470,driver<471 brand=nvidiartx,driver>=470,driver<471 brand=geforce,driver>=470,driver<471 brand=geforcertx,driver>=470,driver<471 brand=quadro,driver>=470,driver<471 brand=quadrortx,driver>=470,driver<471 brand=titan,driver>=470,driver<471 brand=titanrtx,driver>=470,driver<471'), ('_', '/usr/bin/colcon'), ('ROS_VERSION', '2'), ('NV_LIBCUSPARSE_VERSION', '11.7.5.86-1'), ('NVIDIA_DRIVER_CAPABILITIES', 'graphics,utility,compute'), ('NV_CUDA_LIB_VERSION', '11.8.0-1'), ('NV_LIBNCCL_PACKAGE_NAME', 'libnccl2'), ('TERM', 'xterm'), ('NV_CUDA_CUDART_VERSION', '11.8.89-1'), ('QT_X11_NO_MITSHM', '1'), ('PATH', '/opt/ros/humble/bin:/usr/local/nvidia/bin:/usr/local/cuda/bin:/usr/local/sbin:/usr/local/bin:/usr/sbin:/usr/bin:/sbin:/bin'), ('NV_LIBCUBLAS_PACKAGE', 'libcublas-11-8=11.11.3.6-1'), ('NVARCH', 'x86_64'), ('DISPLAY', ':1'), ('NV_LIBNCCL_PACKAGE', 'libnccl2=2.15.5-1+cuda11.8'), ('NVIDIA_PRODUCT_NAME', 'CUDA'), ('LANG', 'en_US.UTF-8'), ('XAUTHORITY', '/tmp/.docker.xauth'), ('LS_COLORS', 'rs=0:di=01;34:ln=01;36:mh=00:pi=40;33:so=01;35:do=01;35:bd=40;33;01:cd=40;33;01:or=40;31;01:mi=00:su=37;41:sg=30;43:ca=30;41:tw=30;42:ow=34;42:st=37;44:ex=01;32:*.tar=01;31:*.tgz=01;31:*.arc=01;31:*.arj=01;31:*.taz=01;31:*.lha=01;31:*.lz4=01;31:*.lzh=01;31:*.lzma=01;31:*.tlz=01;31:*.txz=01;31:*.tzo=01;31:*.t7z=01;31:*.zip=01;31:*.z=01;31:*.dz=01;31:*.gz=01;31:*.lrz=01;31:*.lz=01;31:*.lzo=01;31:*.xz=01;31:*.zst=01;31:*.tzst=01;31:*.bz2=01;31:*.bz=01;31:*.tbz=01;31:*.tbz2=01;31:*.tz=01;31:*.deb=01;31:*.rpm=01;31:*.jar=01;31:*.war=01;31:*.ear=01;31:*.sar=01;31:*.rar=01;31:*.alz=01;31:*.ace=01;31:*.zoo=01;31:*.cpio=01;31:*.7z=01;31:*.rz=01;31:*.cab=01;31:*.wim=01;31:*.swm=01;31:*.dwm=01;31:*.esd=01;31:*.jpg=01;35:*.jpeg=01;35:*.mjpg=01;35:*.mjpeg=01;35:*.gif=01;35:*.bmp=01;35:*.pbm=01;35:*.pgm=01;35:*.ppm=01;35:*.tga=01;35:*.xbm=01;35:*.xpm=01;35:*.tif=01;35:*.tiff=01;35:*.png=01;35:*.svg=01;35:*.svgz=01;35:*.mng=01;35:*.pcx=01;35:*.mov=01;35:*.mpg=01;35:*.mpeg=01;35:*.m2v=01;35:*.mkv=01;35:*.webm=01;35:*.webp=01;35:*.ogm=01;35:*.mp4=01;35:*.m4v=01;35:*.mp4v=01;35:*.vob=01;35:*.qt=01;35:*.nuv=01;35:*.wmv=01;35:*.asf=01;35:*.rm=01;35:*.rmvb=01;35:*.flc=01;35:*.avi=01;35:*.fli=01;35:*.flv=01;35:*.gl=01;35:*.dl=01;35:*.xcf=01;35:*.xwd=01;35:*.yuv=01;35:*.cgm=01;35:*.emf=01;35:*.ogv=01;35:*.ogx=01;35:*.aac=00;36:*.au=00;36:*.flac=00;36:*.m4a=00;36:*.mid=00;36:*.midi=00;36:*.mka=00;36:*.mp3=00;36:*.mpc=00;36:*.ogg=00;36:*.ra=00;36:*.wav=00;36:*.oga=00;36:*.opus=00;36:*.spx=00;36:*.xspf=00;36:'), ('AMENT_PREFIX_PATH', '/opt/ros/humble'), ('DEBIAN_FRONTEND', 'noninteractive'), ('NV_NVTX_VERSION', '11.8.86-1'), ('NV_LIBNPP_VERSION', '11.8.0.86-1'), ('PWD', '/root/common/indy-ros2/build/indy_interfaces'), ('PYTHONPATH', '/opt/ros/humble/local/lib/python3.10/dist-packages:/opt/ros/humble/lib/python3.10/site-packages'), ('NVIDIA_VISIBLE_DEVICES', 'all'), ('NCCL_VERSION', '2.15.5-1'), ('DEBCONF_NOWARNINGS', 'yes'), ('COLCON', '1'), ('CMAKE_PREFIX_PATH', '/opt/ros/humble')]), 'shell': False}
[2.075355] (indy_interfaces) StdoutLine: {'line': b'[  1%] \x1b[34m\x1b[1mGenerating C code for ROS interfaces\x1b[0m\n'}
[2.078295] (indy_interfaces) StdoutLine: {'line': b'[  3%] \x1b[34m\x1b[1mGenerating C++ code for ROS interfaces\x1b[0m\n'}
[2.081271] (indy_interfaces) StdoutLine: {'line': b'[  3%] Built target ament_cmake_python_copy_indy_interfaces\n'}
[2.101675] (-) TimerEvent: {}
[2.110655] (indy_moveit) StdoutLine: {'line': b'-- Found geometry_msgs: 4.2.4 (/opt/ros/humble/share/geometry_msgs/cmake)\n'}
[2.157438] (indy_moveit) StdoutLine: {'line': b'-- Found control_msgs: 4.8.0 (/opt/ros/humble/share/control_msgs/cmake)\n'}
[2.201782] (-) TimerEvent: {}
[2.302032] (-) TimerEvent: {}
[2.304114] (indy_interfaces) StdoutLine: {'line': b'running egg_info\n'}
[2.304568] (indy_interfaces) StdoutLine: {'line': b'creating indy_interfaces.egg-info\n'}
[2.304686] (indy_interfaces) StdoutLine: {'line': b'writing indy_interfaces.egg-info/PKG-INFO\n'}
[2.304839] (indy_interfaces) StdoutLine: {'line': b'writing dependency_links to indy_interfaces.egg-info/dependency_links.txt\n'}
[2.304942] (indy_interfaces) StdoutLine: {'line': b'writing top-level names to indy_interfaces.egg-info/top_level.txt\n'}
[2.305093] (indy_interfaces) StdoutLine: {'line': b"writing manifest file 'indy_interfaces.egg-info/SOURCES.txt'\n"}
[2.306452] (indy_interfaces) StdoutLine: {'line': b"reading manifest file 'indy_interfaces.egg-info/SOURCES.txt'\n"}
[2.306961] (indy_interfaces) StdoutLine: {'line': b"writing manifest file 'indy_interfaces.egg-info/SOURCES.txt'\n"}
[2.322741] (indy_interfaces) StdoutLine: {'line': b'[  3%] Built target ament_cmake_python_build_indy_interfaces_egg\n'}
[2.402147] (-) TimerEvent: {}
[2.433970] (indy_interfaces) StdoutLine: {'line': b'[  5%] \x1b[32mBuilding C object CMakeFiles/indy_interfaces__rosidl_generator_c.dir/rosidl_generator_c/indy_interfaces/srv/detail/indy_service__functions.c.o\x1b[0m\n'}
[2.434813] (indy_interfaces) StdoutLine: {'line': b'[  7%] \x1b[32mBuilding C object CMakeFiles/indy_interfaces__rosidl_generator_c.dir/rosidl_generator_c/indy_interfaces/msg/detail/servo_rx__functions.c.o\x1b[0m\n'}
[2.435820] (indy_interfaces) StdoutLine: {'line': b'[ 10%] \x1b[32mBuilding C object CMakeFiles/indy_interfaces__rosidl_generator_c.dir/rosidl_generator_c/indy_interfaces/msg/detail/servo_data_array__functions.c.o\x1b[0m\n'}
[2.436291] (indy_interfaces) StdoutLine: {'line': b'[ 10%] \x1b[32mBuilding C object CMakeFiles/indy_interfaces__rosidl_generator_c.dir/rosidl_generator_c/indy_interfaces/msg/detail/servo_tx__functions.c.o\x1b[0m\n'}
[2.442052] (indy_interfaces) StdoutLine: {'line': b'[ 10%] Built target indy_interfaces__cpp\n'}
[2.447255] (indy_interfaces) StdoutLine: {'line': b'[ 12%] \x1b[34m\x1b[1mGenerating C++ type support for eProsima Fast-RTPS\x1b[0m\n'}
[2.447490] (indy_interfaces) StdoutLine: {'line': b'[ 14%] \x1b[34m\x1b[1mGenerating C++ type support dispatch for ROS interfaces\x1b[0m\n'}
[2.450366] (indy_interfaces) StdoutLine: {'line': b'[ 16%] \x1b[34m\x1b[1mGenerating C++ introspection for ROS interfaces\x1b[0m\n'}
[2.495779] (indy_interfaces) StdoutLine: {'line': b'[ 18%] \x1b[32m\x1b[1mLinking C shared library libindy_interfaces__rosidl_generator_c.so\x1b[0m\n'}
[2.502239] (-) TimerEvent: {}
[2.523630] (indy_interfaces) StdoutLine: {'line': b'[ 18%] Built target indy_interfaces__rosidl_generator_c\n'}
[2.528504] (indy_interfaces) StdoutLine: {'line': b'[ 21%] \x1b[34m\x1b[1mGenerating C type support dispatch for ROS interfaces\x1b[0m\n'}
[2.528678] (indy_interfaces) StdoutLine: {'line': b'[ 21%] \x1b[34m\x1b[1mGenerating C type support for eProsima Fast-RTPS\x1b[0m\n'}
[2.528913] (indy_interfaces) StdoutLine: {'line': b'[ 23%] \x1b[34m\x1b[1mGenerating C introspection for ROS interfaces\x1b[0m\n'}
[2.602328] (-) TimerEvent: {}
[2.618847] (indy_moveit) StdoutLine: {'line': b'-- Found moveit_msgs: 2.2.1 (/opt/ros/humble/share/moveit_msgs/cmake)\n'}
[2.702420] (-) TimerEvent: {}
[2.752491] (indy_interfaces) StdoutLine: {'line': b'[ 25%] \x1b[32mBuilding CXX object CMakeFiles/indy_interfaces__rosidl_typesupport_introspection_cpp.dir/rosidl_typesupport_introspection_cpp/indy_interfaces/srv/detail/indy_service__type_support.cpp.o\x1b[0m\n'}
[2.752715] (indy_interfaces) StdoutLine: {'line': b'[ 27%] \x1b[32mBuilding CXX object CMakeFiles/indy_interfaces__rosidl_typesupport_introspection_cpp.dir/rosidl_typesupport_introspection_cpp/indy_interfaces/msg/detail/servo_tx__type_support.cpp.o\x1b[0m\n'}
[2.752848] (indy_interfaces) StdoutLine: {'line': b'[ 29%] \x1b[32mBuilding CXX object CMakeFiles/indy_interfaces__rosidl_typesupport_introspection_cpp.dir/rosidl_typesupport_introspection_cpp/indy_interfaces/msg/detail/servo_rx__type_support.cpp.o\x1b[0m\n'}
[2.753022] (indy_interfaces) StdoutLine: {'line': b'[ 30%] \x1b[32mBuilding CXX object CMakeFiles/indy_interfaces__rosidl_typesupport_introspection_cpp.dir/rosidl_typesupport_introspection_cpp/indy_interfaces/msg/detail/servo_data_array__type_support.cpp.o\x1b[0m\n'}
[2.792974] (indy_interfaces) StdoutLine: {'line': b'[ 32%] \x1b[32mBuilding CXX object CMakeFiles/indy_interfaces__rosidl_typesupport_c.dir/rosidl_typesupport_c/indy_interfaces/srv/indy_service__type_support.cpp.o\x1b[0m\n'}
[2.796380] (indy_interfaces) StdoutLine: {'line': b'[ 36%] \x1b[32mBuilding CXX object CMakeFiles/indy_interfaces__rosidl_typesupport_c.dir/rosidl_typesupport_c/indy_interfaces/msg/servo_rx__type_support.cpp.o\x1b[0m\n'}
[2.796952] (indy_interfaces) StdoutLine: {'line': b'[ 36%] \x1b[32mBuilding CXX object CMakeFiles/indy_interfaces__rosidl_typesupport_c.dir/rosidl_typesupport_c/indy_interfaces/msg/servo_tx__type_support.cpp.o\x1b[0m\n'}
[2.798430] (indy_interfaces) StdoutLine: {'line': b'[ 38%] \x1b[32mBuilding CXX object CMakeFiles/indy_interfaces__rosidl_typesupport_c.dir/rosidl_typesupport_c/indy_interfaces/msg/servo_data_array__type_support.cpp.o\x1b[0m\n'}
[2.802507] (-) TimerEvent: {}
[2.823859] (indy_interfaces) StdoutLine: {'line': b'[ 40%] \x1b[32mBuilding CXX object CMakeFiles/indy_interfaces__rosidl_typesupport_fastrtps_cpp.dir/rosidl_typesupport_fastrtps_cpp/indy_interfaces/srv/detail/dds_fastrtps/indy_service__type_support.cpp.o\x1b[0m\n'}
[2.827619] (indy_interfaces) StdoutLine: {'line': b'[ 41%] \x1b[32mBuilding CXX object CMakeFiles/indy_interfaces__rosidl_typesupport_fastrtps_cpp.dir/rosidl_typesupport_fastrtps_cpp/indy_interfaces/msg/detail/dds_fastrtps/servo_tx__type_support.cpp.o\x1b[0m\n'}
[2.832521] (indy_interfaces) StdoutLine: {'line': b'[ 43%] \x1b[32mBuilding CXX object CMakeFiles/indy_interfaces__rosidl_typesupport_fastrtps_cpp.dir/rosidl_typesupport_fastrtps_cpp/indy_interfaces/msg/detail/dds_fastrtps/servo_data_array__type_support.cpp.o\x1b[0m\n'}
[2.837031] (indy_interfaces) StdoutLine: {'line': b'[ 45%] \x1b[32mBuilding CXX object CMakeFiles/indy_interfaces__rosidl_typesupport_fastrtps_cpp.dir/rosidl_typesupport_fastrtps_cpp/indy_interfaces/msg/detail/dds_fastrtps/servo_rx__type_support.cpp.o\x1b[0m\n'}
[2.844566] (indy_interfaces) StdoutLine: {'line': b'[ 47%] \x1b[32m\x1b[1mLinking CXX shared library libindy_interfaces__rosidl_typesupport_c.so\x1b[0m\n'}
[2.901169] (indy_interfaces) StdoutLine: {'line': b'[ 47%] Built target indy_interfaces__rosidl_typesupport_c\n'}
[2.902585] (-) TimerEvent: {}
[2.905821] (indy_interfaces) StdoutLine: {'line': b'[ 49%] \x1b[32mBuilding CXX object CMakeFiles/indy_interfaces__rosidl_typesupport_cpp.dir/rosidl_typesupport_cpp/indy_interfaces/msg/servo_tx__type_support.cpp.o\x1b[0m\n'}
[2.909682] (indy_interfaces) StdoutLine: {'line': b'[ 50%] \x1b[32mBuilding CXX object CMakeFiles/indy_interfaces__rosidl_typesupport_cpp.dir/rosidl_typesupport_cpp/indy_interfaces/srv/indy_service__type_support.cpp.o\x1b[0m\n'}
[3.002691] (-) TimerEvent: {}
[3.031955] (indy_interfaces) StdoutLine: {'line': b'[ 52%] \x1b[32mBuilding C object CMakeFiles/indy_interfaces__rosidl_typesupport_introspection_c.dir/rosidl_typesupport_introspection_c/indy_interfaces/srv/detail/indy_service__type_support.c.o\x1b[0m\n'}
[3.102803] (-) TimerEvent: {}
[3.145209] (indy_interfaces) StdoutLine: {'line': b'[ 54%] \x1b[32mBuilding CXX object CMakeFiles/indy_interfaces__rosidl_typesupport_fastrtps_c.dir/rosidl_typesupport_fastrtps_c/indy_interfaces/srv/detail/indy_service__type_support_c.cpp.o\x1b[0m\n'}
[3.202914] (-) TimerEvent: {}
[3.303227] (-) TimerEvent: {}
[3.403532] (-) TimerEvent: {}
[3.454055] (indy_moveit) StdoutLine: {'line': b'-- Found std_srvs: 4.2.4 (/opt/ros/humble/share/std_srvs/cmake)\n'}
[3.503608] (-) TimerEvent: {}
[3.539071] (indy_moveit) StdoutLine: {'line': b'-- Found ament_lint_auto: 0.12.11 (/opt/ros/humble/share/ament_lint_auto/cmake)\n'}
[3.552686] (indy_interfaces) StdoutLine: {'line': b'[ 56%] \x1b[32mBuilding CXX object CMakeFiles/indy_interfaces__rosidl_typesupport_fastrtps_c.dir/rosidl_typesupport_fastrtps_c/indy_interfaces/msg/detail/servo_rx__type_support_c.cpp.o\x1b[0m\n'}
[3.552960] (indy_interfaces) StdoutLine: {'line': b'[ 60%] \x1b[32mBuilding CXX object CMakeFiles/indy_interfaces__rosidl_typesupport_fastrtps_c.dir/rosidl_typesupport_fastrtps_c/indy_interfaces/msg/detail/servo_tx__type_support_c.cpp.o\x1b[0m\n'}
[3.553070] (indy_interfaces) StdoutLine: {'line': b'[ 61%] \x1b[32mBuilding C object CMakeFiles/indy_interfaces__rosidl_typesupport_introspection_c.dir/rosidl_typesupport_introspection_c/indy_interfaces/msg/detail/servo_tx__type_support.c.o\x1b[0m\n'}
[3.553176] (indy_interfaces) StdoutLine: {'line': b'[ 61%] \x1b[32mBuilding CXX object CMakeFiles/indy_interfaces__rosidl_typesupport_cpp.dir/rosidl_typesupport_cpp/indy_interfaces/msg/servo_rx__type_support.cpp.o\x1b[0m\n'}
[3.553321] (indy_interfaces) StdoutLine: {'line': b'[ 63%] \x1b[32mBuilding CXX object CMakeFiles/indy_interfaces__rosidl_typesupport_cpp.dir/rosidl_typesupport_cpp/indy_interfaces/msg/servo_data_array__type_support.cpp.o\x1b[0m\n'}
[3.553521] (indy_interfaces) StdoutLine: {'line': b'[ 65%] \x1b[32mBuilding C object CMakeFiles/indy_interfaces__rosidl_typesupport_introspection_c.dir/rosidl_typesupport_introspection_c/indy_interfaces/msg/detail/servo_rx__type_support.c.o\x1b[0m\n'}
[3.553662] (indy_interfaces) StdoutLine: {'line': b'[ 69%] \x1b[32mBuilding C object CMakeFiles/indy_interfaces__rosidl_typesupport_introspection_c.dir/rosidl_typesupport_introspection_c/indy_interfaces/msg/detail/servo_data_array__type_support.c.o\x1b[0m\n'}
[3.553756] (indy_interfaces) StdoutLine: {'line': b'[ 69%] \x1b[32mBuilding CXX object CMakeFiles/indy_interfaces__rosidl_typesupport_fastrtps_c.dir/rosidl_typesupport_fastrtps_c/indy_interfaces/msg/detail/servo_data_array__type_support_c.cpp.o\x1b[0m\n'}
[3.603357] (indy_interfaces) StdoutLine: {'line': b'[ 70%] \x1b[32m\x1b[1mLinking CXX shared library libindy_interfaces__rosidl_typesupport_fastrtps_cpp.so\x1b[0m\n'}
[3.603669] (-) TimerEvent: {}
[3.613323] (indy_interfaces) StdoutLine: {'line': b'[ 72%] \x1b[32m\x1b[1mLinking CXX shared library libindy_interfaces__rosidl_typesupport_introspection_cpp.so\x1b[0m\n'}
[3.613647] (indy_interfaces) StdoutLine: {'line': b'[ 74%] \x1b[32m\x1b[1mLinking C shared library libindy_interfaces__rosidl_typesupport_introspection_c.so\x1b[0m\n'}
[3.626164] (indy_moveit) StdoutLine: {'line': b'-- Configuring done (2.8s)\n'}
[3.638939] (indy_moveit) StdoutLine: {'line': b'-- Generating done (0.0s)\n'}
[3.639458] (indy_interfaces) StdoutLine: {'line': b'[ 74%] Built target indy_interfaces__rosidl_typesupport_introspection_c\n'}
[3.639643] (indy_moveit) StdoutLine: {'line': b'-- Build files have been written to: /root/common/indy-ros2/build/indy_moveit\n'}
[3.656621] (indy_moveit) CommandEnded: {'returncode': 0}
[3.657195] (indy_moveit) JobProgress: {'identifier': 'indy_moveit', 'progress': 'build'}
[3.657525] (indy_moveit) Command: {'cmd': ['/usr/bin/cmake', '--build', '/root/common/indy-ros2/build/indy_moveit', '--', '-j12', '-l12'], 'cwd': '/root/common/indy-ros2/build/indy_moveit', 'env': OrderedDict([('NV_LIBCUBLAS_VERSION', '11.11.3.6-1'), ('NV_CUDA_COMPAT_PACKAGE', 'cuda-compat-11-8'), ('HOSTNAME', 'idim'), ('SHLVL', '1'), ('LD_LIBRARY_PATH', '/opt/ros/humble/lib'), ('NV_LIBNCCL_PACKAGE_VERSION', '2.15.5-1'), ('AMENT_CPPCHECK_ALLOW_SLOW_VERSIONS', '1'), ('HOME', '/root'), ('OLDPWD', '/root/common/indy-ros2/src'), ('ROS_PYTHON_VERSION', '3'), ('PS1', '\\[\x1b[0;33m\\]idim \\W $ \\[\x1b[0m\\]'), ('NV_LIBNPP_PACKAGE', 'libnpp-11-8=11.8.0.86-1'), ('CUDA_VERSION', '11.8.0'), ('COLCON_PREFIX_PATH', '/opt/ros/humble'), ('ROS_DISTRO', 'humble'), ('NV_LIBCUBLAS_PACKAGE_NAME', 'libcublas-11-8'), ('NVIDIA_REQUIRE_CUDA', 'cuda>=11.8 brand=tesla,driver>=470,driver<471 brand=unknown,driver>=470,driver<471 brand=nvidia,driver>=470,driver<471 brand=nvidiartx,driver>=470,driver<471 brand=geforce,driver>=470,driver<471 brand=geforcertx,driver>=470,driver<471 brand=quadro,driver>=470,driver<471 brand=quadrortx,driver>=470,driver<471 brand=titan,driver>=470,driver<471 brand=titanrtx,driver>=470,driver<471'), ('_', '/usr/bin/colcon'), ('ROS_VERSION', '2'), ('NV_LIBCUSPARSE_VERSION', '11.7.5.86-1'), ('NVIDIA_DRIVER_CAPABILITIES', 'graphics,utility,compute'), ('NV_CUDA_LIB_VERSION', '11.8.0-1'), ('NV_LIBNCCL_PACKAGE_NAME', 'libnccl2'), ('TERM', 'xterm'), ('NV_CUDA_CUDART_VERSION', '11.8.89-1'), ('QT_X11_NO_MITSHM', '1'), ('PATH', '/opt/ros/humble/bin:/usr/local/nvidia/bin:/usr/local/cuda/bin:/usr/local/sbin:/usr/local/bin:/usr/sbin:/usr/bin:/sbin:/bin'), ('NV_LIBCUBLAS_PACKAGE', 'libcublas-11-8=11.11.3.6-1'), ('NVARCH', 'x86_64'), ('DISPLAY', ':1'), ('NV_LIBNCCL_PACKAGE', 'libnccl2=2.15.5-1+cuda11.8'), ('NVIDIA_PRODUCT_NAME', 'CUDA'), ('LANG', 'en_US.UTF-8'), ('XAUTHORITY', '/tmp/.docker.xauth'), ('LS_COLORS', 'rs=0:di=01;34:ln=01;36:mh=00:pi=40;33:so=01;35:do=01;35:bd=40;33;01:cd=40;33;01:or=40;31;01:mi=00:su=37;41:sg=30;43:ca=30;41:tw=30;42:ow=34;42:st=37;44:ex=01;32:*.tar=01;31:*.tgz=01;31:*.arc=01;31:*.arj=01;31:*.taz=01;31:*.lha=01;31:*.lz4=01;31:*.lzh=01;31:*.lzma=01;31:*.tlz=01;31:*.txz=01;31:*.tzo=01;31:*.t7z=01;31:*.zip=01;31:*.z=01;31:*.dz=01;31:*.gz=01;31:*.lrz=01;31:*.lz=01;31:*.lzo=01;31:*.xz=01;31:*.zst=01;31:*.tzst=01;31:*.bz2=01;31:*.bz=01;31:*.tbz=01;31:*.tbz2=01;31:*.tz=01;31:*.deb=01;31:*.rpm=01;31:*.jar=01;31:*.war=01;31:*.ear=01;31:*.sar=01;31:*.rar=01;31:*.alz=01;31:*.ace=01;31:*.zoo=01;31:*.cpio=01;31:*.7z=01;31:*.rz=01;31:*.cab=01;31:*.wim=01;31:*.swm=01;31:*.dwm=01;31:*.esd=01;31:*.jpg=01;35:*.jpeg=01;35:*.mjpg=01;35:*.mjpeg=01;35:*.gif=01;35:*.bmp=01;35:*.pbm=01;35:*.pgm=01;35:*.ppm=01;35:*.tga=01;35:*.xbm=01;35:*.xpm=01;35:*.tif=01;35:*.tiff=01;35:*.png=01;35:*.svg=01;35:*.svgz=01;35:*.mng=01;35:*.pcx=01;35:*.mov=01;35:*.mpg=01;35:*.mpeg=01;35:*.m2v=01;35:*.mkv=01;35:*.webm=01;35:*.webp=01;35:*.ogm=01;35:*.mp4=01;35:*.m4v=01;35:*.mp4v=01;35:*.vob=01;35:*.qt=01;35:*.nuv=01;35:*.wmv=01;35:*.asf=01;35:*.rm=01;35:*.rmvb=01;35:*.flc=01;35:*.avi=01;35:*.fli=01;35:*.flv=01;35:*.gl=01;35:*.dl=01;35:*.xcf=01;35:*.xwd=01;35:*.yuv=01;35:*.cgm=01;35:*.emf=01;35:*.ogv=01;35:*.ogx=01;35:*.aac=00;36:*.au=00;36:*.flac=00;36:*.m4a=00;36:*.mid=00;36:*.midi=00;36:*.mka=00;36:*.mp3=00;36:*.mpc=00;36:*.ogg=00;36:*.ra=00;36:*.wav=00;36:*.oga=00;36:*.opus=00;36:*.spx=00;36:*.xspf=00;36:'), ('AMENT_PREFIX_PATH', '/root/common/indy-ros2/install/indy_description:/opt/ros/humble'), ('DEBIAN_FRONTEND', 'noninteractive'), ('NV_NVTX_VERSION', '11.8.86-1'), ('NV_LIBNPP_VERSION', '11.8.0.86-1'), ('PWD', '/root/common/indy-ros2/build/indy_moveit'), ('PYTHONPATH', '/opt/ros/humble/local/lib/python3.10/dist-packages:/opt/ros/humble/lib/python3.10/site-packages'), ('NVIDIA_VISIBLE_DEVICES', 'all'), ('NCCL_VERSION', '2.15.5-1'), ('DEBCONF_NOWARNINGS', 'yes'), ('COLCON', '1'), ('CMAKE_PREFIX_PATH', '/root/common/indy-ros2/install/indy_description:/opt/ros/humble')]), 'shell': False}
[3.681202] (indy_interfaces) StdoutLine: {'line': b'[ 74%] Built target indy_interfaces__rosidl_typesupport_fastrtps_cpp\n'}
[3.689171] (indy_moveit) StdoutLine: {'line': b'Built target ament_cmake_python_copy_indy_moveit\n'}
[3.703791] (-) TimerEvent: {}
[3.713337] (indy_interfaces) StdoutLine: {'line': b'[ 74%] Built target indy_interfaces__rosidl_typesupport_introspection_cpp\n'}
[3.803895] (-) TimerEvent: {}
[3.888187] (indy_interfaces) StdoutLine: {'line': b'[ 76%] \x1b[32m\x1b[1mLinking CXX shared library libindy_interfaces__rosidl_typesupport_cpp.so\x1b[0m\n'}
[3.904002] (-) TimerEvent: {}
[3.905537] (indy_moveit) StdoutLine: {'line': b'running egg_info\n'}
[3.906102] (indy_moveit) StdoutLine: {'line': b'creating indy_moveit.egg-info\n'}
[3.906396] (indy_moveit) StdoutLine: {'line': b'writing indy_moveit.egg-info/PKG-INFO\n'}
[3.906576] (indy_moveit) StdoutLine: {'line': b'writing dependency_links to indy_moveit.egg-info/dependency_links.txt\n'}
[3.906758] (indy_moveit) StdoutLine: {'line': b'writing top-level names to indy_moveit.egg-info/top_level.txt\n'}
[3.906921] (indy_moveit) StdoutLine: {'line': b"writing manifest file 'indy_moveit.egg-info/SOURCES.txt'\n"}
[3.908322] (indy_moveit) StdoutLine: {'line': b"reading manifest file 'indy_moveit.egg-info/SOURCES.txt'\n"}
[3.908794] (indy_moveit) StdoutLine: {'line': b"writing manifest file 'indy_moveit.egg-info/SOURCES.txt'\n"}
[3.916412] (indy_interfaces) StdoutLine: {'line': b'[ 76%] Built target indy_interfaces__rosidl_typesupport_cpp\n'}
[3.925658] (indy_moveit) StdoutLine: {'line': b'Built target ament_cmake_python_build_indy_moveit_egg\n'}
[3.929418] (indy_moveit) CommandEnded: {'returncode': 0}
[3.942836] (indy_moveit) JobProgress: {'identifier': 'indy_moveit', 'progress': 'install'}
[3.943098] (indy_moveit) Command: {'cmd': ['/usr/bin/cmake', '--install', '/root/common/indy-ros2/build/indy_moveit'], 'cwd': '/root/common/indy-ros2/build/indy_moveit', 'env': OrderedDict([('NV_LIBCUBLAS_VERSION', '11.11.3.6-1'), ('NV_CUDA_COMPAT_PACKAGE', 'cuda-compat-11-8'), ('HOSTNAME', 'idim'), ('SHLVL', '1'), ('LD_LIBRARY_PATH', '/opt/ros/humble/lib'), ('NV_LIBNCCL_PACKAGE_VERSION', '2.15.5-1'), ('AMENT_CPPCHECK_ALLOW_SLOW_VERSIONS', '1'), ('HOME', '/root'), ('OLDPWD', '/root/common/indy-ros2/src'), ('ROS_PYTHON_VERSION', '3'), ('PS1', '\\[\x1b[0;33m\\]idim \\W $ \\[\x1b[0m\\]'), ('NV_LIBNPP_PACKAGE', 'libnpp-11-8=11.8.0.86-1'), ('CUDA_VERSION', '11.8.0'), ('COLCON_PREFIX_PATH', '/opt/ros/humble'), ('ROS_DISTRO', 'humble'), ('NV_LIBCUBLAS_PACKAGE_NAME', 'libcublas-11-8'), ('NVIDIA_REQUIRE_CUDA', 'cuda>=11.8 brand=tesla,driver>=470,driver<471 brand=unknown,driver>=470,driver<471 brand=nvidia,driver>=470,driver<471 brand=nvidiartx,driver>=470,driver<471 brand=geforce,driver>=470,driver<471 brand=geforcertx,driver>=470,driver<471 brand=quadro,driver>=470,driver<471 brand=quadrortx,driver>=470,driver<471 brand=titan,driver>=470,driver<471 brand=titanrtx,driver>=470,driver<471'), ('_', '/usr/bin/colcon'), ('ROS_VERSION', '2'), ('NV_LIBCUSPARSE_VERSION', '11.7.5.86-1'), ('NVIDIA_DRIVER_CAPABILITIES', 'graphics,utility,compute'), ('NV_CUDA_LIB_VERSION', '11.8.0-1'), ('NV_LIBNCCL_PACKAGE_NAME', 'libnccl2'), ('TERM', 'xterm'), ('NV_CUDA_CUDART_VERSION', '11.8.89-1'), ('QT_X11_NO_MITSHM', '1'), ('PATH', '/opt/ros/humble/bin:/usr/local/nvidia/bin:/usr/local/cuda/bin:/usr/local/sbin:/usr/local/bin:/usr/sbin:/usr/bin:/sbin:/bin'), ('NV_LIBCUBLAS_PACKAGE', 'libcublas-11-8=11.11.3.6-1'), ('NVARCH', 'x86_64'), ('DISPLAY', ':1'), ('NV_LIBNCCL_PACKAGE', 'libnccl2=2.15.5-1+cuda11.8'), ('NVIDIA_PRODUCT_NAME', 'CUDA'), ('LANG', 'en_US.UTF-8'), ('XAUTHORITY', '/tmp/.docker.xauth'), ('LS_COLORS', 'rs=0:di=01;34:ln=01;36:mh=00:pi=40;33:so=01;35:do=01;35:bd=40;33;01:cd=40;33;01:or=40;31;01:mi=00:su=37;41:sg=30;43:ca=30;41:tw=30;42:ow=34;42:st=37;44:ex=01;32:*.tar=01;31:*.tgz=01;31:*.arc=01;31:*.arj=01;31:*.taz=01;31:*.lha=01;31:*.lz4=01;31:*.lzh=01;31:*.lzma=01;31:*.tlz=01;31:*.txz=01;31:*.tzo=01;31:*.t7z=01;31:*.zip=01;31:*.z=01;31:*.dz=01;31:*.gz=01;31:*.lrz=01;31:*.lz=01;31:*.lzo=01;31:*.xz=01;31:*.zst=01;31:*.tzst=01;31:*.bz2=01;31:*.bz=01;31:*.tbz=01;31:*.tbz2=01;31:*.tz=01;31:*.deb=01;31:*.rpm=01;31:*.jar=01;31:*.war=01;31:*.ear=01;31:*.sar=01;31:*.rar=01;31:*.alz=01;31:*.ace=01;31:*.zoo=01;31:*.cpio=01;31:*.7z=01;31:*.rz=01;31:*.cab=01;31:*.wim=01;31:*.swm=01;31:*.dwm=01;31:*.esd=01;31:*.jpg=01;35:*.jpeg=01;35:*.mjpg=01;35:*.mjpeg=01;35:*.gif=01;35:*.bmp=01;35:*.pbm=01;35:*.pgm=01;35:*.ppm=01;35:*.tga=01;35:*.xbm=01;35:*.xpm=01;35:*.tif=01;35:*.tiff=01;35:*.png=01;35:*.svg=01;35:*.svgz=01;35:*.mng=01;35:*.pcx=01;35:*.mov=01;35:*.mpg=01;35:*.mpeg=01;35:*.m2v=01;35:*.mkv=01;35:*.webm=01;35:*.webp=01;35:*.ogm=01;35:*.mp4=01;35:*.m4v=01;35:*.mp4v=01;35:*.vob=01;35:*.qt=01;35:*.nuv=01;35:*.wmv=01;35:*.asf=01;35:*.rm=01;35:*.rmvb=01;35:*.flc=01;35:*.avi=01;35:*.fli=01;35:*.flv=01;35:*.gl=01;35:*.dl=01;35:*.xcf=01;35:*.xwd=01;35:*.yuv=01;35:*.cgm=01;35:*.emf=01;35:*.ogv=01;35:*.ogx=01;35:*.aac=00;36:*.au=00;36:*.flac=00;36:*.m4a=00;36:*.mid=00;36:*.midi=00;36:*.mka=00;36:*.mp3=00;36:*.mpc=00;36:*.ogg=00;36:*.ra=00;36:*.wav=00;36:*.oga=00;36:*.opus=00;36:*.spx=00;36:*.xspf=00;36:'), ('AMENT_PREFIX_PATH', '/root/common/indy-ros2/install/indy_description:/opt/ros/humble'), ('DEBIAN_FRONTEND', 'noninteractive'), ('NV_NVTX_VERSION', '11.8.86-1'), ('NV_LIBNPP_VERSION', '11.8.0.86-1'), ('PWD', '/root/common/indy-ros2/build/indy_moveit'), ('PYTHONPATH', '/opt/ros/humble/local/lib/python3.10/dist-packages:/opt/ros/humble/lib/python3.10/site-packages'), ('NVIDIA_VISIBLE_DEVICES', 'all'), ('NCCL_VERSION', '2.15.5-1'), ('DEBCONF_NOWARNINGS', 'yes'), ('COLCON', '1'), ('CMAKE_PREFIX_PATH', '/root/common/indy-ros2/install/indy_description:/opt/ros/humble')]), 'shell': False}
[3.945122] (indy_moveit) StdoutLine: {'line': b'-- Install configuration: ""\n'}
[3.945232] (indy_moveit) StdoutLine: {'line': b'-- Installing: /root/common/indy-ros2/install/indy_moveit/share/indy_moveit//launch\n'}
[3.945393] (indy_moveit) StdoutLine: {'line': b'-- Installing: /root/common/indy-ros2/install/indy_moveit/share/indy_moveit//launch/moveit.launch.py\n'}
[3.945476] (indy_moveit) StdoutLine: {'line': b'-- Installing: /root/common/indy-ros2/install/indy_moveit/share/indy_moveit//launch/indy_moveit_real_robot.launch.py\n'}
[3.945615] (indy_moveit) StdoutLine: {'line': b'-- Installing: /root/common/indy-ros2/install/indy_moveit/share/indy_moveit//launch/indy_moveit_gazebo.launch.py\n'}
[3.945689] (indy_moveit) StdoutLine: {'line': b'-- Installing: /root/common/indy-ros2/install/indy_moveit/share/indy_moveit//moveit_config\n'}
[3.945770] (indy_moveit) StdoutLine: {'line': b'-- Installing: /root/common/indy-ros2/install/indy_moveit/share/indy_moveit//moveit_config/controllers_6dof.yaml\n'}
[3.945847] (indy_moveit) StdoutLine: {'line': b'-- Installing: /root/common/indy-ros2/install/indy_moveit/share/indy_moveit//moveit_config/ompl_planning.yaml\n'}
[3.945903] (indy_moveit) StdoutLine: {'line': b'-- Installing: /root/common/indy-ros2/install/indy_moveit/share/indy_moveit//moveit_config/controllers_7dof.yaml\n'}
[3.945956] (indy_moveit) StdoutLine: {'line': b'-- Installing: /root/common/indy-ros2/install/indy_moveit/share/indy_moveit//moveit_config/indy_servo.yaml\n'}
[3.946086] (indy_moveit) StdoutLine: {'line': b'-- Installing: /root/common/indy-ros2/install/indy_moveit/share/indy_moveit//moveit_config/kinematics.yaml\n'}
[3.946182] (indy_moveit) StdoutLine: {'line': b'-- Installing: /root/common/indy-ros2/install/indy_moveit/share/indy_moveit//rviz_config\n'}
[3.946254] (indy_moveit) StdoutLine: {'line': b'-- Installing: /root/common/indy-ros2/install/indy_moveit/share/indy_moveit//rviz_config/indy_moveit.rviz\n'}
[3.946322] (indy_moveit) StdoutLine: {'line': b'-- Installing: /root/common/indy-ros2/install/indy_moveit/share/indy_moveit//rviz_config/indy_servo.rviz\n'}
[3.946377] (indy_moveit) StdoutLine: {'line': b'-- Installing: /root/common/indy-ros2/install/indy_moveit/share/indy_moveit//srdf\n'}
[3.946440] (indy_moveit) StdoutLine: {'line': b'-- Installing: /root/common/indy-ros2/install/indy_moveit/share/indy_moveit//srdf/indy.srdf.xacro\n'}
[3.946491] (indy_moveit) StdoutLine: {'line': b'-- Installing: /root/common/indy-ros2/install/indy_moveit/share/indy_moveit//srdf/indy_macro.srdf.xacro\n'}
[3.946555] (indy_moveit) StdoutLine: {'line': b'-- Installing: /root/common/indy-ros2/install/indy_moveit/share/indy_moveit/environment/pythonpath.sh\n'}
[3.946604] (indy_moveit) StdoutLine: {'line': b'-- Installing: /root/common/indy-ros2/install/indy_moveit/share/indy_moveit/environment/pythonpath.dsv\n'}
[3.946666] (indy_moveit) StdoutLine: {'line': b'-- Installing: /root/common/indy-ros2/install/indy_moveit/local/lib/python3.10/dist-packages/indy_moveit-1.0.0-py3.10.egg-info\n'}
[3.946732] (indy_moveit) StdoutLine: {'line': b'-- Installing: /root/common/indy-ros2/install/indy_moveit/local/lib/python3.10/dist-packages/indy_moveit-1.0.0-py3.10.egg-info/SOURCES.txt\n'}
[3.946794] (indy_moveit) StdoutLine: {'line': b'-- Installing: /root/common/indy-ros2/install/indy_moveit/local/lib/python3.10/dist-packages/indy_moveit-1.0.0-py3.10.egg-info/PKG-INFO\n'}
[3.946866] (indy_moveit) StdoutLine: {'line': b'-- Installing: /root/common/indy-ros2/install/indy_moveit/local/lib/python3.10/dist-packages/indy_moveit-1.0.0-py3.10.egg-info/dependency_links.txt\n'}
[3.946947] (indy_moveit) StdoutLine: {'line': b'-- Installing: /root/common/indy-ros2/install/indy_moveit/local/lib/python3.10/dist-packages/indy_moveit-1.0.0-py3.10.egg-info/top_level.txt\n'}
[3.947042] (indy_moveit) StdoutLine: {'line': b'-- Installing: /root/common/indy-ros2/install/indy_moveit/local/lib/python3.10/dist-packages/indy_moveit\n'}
[3.947108] (indy_moveit) StdoutLine: {'line': b'-- Installing: /root/common/indy-ros2/install/indy_moveit/local/lib/python3.10/dist-packages/indy_moveit/__init__.py\n'}
[3.947175] (indy_moveit) StdoutLine: {'line': b'-- Installing: /root/common/indy-ros2/install/indy_moveit/local/lib/python3.10/dist-packages/indy_moveit/launch_common.py\n'}
[3.950073] (indy_interfaces) StdoutLine: {'line': b'[ 78%] \x1b[32m\x1b[1mLinking CXX shared library libindy_interfaces__rosidl_typesupport_fastrtps_c.so\x1b[0m\n'}
[3.972677] (indy_moveit) StdoutLine: {'line': b"Listing '/root/common/indy-ros2/install/indy_moveit/local/lib/python3.10/dist-packages/indy_moveit'...\n"}
[3.972893] (indy_moveit) StdoutLine: {'line': b"Compiling '/root/common/indy-ros2/install/indy_moveit/local/lib/python3.10/dist-packages/indy_moveit/__init__.py'...\n"}
[3.972995] (indy_moveit) StdoutLine: {'line': b"Compiling '/root/common/indy-ros2/install/indy_moveit/local/lib/python3.10/dist-packages/indy_moveit/launch_common.py'...\n"}
[3.976421] (indy_moveit) StdoutLine: {'line': b'-- Installing: /root/common/indy-ros2/install/indy_moveit/local/lib/python3.10/dist-packages/launch_common.py\n'}
[4.000368] (indy_interfaces) StdoutLine: {'line': b'[ 78%] Built target indy_interfaces__rosidl_typesupport_fastrtps_c\n'}
[4.001557] (indy_moveit) StdoutLine: {'line': b"Compiling '/root/common/indy-ros2/install/indy_moveit/local/lib/python3.10/dist-packages/launch_common.py'...\n"}
[4.004080] (-) TimerEvent: {}
[4.005020] (indy_moveit) StdoutLine: {'line': b'-- Installing: /root/common/indy-ros2/install/indy_moveit/share/ament_index/resource_index/package_run_dependencies/indy_moveit\n'}
[4.005216] (indy_moveit) StdoutLine: {'line': b'-- Installing: /root/common/indy-ros2/install/indy_moveit/share/ament_index/resource_index/parent_prefix_path/indy_moveit\n'}
[4.005301] (indy_moveit) StdoutLine: {'line': b'-- Installing: /root/common/indy-ros2/install/indy_moveit/share/indy_moveit/environment/ament_prefix_path.sh\n'}
[4.005490] (indy_moveit) StdoutLine: {'line': b'-- Installing: /root/common/indy-ros2/install/indy_moveit/share/indy_moveit/environment/ament_prefix_path.dsv\n'}
[4.005628] (indy_moveit) StdoutLine: {'line': b'-- Installing: /root/common/indy-ros2/install/indy_moveit/share/indy_moveit/environment/path.sh\n'}
[4.005704] (indy_moveit) StdoutLine: {'line': b'-- Installing: /root/common/indy-ros2/install/indy_moveit/share/indy_moveit/environment/path.dsv\n'}
[4.005826] (indy_moveit) StdoutLine: {'line': b'-- Installing: /root/common/indy-ros2/install/indy_moveit/share/indy_moveit/local_setup.bash\n'}
[4.005925] (indy_moveit) StdoutLine: {'line': b'-- Installing: /root/common/indy-ros2/install/indy_moveit/share/indy_moveit/local_setup.sh\n'}
[4.006144] (indy_moveit) StdoutLine: {'line': b'-- Installing: /root/common/indy-ros2/install/indy_moveit/share/indy_moveit/local_setup.zsh\n'}
[4.006211] (indy_moveit) StdoutLine: {'line': b'-- Installing: /root/common/indy-ros2/install/indy_moveit/share/indy_moveit/local_setup.dsv\n'}
[4.006289] (indy_moveit) StdoutLine: {'line': b'-- Installing: /root/common/indy-ros2/install/indy_moveit/share/indy_moveit/package.dsv\n'}
[4.006375] (indy_moveit) StdoutLine: {'line': b'-- Installing: /root/common/indy-ros2/install/indy_moveit/share/ament_index/resource_index/packages/indy_moveit\n'}
[4.006427] (indy_moveit) StdoutLine: {'line': b'-- Installing: /root/common/indy-ros2/install/indy_moveit/share/indy_moveit/cmake/indy_moveitConfig.cmake\n'}
[4.006492] (indy_moveit) StdoutLine: {'line': b'-- Installing: /root/common/indy-ros2/install/indy_moveit/share/indy_moveit/cmake/indy_moveitConfig-version.cmake\n'}
[4.006555] (indy_moveit) StdoutLine: {'line': b'-- Installing: /root/common/indy-ros2/install/indy_moveit/share/indy_moveit/package.xml\n'}
[4.007585] (indy_moveit) CommandEnded: {'returncode': 0}
[4.008288] (indy_interfaces) StdoutLine: {'line': b'[ 78%] Built target indy_interfaces\n'}
[4.015613] (indy_interfaces) StdoutLine: {'line': b'[ 80%] \x1b[34m\x1b[1mGenerating Python code for ROS interfaces\x1b[0m\n'}
[4.030893] (indy_moveit) JobEnded: {'identifier': 'indy_moveit', 'rc': 0}
[4.104193] (-) TimerEvent: {}
[4.204424] (-) TimerEvent: {}
[4.304650] (-) TimerEvent: {}
[4.404890] (-) TimerEvent: {}
[4.504350] (indy_interfaces) StdoutLine: {'line': b'[ 80%] Built target indy_interfaces__py\n'}
[4.504958] (-) TimerEvent: {}
[4.511900] (indy_interfaces) StdoutLine: {'line': b'[ 81%] \x1b[32mBuilding C object CMakeFiles/indy_interfaces__rosidl_generator_py.dir/rosidl_generator_py/indy_interfaces/srv/_indy_service_s.c.o\x1b[0m\n'}
[4.512319] (indy_interfaces) StdoutLine: {'line': b'[ 83%] \x1b[32mBuilding C object CMakeFiles/indy_interfaces__rosidl_generator_py.dir/rosidl_generator_py/indy_interfaces/msg/_servo_tx_s.c.o\x1b[0m\n'}
[4.512532] (indy_interfaces) StdoutLine: {'line': b'[ 85%] \x1b[32mBuilding C object CMakeFiles/indy_interfaces__rosidl_generator_py.dir/rosidl_generator_py/indy_interfaces/msg/_servo_rx_s.c.o\x1b[0m\n'}
[4.513084] (indy_interfaces) StdoutLine: {'line': b'[ 87%] \x1b[32mBuilding C object CMakeFiles/indy_interfaces__rosidl_generator_py.dir/rosidl_generator_py/indy_interfaces/msg/_servo_data_array_s.c.o\x1b[0m\n'}
[4.605075] (-) TimerEvent: {}
[4.623129] (indy_interfaces) StdoutLine: {'line': b'[ 89%] \x1b[32m\x1b[1mLinking C shared library rosidl_generator_py/indy_interfaces/libindy_interfaces__rosidl_generator_py.so\x1b[0m\n'}
[4.646356] (indy_interfaces) StdoutLine: {'line': b'[ 89%] Built target indy_interfaces__rosidl_generator_py\n'}
[4.653741] (indy_interfaces) StdoutLine: {'line': b'[ 90%] \x1b[32mBuilding C object CMakeFiles/indy_interfaces__rosidl_typesupport_fastrtps_c__pyext.dir/rosidl_generator_py/indy_interfaces/_indy_interfaces_s.ep.rosidl_typesupport_fastrtps_c.c.o\x1b[0m\n'}
[4.654762] (indy_interfaces) StdoutLine: {'line': b'[ 92%] \x1b[32mBuilding C object CMakeFiles/indy_interfaces__rosidl_typesupport_introspection_c__pyext.dir/rosidl_generator_py/indy_interfaces/_indy_interfaces_s.ep.rosidl_typesupport_introspection_c.c.o\x1b[0m\n'}
[4.655004] (indy_interfaces) StdoutLine: {'line': b'[ 94%] \x1b[32mBuilding C object CMakeFiles/indy_interfaces__rosidl_typesupport_c__pyext.dir/rosidl_generator_py/indy_interfaces/_indy_interfaces_s.ep.rosidl_typesupport_c.c.o\x1b[0m\n'}
[4.705226] (-) TimerEvent: {}
[4.734457] (indy_interfaces) StdoutLine: {'line': b'[ 96%] \x1b[32m\x1b[1mLinking C shared library rosidl_generator_py/indy_interfaces/indy_interfaces_s__rosidl_typesupport_c.cpython-310-x86_64-linux-gnu.so\x1b[0m\n'}
[4.735003] (indy_interfaces) StdoutLine: {'line': b'[ 98%] \x1b[32m\x1b[1mLinking C shared library rosidl_generator_py/indy_interfaces/indy_interfaces_s__rosidl_typesupport_introspection_c.cpython-310-x86_64-linux-gnu.so\x1b[0m\n'}
[4.737635] (indy_interfaces) StdoutLine: {'line': b'[100%] \x1b[32m\x1b[1mLinking C shared library rosidl_generator_py/indy_interfaces/indy_interfaces_s__rosidl_typesupport_fastrtps_c.cpython-310-x86_64-linux-gnu.so\x1b[0m\n'}
[4.753679] (indy_interfaces) StdoutLine: {'line': b'[100%] Built target indy_interfaces__rosidl_typesupport_c__pyext\n'}
[4.754226] (indy_interfaces) StdoutLine: {'line': b'[100%] Built target indy_interfaces__rosidl_typesupport_introspection_c__pyext\n'}
[4.757428] (indy_interfaces) StdoutLine: {'line': b'[100%] Built target indy_interfaces__rosidl_typesupport_fastrtps_c__pyext\n'}
[4.761848] (indy_interfaces) CommandEnded: {'returncode': 0}
[4.805353] (-) TimerEvent: {}
[4.836915] (indy_interfaces) JobProgress: {'identifier': 'indy_interfaces', 'progress': 'install'}
[4.837237] (indy_interfaces) Command: {'cmd': ['/usr/bin/cmake', '--install', '/root/common/indy-ros2/build/indy_interfaces'], 'cwd': '/root/common/indy-ros2/build/indy_interfaces', 'env': OrderedDict([('NV_LIBCUBLAS_VERSION', '11.11.3.6-1'), ('NV_CUDA_COMPAT_PACKAGE', 'cuda-compat-11-8'), ('HOSTNAME', 'idim'), ('SHLVL', '1'), ('LD_LIBRARY_PATH', '/opt/ros/humble/lib'), ('NV_LIBNCCL_PACKAGE_VERSION', '2.15.5-1'), ('AMENT_CPPCHECK_ALLOW_SLOW_VERSIONS', '1'), ('HOME', '/root'), ('OLDPWD', '/root/common/indy-ros2/src'), ('ROS_PYTHON_VERSION', '3'), ('PS1', '\\[\x1b[0;33m\\]idim \\W $ \\[\x1b[0m\\]'), ('NV_LIBNPP_PACKAGE', 'libnpp-11-8=11.8.0.86-1'), ('CUDA_VERSION', '11.8.0'), ('COLCON_PREFIX_PATH', '/opt/ros/humble'), ('ROS_DISTRO', 'humble'), ('NV_LIBCUBLAS_PACKAGE_NAME', 'libcublas-11-8'), ('NVIDIA_REQUIRE_CUDA', 'cuda>=11.8 brand=tesla,driver>=470,driver<471 brand=unknown,driver>=470,driver<471 brand=nvidia,driver>=470,driver<471 brand=nvidiartx,driver>=470,driver<471 brand=geforce,driver>=470,driver<471 brand=geforcertx,driver>=470,driver<471 brand=quadro,driver>=470,driver<471 brand=quadrortx,driver>=470,driver<471 brand=titan,driver>=470,driver<471 brand=titanrtx,driver>=470,driver<471'), ('_', '/usr/bin/colcon'), ('ROS_VERSION', '2'), ('NV_LIBCUSPARSE_VERSION', '11.7.5.86-1'), ('NVIDIA_DRIVER_CAPABILITIES', 'graphics,utility,compute'), ('NV_CUDA_LIB_VERSION', '11.8.0-1'), ('NV_LIBNCCL_PACKAGE_NAME', 'libnccl2'), ('TERM', 'xterm'), ('NV_CUDA_CUDART_VERSION', '11.8.89-1'), ('QT_X11_NO_MITSHM', '1'), ('PATH', '/opt/ros/humble/bin:/usr/local/nvidia/bin:/usr/local/cuda/bin:/usr/local/sbin:/usr/local/bin:/usr/sbin:/usr/bin:/sbin:/bin'), ('NV_LIBCUBLAS_PACKAGE', 'libcublas-11-8=11.11.3.6-1'), ('NVARCH', 'x86_64'), ('DISPLAY', ':1'), ('NV_LIBNCCL_PACKAGE', 'libnccl2=2.15.5-1+cuda11.8'), ('NVIDIA_PRODUCT_NAME', 'CUDA'), ('LANG', 'en_US.UTF-8'), ('XAUTHORITY', '/tmp/.docker.xauth'), ('LS_COLORS', 'rs=0:di=01;34:ln=01;36:mh=00:pi=40;33:so=01;35:do=01;35:bd=40;33;01:cd=40;33;01:or=40;31;01:mi=00:su=37;41:sg=30;43:ca=30;41:tw=30;42:ow=34;42:st=37;44:ex=01;32:*.tar=01;31:*.tgz=01;31:*.arc=01;31:*.arj=01;31:*.taz=01;31:*.lha=01;31:*.lz4=01;31:*.lzh=01;31:*.lzma=01;31:*.tlz=01;31:*.txz=01;31:*.tzo=01;31:*.t7z=01;31:*.zip=01;31:*.z=01;31:*.dz=01;31:*.gz=01;31:*.lrz=01;31:*.lz=01;31:*.lzo=01;31:*.xz=01;31:*.zst=01;31:*.tzst=01;31:*.bz2=01;31:*.bz=01;31:*.tbz=01;31:*.tbz2=01;31:*.tz=01;31:*.deb=01;31:*.rpm=01;31:*.jar=01;31:*.war=01;31:*.ear=01;31:*.sar=01;31:*.rar=01;31:*.alz=01;31:*.ace=01;31:*.zoo=01;31:*.cpio=01;31:*.7z=01;31:*.rz=01;31:*.cab=01;31:*.wim=01;31:*.swm=01;31:*.dwm=01;31:*.esd=01;31:*.jpg=01;35:*.jpeg=01;35:*.mjpg=01;35:*.mjpeg=01;35:*.gif=01;35:*.bmp=01;35:*.pbm=01;35:*.pgm=01;35:*.ppm=01;35:*.tga=01;35:*.xbm=01;35:*.xpm=01;35:*.tif=01;35:*.tiff=01;35:*.png=01;35:*.svg=01;35:*.svgz=01;35:*.mng=01;35:*.pcx=01;35:*.mov=01;35:*.mpg=01;35:*.mpeg=01;35:*.m2v=01;35:*.mkv=01;35:*.webm=01;35:*.webp=01;35:*.ogm=01;35:*.mp4=01;35:*.m4v=01;35:*.mp4v=01;35:*.vob=01;35:*.qt=01;35:*.nuv=01;35:*.wmv=01;35:*.asf=01;35:*.rm=01;35:*.rmvb=01;35:*.flc=01;35:*.avi=01;35:*.fli=01;35:*.flv=01;35:*.gl=01;35:*.dl=01;35:*.xcf=01;35:*.xwd=01;35:*.yuv=01;35:*.cgm=01;35:*.emf=01;35:*.ogv=01;35:*.ogx=01;35:*.aac=00;36:*.au=00;36:*.flac=00;36:*.m4a=00;36:*.mid=00;36:*.midi=00;36:*.mka=00;36:*.mp3=00;36:*.mpc=00;36:*.ogg=00;36:*.ra=00;36:*.wav=00;36:*.oga=00;36:*.opus=00;36:*.spx=00;36:*.xspf=00;36:'), ('AMENT_PREFIX_PATH', '/opt/ros/humble'), ('DEBIAN_FRONTEND', 'noninteractive'), ('NV_NVTX_VERSION', '11.8.86-1'), ('NV_LIBNPP_VERSION', '11.8.0.86-1'), ('PWD', '/root/common/indy-ros2/build/indy_interfaces'), ('PYTHONPATH', '/opt/ros/humble/local/lib/python3.10/dist-packages:/opt/ros/humble/lib/python3.10/site-packages'), ('NVIDIA_VISIBLE_DEVICES', 'all'), ('NCCL_VERSION', '2.15.5-1'), ('DEBCONF_NOWARNINGS', 'yes'), ('COLCON', '1'), ('CMAKE_PREFIX_PATH', '/opt/ros/humble')]), 'shell': False}
[4.842145] (indy_interfaces) StdoutLine: {'line': b'-- Install configuration: ""\n'}
[4.842362] (indy_interfaces) StdoutLine: {'line': b'-- Installing: /root/common/indy-ros2/install/indy_interfaces/share/ament_index/resource_index/rosidl_interfaces/indy_interfaces\n'}
[4.842600] (indy_interfaces) StdoutLine: {'line': b'-- Installing: /root/common/indy-ros2/install/indy_interfaces/include/indy_interfaces/indy_interfaces\n'}
[4.842812] (indy_interfaces) StdoutLine: {'line': b'-- Installing: /root/common/indy-ros2/install/indy_interfaces/include/indy_interfaces/indy_interfaces/msg\n'}
[4.843041] (indy_interfaces) StdoutLine: {'line': b'-- Installing: /root/common/indy-ros2/install/indy_interfaces/include/indy_interfaces/indy_interfaces/msg/servo_rx.h\n'}
[4.843174] (indy_interfaces) StdoutLine: {'line': b'-- Installing: /root/common/indy-ros2/install/indy_interfaces/include/indy_interfaces/indy_interfaces/msg/detail\n'}
[4.843283] (indy_interfaces) StdoutLine: {'line': b'-- Installing: /root/common/indy-ros2/install/indy_interfaces/include/indy_interfaces/indy_interfaces/msg/detail/servo_rx__functions.c\n'}
[4.843375] (indy_interfaces) StdoutLine: {'line': b'-- Installing: /root/common/indy-ros2/install/indy_interfaces/include/indy_interfaces/indy_interfaces/msg/detail/servo_tx__type_support.h\n'}
[4.843452] (indy_interfaces) StdoutLine: {'line': b'-- Installing: /root/common/indy-ros2/install/indy_interfaces/include/indy_interfaces/indy_interfaces/msg/detail/servo_rx__struct.h\n'}
[4.843547] (indy_interfaces) StdoutLine: {'line': b'-- Installing: /root/common/indy-ros2/install/indy_interfaces/include/indy_interfaces/indy_interfaces/msg/detail/servo_data_array__struct.h\n'}
[4.843621] (indy_interfaces) StdoutLine: {'line': b'-- Installing: /root/common/indy-ros2/install/indy_interfaces/include/indy_interfaces/indy_interfaces/msg/detail/servo_data_array__functions.h\n'}
[4.843720] (indy_interfaces) StdoutLine: {'line': b'-- Installing: /root/common/indy-ros2/install/indy_interfaces/include/indy_interfaces/indy_interfaces/msg/detail/servo_data_array__type_support.h\n'}
[4.843821] (indy_interfaces) StdoutLine: {'line': b'-- Installing: /root/common/indy-ros2/install/indy_interfaces/include/indy_interfaces/indy_interfaces/msg/detail/servo_rx__type_support.h\n'}
[4.843921] (indy_interfaces) StdoutLine: {'line': b'-- Installing: /root/common/indy-ros2/install/indy_interfaces/include/indy_interfaces/indy_interfaces/msg/detail/servo_rx__functions.h\n'}
[4.844028] (indy_interfaces) StdoutLine: {'line': b'-- Installing: /root/common/indy-ros2/install/indy_interfaces/include/indy_interfaces/indy_interfaces/msg/detail/servo_tx__struct.h\n'}
[4.844127] (indy_interfaces) StdoutLine: {'line': b'-- Installing: /root/common/indy-ros2/install/indy_interfaces/include/indy_interfaces/indy_interfaces/msg/detail/servo_data_array__functions.c\n'}
[4.844202] (indy_interfaces) StdoutLine: {'line': b'-- Installing: /root/common/indy-ros2/install/indy_interfaces/include/indy_interfaces/indy_interfaces/msg/detail/servo_tx__functions.c\n'}
[4.844311] (indy_interfaces) StdoutLine: {'line': b'-- Installing: /root/common/indy-ros2/install/indy_interfaces/include/indy_interfaces/indy_interfaces/msg/detail/servo_tx__functions.h\n'}
[4.844407] (indy_interfaces) StdoutLine: {'line': b'-- Installing: /root/common/indy-ros2/install/indy_interfaces/include/indy_interfaces/indy_interfaces/msg/servo_data_array.h\n'}
[4.844518] (indy_interfaces) StdoutLine: {'line': b'-- Installing: /root/common/indy-ros2/install/indy_interfaces/include/indy_interfaces/indy_interfaces/msg/servo_tx.h\n'}
[4.844629] (indy_interfaces) StdoutLine: {'line': b'-- Installing: /root/common/indy-ros2/install/indy_interfaces/include/indy_interfaces/indy_interfaces/msg/rosidl_generator_c__visibility_control.h\n'}
[4.844742] (indy_interfaces) StdoutLine: {'line': b'-- Installing: /root/common/indy-ros2/install/indy_interfaces/include/indy_interfaces/indy_interfaces/srv\n'}
[4.844907] (indy_interfaces) StdoutLine: {'line': b'-- Installing: /root/common/indy-ros2/install/indy_interfaces/include/indy_interfaces/indy_interfaces/srv/detail\n'}
[4.845011] (indy_interfaces) StdoutLine: {'line': b'-- Installing: /root/common/indy-ros2/install/indy_interfaces/include/indy_interfaces/indy_interfaces/srv/detail/indy_service__struct.h\n'}
[4.845107] (indy_interfaces) StdoutLine: {'line': b'-- Installing: /root/common/indy-ros2/install/indy_interfaces/include/indy_interfaces/indy_interfaces/srv/detail/indy_service__functions.c\n'}
[4.845207] (indy_interfaces) StdoutLine: {'line': b'-- Installing: /root/common/indy-ros2/install/indy_interfaces/include/indy_interfaces/indy_interfaces/srv/detail/indy_service__type_support.h\n'}
[4.845307] (indy_interfaces) StdoutLine: {'line': b'-- Installing: /root/common/indy-ros2/install/indy_interfaces/include/indy_interfaces/indy_interfaces/srv/detail/indy_service__functions.h\n'}
[4.845439] (indy_interfaces) StdoutLine: {'line': b'-- Installing: /root/common/indy-ros2/install/indy_interfaces/include/indy_interfaces/indy_interfaces/srv/indy_service.h\n'}
[4.845641] (indy_interfaces) StdoutLine: {'line': b'-- Installing: /root/common/indy-ros2/install/indy_interfaces/share/indy_interfaces/environment/library_path.sh\n'}
[4.845794] (indy_interfaces) StdoutLine: {'line': b'-- Installing: /root/common/indy-ros2/install/indy_interfaces/share/indy_interfaces/environment/library_path.dsv\n'}
[4.845994] (indy_interfaces) StdoutLine: {'line': b'-- Installing: /root/common/indy-ros2/install/indy_interfaces/lib/libindy_interfaces__rosidl_generator_c.so\n'}
[4.846531] (indy_interfaces) StdoutLine: {'line': b'-- Set non-toolchain portion of runtime path of "/root/common/indy-ros2/install/indy_interfaces/lib/libindy_interfaces__rosidl_generator_c.so" to ""\n'}
[4.846644] (indy_interfaces) StdoutLine: {'line': b'-- Up-to-date: /root/common/indy-ros2/install/indy_interfaces/include/indy_interfaces/indy_interfaces\n'}
[4.846767] (indy_interfaces) StdoutLine: {'line': b'-- Up-to-date: /root/common/indy-ros2/install/indy_interfaces/include/indy_interfaces/indy_interfaces/msg\n'}
[4.846842] (indy_interfaces) StdoutLine: {'line': b'-- Up-to-date: /root/common/indy-ros2/install/indy_interfaces/include/indy_interfaces/indy_interfaces/msg/detail\n'}
[4.846936] (indy_interfaces) StdoutLine: {'line': b'-- Installing: /root/common/indy-ros2/install/indy_interfaces/include/indy_interfaces/indy_interfaces/msg/detail/servo_data_array__rosidl_typesupport_fastrtps_c.h\n'}
[4.847037] (indy_interfaces) StdoutLine: {'line': b'-- Installing: /root/common/indy-ros2/install/indy_interfaces/include/indy_interfaces/indy_interfaces/msg/detail/servo_rx__rosidl_typesupport_fastrtps_c.h\n'}
[4.847146] (indy_interfaces) StdoutLine: {'line': b'-- Installing: /root/common/indy-ros2/install/indy_interfaces/include/indy_interfaces/indy_interfaces/msg/detail/servo_tx__rosidl_typesupport_fastrtps_c.h\n'}
[4.847223] (indy_interfaces) StdoutLine: {'line': b'-- Installing: /root/common/indy-ros2/install/indy_interfaces/include/indy_interfaces/indy_interfaces/msg/rosidl_typesupport_fastrtps_c__visibility_control.h\n'}
[4.847346] (indy_interfaces) StdoutLine: {'line': b'-- Up-to-date: /root/common/indy-ros2/install/indy_interfaces/include/indy_interfaces/indy_interfaces/srv\n'}
[4.847444] (indy_interfaces) StdoutLine: {'line': b'-- Up-to-date: /root/common/indy-ros2/install/indy_interfaces/include/indy_interfaces/indy_interfaces/srv/detail\n'}
[4.847537] (indy_interfaces) StdoutLine: {'line': b'-- Installing: /root/common/indy-ros2/install/indy_interfaces/include/indy_interfaces/indy_interfaces/srv/detail/indy_service__rosidl_typesupport_fastrtps_c.h\n'}
[4.847614] (indy_interfaces) StdoutLine: {'line': b'-- Installing: /root/common/indy-ros2/install/indy_interfaces/lib/libindy_interfaces__rosidl_typesupport_fastrtps_c.so\n'}
[4.848078] (indy_interfaces) StdoutLine: {'line': b'-- Set non-toolchain portion of runtime path of "/root/common/indy-ros2/install/indy_interfaces/lib/libindy_interfaces__rosidl_typesupport_fastrtps_c.so" to ""\n'}
[4.848210] (indy_interfaces) StdoutLine: {'line': b'-- Up-to-date: /root/common/indy-ros2/install/indy_interfaces/include/indy_interfaces/indy_interfaces\n'}
[4.848312] (indy_interfaces) StdoutLine: {'line': b'-- Up-to-date: /root/common/indy-ros2/install/indy_interfaces/include/indy_interfaces/indy_interfaces/msg\n'}
[4.848386] (indy_interfaces) StdoutLine: {'line': b'-- Up-to-date: /root/common/indy-ros2/install/indy_interfaces/include/indy_interfaces/indy_interfaces/msg/detail\n'}
[4.848490] (indy_interfaces) StdoutLine: {'line': b'-- Installing: /root/common/indy-ros2/install/indy_interfaces/include/indy_interfaces/indy_interfaces/msg/detail/servo_tx__type_support.c\n'}
[4.848588] (indy_interfaces) StdoutLine: {'line': b'-- Installing: /root/common/indy-ros2/install/indy_interfaces/include/indy_interfaces/indy_interfaces/msg/detail/servo_data_array__type_support.c\n'}
[4.848686] (indy_interfaces) StdoutLine: {'line': b'-- Installing: /root/common/indy-ros2/install/indy_interfaces/include/indy_interfaces/indy_interfaces/msg/detail/servo_tx__rosidl_typesupport_introspection_c.h\n'}
[4.848808] (indy_interfaces) StdoutLine: {'line': b'-- Installing: /root/common/indy-ros2/install/indy_interfaces/include/indy_interfaces/indy_interfaces/msg/detail/servo_data_array__rosidl_typesupport_introspection_c.h\n'}
[4.848889] (indy_interfaces) StdoutLine: {'line': b'-- Installing: /root/common/indy-ros2/install/indy_interfaces/include/indy_interfaces/indy_interfaces/msg/detail/servo_rx__rosidl_typesupport_introspection_c.h\n'}
[4.848996] (indy_interfaces) StdoutLine: {'line': b'-- Installing: /root/common/indy-ros2/install/indy_interfaces/include/indy_interfaces/indy_interfaces/msg/detail/servo_rx__type_support.c\n'}
[4.849125] (indy_interfaces) StdoutLine: {'line': b'-- Installing: /root/common/indy-ros2/install/indy_interfaces/include/indy_interfaces/indy_interfaces/msg/rosidl_typesupport_introspection_c__visibility_control.h\n'}
[4.849298] (indy_interfaces) StdoutLine: {'line': b'-- Up-to-date: /root/common/indy-ros2/install/indy_interfaces/include/indy_interfaces/indy_interfaces/srv\n'}
[4.849404] (indy_interfaces) StdoutLine: {'line': b'-- Up-to-date: /root/common/indy-ros2/install/indy_interfaces/include/indy_interfaces/indy_interfaces/srv/detail\n'}
[4.849499] (indy_interfaces) StdoutLine: {'line': b'-- Installing: /root/common/indy-ros2/install/indy_interfaces/include/indy_interfaces/indy_interfaces/srv/detail/indy_service__type_support.c\n'}
[4.849573] (indy_interfaces) StdoutLine: {'line': b'-- Installing: /root/common/indy-ros2/install/indy_interfaces/include/indy_interfaces/indy_interfaces/srv/detail/indy_service__rosidl_typesupport_introspection_c.h\n'}
[4.849667] (indy_interfaces) StdoutLine: {'line': b'-- Installing: /root/common/indy-ros2/install/indy_interfaces/lib/libindy_interfaces__rosidl_typesupport_introspection_c.so\n'}
[4.850085] (indy_interfaces) StdoutLine: {'line': b'-- Set non-toolchain portion of runtime path of "/root/common/indy-ros2/install/indy_interfaces/lib/libindy_interfaces__rosidl_typesupport_introspection_c.so" to ""\n'}
[4.850183] (indy_interfaces) StdoutLine: {'line': b'-- Installing: /root/common/indy-ros2/install/indy_interfaces/lib/libindy_interfaces__rosidl_typesupport_c.so\n'}
[4.850595] (indy_interfaces) StdoutLine: {'line': b'-- Set non-toolchain portion of runtime path of "/root/common/indy-ros2/install/indy_interfaces/lib/libindy_interfaces__rosidl_typesupport_c.so" to ""\n'}
[4.850727] (indy_interfaces) StdoutLine: {'line': b'-- Up-to-date: /root/common/indy-ros2/install/indy_interfaces/include/indy_interfaces/indy_interfaces\n'}
[4.850825] (indy_interfaces) StdoutLine: {'line': b'-- Up-to-date: /root/common/indy-ros2/install/indy_interfaces/include/indy_interfaces/indy_interfaces/msg\n'}
[4.850915] (indy_interfaces) StdoutLine: {'line': b'-- Up-to-date: /root/common/indy-ros2/install/indy_interfaces/include/indy_interfaces/indy_interfaces/msg/detail\n'}
[4.850991] (indy_interfaces) StdoutLine: {'line': b'-- Installing: /root/common/indy-ros2/install/indy_interfaces/include/indy_interfaces/indy_interfaces/msg/detail/servo_tx__struct.hpp\n'}
[4.851084] (indy_interfaces) StdoutLine: {'line': b'-- Installing: /root/common/indy-ros2/install/indy_interfaces/include/indy_interfaces/indy_interfaces/msg/detail/servo_data_array__struct.hpp\n'}
[4.851179] (indy_interfaces) StdoutLine: {'line': b'-- Installing: /root/common/indy-ros2/install/indy_interfaces/include/indy_interfaces/indy_interfaces/msg/detail/servo_data_array__builder.hpp\n'}
[4.851253] (indy_interfaces) StdoutLine: {'line': b'-- Installing: /root/common/indy-ros2/install/indy_interfaces/include/indy_interfaces/indy_interfaces/msg/detail/servo_tx__traits.hpp\n'}
[4.851347] (indy_interfaces) StdoutLine: {'line': b'-- Installing: /root/common/indy-ros2/install/indy_interfaces/include/indy_interfaces/indy_interfaces/msg/detail/servo_rx__struct.hpp\n'}
[4.851439] (indy_interfaces) StdoutLine: {'line': b'-- Installing: /root/common/indy-ros2/install/indy_interfaces/include/indy_interfaces/indy_interfaces/msg/detail/servo_rx__traits.hpp\n'}
[4.851529] (indy_interfaces) StdoutLine: {'line': b'-- Installing: /root/common/indy-ros2/install/indy_interfaces/include/indy_interfaces/indy_interfaces/msg/detail/servo_tx__builder.hpp\n'}
[4.851641] (indy_interfaces) StdoutLine: {'line': b'-- Installing: /root/common/indy-ros2/install/indy_interfaces/include/indy_interfaces/indy_interfaces/msg/detail/servo_data_array__traits.hpp\n'}
[4.851766] (indy_interfaces) StdoutLine: {'line': b'-- Installing: /root/common/indy-ros2/install/indy_interfaces/include/indy_interfaces/indy_interfaces/msg/detail/servo_rx__builder.hpp\n'}
[4.851917] (indy_interfaces) StdoutLine: {'line': b'-- Installing: /root/common/indy-ros2/install/indy_interfaces/include/indy_interfaces/indy_interfaces/msg/servo_tx.hpp\n'}
[4.852031] (indy_interfaces) StdoutLine: {'line': b'-- Installing: /root/common/indy-ros2/install/indy_interfaces/include/indy_interfaces/indy_interfaces/msg/servo_rx.hpp\n'}
[4.852151] (indy_interfaces) StdoutLine: {'line': b'-- Installing: /root/common/indy-ros2/install/indy_interfaces/include/indy_interfaces/indy_interfaces/msg/servo_data_array.hpp\n'}
[4.852260] (indy_interfaces) StdoutLine: {'line': b'-- Up-to-date: /root/common/indy-ros2/install/indy_interfaces/include/indy_interfaces/indy_interfaces/srv\n'}
[4.852360] (indy_interfaces) StdoutLine: {'line': b'-- Installing: /root/common/indy-ros2/install/indy_interfaces/include/indy_interfaces/indy_interfaces/srv/indy_service.hpp\n'}
[4.852461] (indy_interfaces) StdoutLine: {'line': b'-- Up-to-date: /root/common/indy-ros2/install/indy_interfaces/include/indy_interfaces/indy_interfaces/srv/detail\n'}
[4.852542] (indy_interfaces) StdoutLine: {'line': b'-- Installing: /root/common/indy-ros2/install/indy_interfaces/include/indy_interfaces/indy_interfaces/srv/detail/indy_service__struct.hpp\n'}
[4.852636] (indy_interfaces) StdoutLine: {'line': b'-- Installing: /root/common/indy-ros2/install/indy_interfaces/include/indy_interfaces/indy_interfaces/srv/detail/indy_service__traits.hpp\n'}
[4.852734] (indy_interfaces) StdoutLine: {'line': b'-- Installing: /root/common/indy-ros2/install/indy_interfaces/include/indy_interfaces/indy_interfaces/srv/detail/indy_service__builder.hpp\n'}
[4.852934] (indy_interfaces) StdoutLine: {'line': b'-- Up-to-date: /root/common/indy-ros2/install/indy_interfaces/include/indy_interfaces/indy_interfaces\n'}
[4.853062] (indy_interfaces) StdoutLine: {'line': b'-- Up-to-date: /root/common/indy-ros2/install/indy_interfaces/include/indy_interfaces/indy_interfaces/msg\n'}
[4.853160] (indy_interfaces) StdoutLine: {'line': b'-- Up-to-date: /root/common/indy-ros2/install/indy_interfaces/include/indy_interfaces/indy_interfaces/msg/detail\n'}
[4.853236] (indy_interfaces) StdoutLine: {'line': b'-- Installing: /root/common/indy-ros2/install/indy_interfaces/include/indy_interfaces/indy_interfaces/msg/detail/dds_fastrtps\n'}
[4.853330] (indy_interfaces) StdoutLine: {'line': b'-- Installing: /root/common/indy-ros2/install/indy_interfaces/include/indy_interfaces/indy_interfaces/msg/detail/servo_data_array__rosidl_typesupport_fastrtps_cpp.hpp\n'}
[4.853429] (indy_interfaces) StdoutLine: {'line': b'-- Installing: /root/common/indy-ros2/install/indy_interfaces/include/indy_interfaces/indy_interfaces/msg/detail/servo_rx__rosidl_typesupport_fastrtps_cpp.hpp\n'}
[4.853519] (indy_interfaces) StdoutLine: {'line': b'-- Installing: /root/common/indy-ros2/install/indy_interfaces/include/indy_interfaces/indy_interfaces/msg/detail/servo_tx__rosidl_typesupport_fastrtps_cpp.hpp\n'}
[4.853594] (indy_interfaces) StdoutLine: {'line': b'-- Installing: /root/common/indy-ros2/install/indy_interfaces/include/indy_interfaces/indy_interfaces/msg/rosidl_typesupport_fastrtps_cpp__visibility_control.h\n'}
[4.853738] (indy_interfaces) StdoutLine: {'line': b'-- Up-to-date: /root/common/indy-ros2/install/indy_interfaces/include/indy_interfaces/indy_interfaces/srv\n'}
[4.853839] (indy_interfaces) StdoutLine: {'line': b'-- Up-to-date: /root/common/indy-ros2/install/indy_interfaces/include/indy_interfaces/indy_interfaces/srv/detail\n'}
[4.853914] (indy_interfaces) StdoutLine: {'line': b'-- Installing: /root/common/indy-ros2/install/indy_interfaces/include/indy_interfaces/indy_interfaces/srv/detail/dds_fastrtps\n'}
[4.854015] (indy_interfaces) StdoutLine: {'line': b'-- Installing: /root/common/indy-ros2/install/indy_interfaces/include/indy_interfaces/indy_interfaces/srv/detail/indy_service__rosidl_typesupport_fastrtps_cpp.hpp\n'}
[4.854090] (indy_interfaces) StdoutLine: {'line': b'-- Installing: /root/common/indy-ros2/install/indy_interfaces/lib/libindy_interfaces__rosidl_typesupport_fastrtps_cpp.so\n'}
[4.854576] (indy_interfaces) StdoutLine: {'line': b'-- Set non-toolchain portion of runtime path of "/root/common/indy-ros2/install/indy_interfaces/lib/libindy_interfaces__rosidl_typesupport_fastrtps_cpp.so" to ""\n'}
[4.854723] (indy_interfaces) StdoutLine: {'line': b'-- Up-to-date: /root/common/indy-ros2/install/indy_interfaces/include/indy_interfaces/indy_interfaces\n'}
[4.854821] (indy_interfaces) StdoutLine: {'line': b'-- Up-to-date: /root/common/indy-ros2/install/indy_interfaces/include/indy_interfaces/indy_interfaces/msg\n'}
[4.854917] (indy_interfaces) StdoutLine: {'line': b'-- Up-to-date: /root/common/indy-ros2/install/indy_interfaces/include/indy_interfaces/indy_interfaces/msg/detail\n'}
[4.854991] (indy_interfaces) StdoutLine: {'line': b'-- Installing: /root/common/indy-ros2/install/indy_interfaces/include/indy_interfaces/indy_interfaces/msg/detail/servo_rx__rosidl_typesupport_introspection_cpp.hpp\n'}
[4.855086] (indy_interfaces) StdoutLine: {'line': b'-- Installing: /root/common/indy-ros2/install/indy_interfaces/include/indy_interfaces/indy_interfaces/msg/detail/servo_tx__rosidl_typesupport_introspection_cpp.hpp\n'}
[4.855191] (indy_interfaces) StdoutLine: {'line': b'-- Installing: /root/common/indy-ros2/install/indy_interfaces/include/indy_interfaces/indy_interfaces/msg/detail/servo_tx__type_support.cpp\n'}
[4.855288] (indy_interfaces) StdoutLine: {'line': b'-- Installing: /root/common/indy-ros2/install/indy_interfaces/include/indy_interfaces/indy_interfaces/msg/detail/servo_rx__type_support.cpp\n'}
[4.855364] (indy_interfaces) StdoutLine: {'line': b'-- Installing: /root/common/indy-ros2/install/indy_interfaces/include/indy_interfaces/indy_interfaces/msg/detail/servo_data_array__type_support.cpp\n'}
[4.855460] (indy_interfaces) StdoutLine: {'line': b'-- Installing: /root/common/indy-ros2/install/indy_interfaces/include/indy_interfaces/indy_interfaces/msg/detail/servo_data_array__rosidl_typesupport_introspection_cpp.hpp\n'}
[4.855580] (indy_interfaces) StdoutLine: {'line': b'-- Up-to-date: /root/common/indy-ros2/install/indy_interfaces/include/indy_interfaces/indy_interfaces/srv\n'}
[4.855681] (indy_interfaces) StdoutLine: {'line': b'-- Up-to-date: /root/common/indy-ros2/install/indy_interfaces/include/indy_interfaces/indy_interfaces/srv/detail\n'}
[4.855785] (indy_interfaces) StdoutLine: {'line': b'-- Installing: /root/common/indy-ros2/install/indy_interfaces/include/indy_interfaces/indy_interfaces/srv/detail/indy_service__type_support.cpp\n'}
[4.855860] (indy_interfaces) StdoutLine: {'line': b'-- Installing: /root/common/indy-ros2/install/indy_interfaces/include/indy_interfaces/indy_interfaces/srv/detail/indy_service__rosidl_typesupport_introspection_cpp.hpp\n'}
[4.855956] (indy_interfaces) StdoutLine: {'line': b'-- Installing: /root/common/indy-ros2/install/indy_interfaces/lib/libindy_interfaces__rosidl_typesupport_introspection_cpp.so\n'}
[4.856525] (indy_interfaces) StdoutLine: {'line': b'-- Set non-toolchain portion of runtime path of "/root/common/indy-ros2/install/indy_interfaces/lib/libindy_interfaces__rosidl_typesupport_introspection_cpp.so" to ""\n'}
[4.856632] (indy_interfaces) StdoutLine: {'line': b'-- Installing: /root/common/indy-ros2/install/indy_interfaces/lib/libindy_interfaces__rosidl_typesupport_cpp.so\n'}
[4.857107] (indy_interfaces) StdoutLine: {'line': b'-- Set non-toolchain portion of runtime path of "/root/common/indy-ros2/install/indy_interfaces/lib/libindy_interfaces__rosidl_typesupport_cpp.so" to ""\n'}
[4.857217] (indy_interfaces) StdoutLine: {'line': b'-- Installing: /root/common/indy-ros2/install/indy_interfaces/share/indy_interfaces/environment/pythonpath.sh\n'}
[4.857309] (indy_interfaces) StdoutLine: {'line': b'-- Installing: /root/common/indy-ros2/install/indy_interfaces/share/indy_interfaces/environment/pythonpath.dsv\n'}
[4.857419] (indy_interfaces) StdoutLine: {'line': b'-- Installing: /root/common/indy-ros2/install/indy_interfaces/local/lib/python3.10/dist-packages/indy_interfaces-0.0.0-py3.10.egg-info\n'}
[4.857563] (indy_interfaces) StdoutLine: {'line': b'-- Installing: /root/common/indy-ros2/install/indy_interfaces/local/lib/python3.10/dist-packages/indy_interfaces-0.0.0-py3.10.egg-info/SOURCES.txt\n'}
[4.857697] (indy_interfaces) StdoutLine: {'line': b'-- Installing: /root/common/indy-ros2/install/indy_interfaces/local/lib/python3.10/dist-packages/indy_interfaces-0.0.0-py3.10.egg-info/PKG-INFO\n'}
[4.857807] (indy_interfaces) StdoutLine: {'line': b'-- Installing: /root/common/indy-ros2/install/indy_interfaces/local/lib/python3.10/dist-packages/indy_interfaces-0.0.0-py3.10.egg-info/dependency_links.txt\n'}
[4.857934] (indy_interfaces) StdoutLine: {'line': b'-- Installing: /root/common/indy-ros2/install/indy_interfaces/local/lib/python3.10/dist-packages/indy_interfaces-0.0.0-py3.10.egg-info/top_level.txt\n'}
[4.858076] (indy_interfaces) StdoutLine: {'line': b'-- Installing: /root/common/indy-ros2/install/indy_interfaces/local/lib/python3.10/dist-packages/indy_interfaces\n'}
[4.858188] (indy_interfaces) StdoutLine: {'line': b'-- Installing: /root/common/indy-ros2/install/indy_interfaces/local/lib/python3.10/dist-packages/indy_interfaces/_indy_interfaces_s.ep.rosidl_typesupport_introspection_c.c\n'}
[4.858336] (indy_interfaces) StdoutLine: {'line': b'-- Installing: /root/common/indy-ros2/install/indy_interfaces/local/lib/python3.10/dist-packages/indy_interfaces/libindy_interfaces__rosidl_generator_py.so\n'}
[4.858501] (indy_interfaces) StdoutLine: {'line': b'-- Installing: /root/common/indy-ros2/install/indy_interfaces/local/lib/python3.10/dist-packages/indy_interfaces/msg\n'}
[4.858612] (indy_interfaces) StdoutLine: {'line': b'-- Installing: /root/common/indy-ros2/install/indy_interfaces/local/lib/python3.10/dist-packages/indy_interfaces/msg/_servo_data_array_s.c\n'}
[4.858722] (indy_interfaces) StdoutLine: {'line': b'-- Installing: /root/common/indy-ros2/install/indy_interfaces/local/lib/python3.10/dist-packages/indy_interfaces/msg/_servo_rx.py\n'}
[4.858852] (indy_interfaces) StdoutLine: {'line': b'-- Installing: /root/common/indy-ros2/install/indy_interfaces/local/lib/python3.10/dist-packages/indy_interfaces/msg/_servo_data_array.py\n'}
[4.858981] (indy_interfaces) StdoutLine: {'line': b'-- Installing: /root/common/indy-ros2/install/indy_interfaces/local/lib/python3.10/dist-packages/indy_interfaces/msg/__init__.py\n'}
[4.859105] (indy_interfaces) StdoutLine: {'line': b'-- Installing: /root/common/indy-ros2/install/indy_interfaces/local/lib/python3.10/dist-packages/indy_interfaces/msg/_servo_tx.py\n'}
[4.859237] (indy_interfaces) StdoutLine: {'line': b'-- Installing: /root/common/indy-ros2/install/indy_interfaces/local/lib/python3.10/dist-packages/indy_interfaces/msg/_servo_rx_s.c\n'}
[4.859364] (indy_interfaces) StdoutLine: {'line': b'-- Installing: /root/common/indy-ros2/install/indy_interfaces/local/lib/python3.10/dist-packages/indy_interfaces/msg/_servo_tx_s.c\n'}
[4.859492] (indy_interfaces) StdoutLine: {'line': b'-- Installing: /root/common/indy-ros2/install/indy_interfaces/local/lib/python3.10/dist-packages/indy_interfaces/__init__.py\n'}
[4.859601] (indy_interfaces) StdoutLine: {'line': b'-- Installing: /root/common/indy-ros2/install/indy_interfaces/local/lib/python3.10/dist-packages/indy_interfaces/_indy_interfaces_s.ep.rosidl_typesupport_c.c\n'}
[4.859746] (indy_interfaces) StdoutLine: {'line': b'-- Installing: /root/common/indy-ros2/install/indy_interfaces/local/lib/python3.10/dist-packages/indy_interfaces/srv\n'}
[4.859845] (indy_interfaces) StdoutLine: {'line': b'-- Installing: /root/common/indy-ros2/install/indy_interfaces/local/lib/python3.10/dist-packages/indy_interfaces/srv/__init__.py\n'}
[4.859983] (indy_interfaces) StdoutLine: {'line': b'-- Installing: /root/common/indy-ros2/install/indy_interfaces/local/lib/python3.10/dist-packages/indy_interfaces/srv/_indy_service.py\n'}
[4.860100] (indy_interfaces) StdoutLine: {'line': b'-- Installing: /root/common/indy-ros2/install/indy_interfaces/local/lib/python3.10/dist-packages/indy_interfaces/srv/_indy_service_s.c\n'}
[4.860240] (indy_interfaces) StdoutLine: {'line': b'-- Installing: /root/common/indy-ros2/install/indy_interfaces/local/lib/python3.10/dist-packages/indy_interfaces/_indy_interfaces_s.ep.rosidl_typesupport_fastrtps_c.c\n'}
[4.860374] (indy_interfaces) StdoutLine: {'line': b'-- Installing: /root/common/indy-ros2/install/indy_interfaces/local/lib/python3.10/dist-packages/indy_interfaces/indy_interfaces_s__rosidl_typesupport_c.cpython-310-x86_64-linux-gnu.so\n'}
[4.860527] (indy_interfaces) StdoutLine: {'line': b'-- Installing: /root/common/indy-ros2/install/indy_interfaces/local/lib/python3.10/dist-packages/indy_interfaces/indy_interfaces_s__rosidl_typesupport_fastrtps_c.cpython-310-x86_64-linux-gnu.so\n'}
[4.860687] (indy_interfaces) StdoutLine: {'line': b'-- Installing: /root/common/indy-ros2/install/indy_interfaces/local/lib/python3.10/dist-packages/indy_interfaces/indy_interfaces_s__rosidl_typesupport_introspection_c.cpython-310-x86_64-linux-gnu.so\n'}
[4.901443] (indy_interfaces) StdoutLine: {'line': b"Listing '/root/common/indy-ros2/install/indy_interfaces/local/lib/python3.10/dist-packages/indy_interfaces'...\n"}
[4.901579] (indy_interfaces) StdoutLine: {'line': b"Compiling '/root/common/indy-ros2/install/indy_interfaces/local/lib/python3.10/dist-packages/indy_interfaces/__init__.py'...\n"}
[4.901638] (indy_interfaces) StdoutLine: {'line': b"Listing '/root/common/indy-ros2/install/indy_interfaces/local/lib/python3.10/dist-packages/indy_interfaces/msg'...\n"}
[4.901692] (indy_interfaces) StdoutLine: {'line': b"Compiling '/root/common/indy-ros2/install/indy_interfaces/local/lib/python3.10/dist-packages/indy_interfaces/msg/__init__.py'...\n"}
[4.901745] (indy_interfaces) StdoutLine: {'line': b"Compiling '/root/common/indy-ros2/install/indy_interfaces/local/lib/python3.10/dist-packages/indy_interfaces/msg/_servo_data_array.py'...\n"}
[4.901795] (indy_interfaces) StdoutLine: {'line': b"Compiling '/root/common/indy-ros2/install/indy_interfaces/local/lib/python3.10/dist-packages/indy_interfaces/msg/_servo_rx.py'...\n"}
[4.901846] (indy_interfaces) StdoutLine: {'line': b"Compiling '/root/common/indy-ros2/install/indy_interfaces/local/lib/python3.10/dist-packages/indy_interfaces/msg/_servo_tx.py'...\n"}
[4.901896] (indy_interfaces) StdoutLine: {'line': b"Listing '/root/common/indy-ros2/install/indy_interfaces/local/lib/python3.10/dist-packages/indy_interfaces/srv'...\n"}
[4.901946] (indy_interfaces) StdoutLine: {'line': b"Compiling '/root/common/indy-ros2/install/indy_interfaces/local/lib/python3.10/dist-packages/indy_interfaces/srv/__init__.py'...\n"}
[4.901995] (indy_interfaces) StdoutLine: {'line': b"Compiling '/root/common/indy-ros2/install/indy_interfaces/local/lib/python3.10/dist-packages/indy_interfaces/srv/_indy_service.py'...\n"}
[4.905006] (indy_interfaces) StdoutLine: {'line': b'-- Installing: /root/common/indy-ros2/install/indy_interfaces/local/lib/python3.10/dist-packages/indy_interfaces/indy_interfaces_s__rosidl_typesupport_fastrtps_c.cpython-310-x86_64-linux-gnu.so\n'}
[4.905327] (indy_interfaces) StdoutLine: {'line': b'-- Set non-toolchain portion of runtime path of "/root/common/indy-ros2/install/indy_interfaces/local/lib/python3.10/dist-packages/indy_interfaces/indy_interfaces_s__rosidl_typesupport_fastrtps_c.cpython-310-x86_64-linux-gnu.so" to ""\n'}
[4.905382] (-) TimerEvent: {}
[4.905538] (indy_interfaces) StdoutLine: {'line': b'-- Installing: /root/common/indy-ros2/install/indy_interfaces/local/lib/python3.10/dist-packages/indy_interfaces/indy_interfaces_s__rosidl_typesupport_introspection_c.cpython-310-x86_64-linux-gnu.so\n'}
[4.906018] (indy_interfaces) StdoutLine: {'line': b'-- Set non-toolchain portion of runtime path of "/root/common/indy-ros2/install/indy_interfaces/local/lib/python3.10/dist-packages/indy_interfaces/indy_interfaces_s__rosidl_typesupport_introspection_c.cpython-310-x86_64-linux-gnu.so" to ""\n'}
[4.906194] (indy_interfaces) StdoutLine: {'line': b'-- Installing: /root/common/indy-ros2/install/indy_interfaces/local/lib/python3.10/dist-packages/indy_interfaces/indy_interfaces_s__rosidl_typesupport_c.cpython-310-x86_64-linux-gnu.so\n'}
[4.906461] (indy_interfaces) StdoutLine: {'line': b'-- Set non-toolchain portion of runtime path of "/root/common/indy-ros2/install/indy_interfaces/local/lib/python3.10/dist-packages/indy_interfaces/indy_interfaces_s__rosidl_typesupport_c.cpython-310-x86_64-linux-gnu.so" to ""\n'}
[4.906568] (indy_interfaces) StdoutLine: {'line': b'-- Installing: /root/common/indy-ros2/install/indy_interfaces/lib/libindy_interfaces__rosidl_generator_py.so\n'}
[4.906888] (indy_interfaces) StdoutLine: {'line': b'-- Set non-toolchain portion of runtime path of "/root/common/indy-ros2/install/indy_interfaces/lib/libindy_interfaces__rosidl_generator_py.so" to ""\n'}
[4.907069] (indy_interfaces) StdoutLine: {'line': b'-- Installing: /root/common/indy-ros2/install/indy_interfaces/share/indy_interfaces/srv/IndyService.idl\n'}
[4.907188] (indy_interfaces) StdoutLine: {'line': b'-- Installing: /root/common/indy-ros2/install/indy_interfaces/share/indy_interfaces/msg/ServoTx.idl\n'}
[4.907308] (indy_interfaces) StdoutLine: {'line': b'-- Installing: /root/common/indy-ros2/install/indy_interfaces/share/indy_interfaces/msg/ServoRx.idl\n'}
[4.907397] (indy_interfaces) StdoutLine: {'line': b'-- Installing: /root/common/indy-ros2/install/indy_interfaces/share/indy_interfaces/msg/ServoDataArray.idl\n'}
[4.907488] (indy_interfaces) StdoutLine: {'line': b'-- Installing: /root/common/indy-ros2/install/indy_interfaces/share/indy_interfaces/srv/IndyService.srv\n'}
[4.907579] (indy_interfaces) StdoutLine: {'line': b'-- Installing: /root/common/indy-ros2/install/indy_interfaces/share/indy_interfaces/srv/IndyService_Request.msg\n'}
[4.907669] (indy_interfaces) StdoutLine: {'line': b'-- Installing: /root/common/indy-ros2/install/indy_interfaces/share/indy_interfaces/srv/IndyService_Response.msg\n'}
[4.907759] (indy_interfaces) StdoutLine: {'line': b'-- Installing: /root/common/indy-ros2/install/indy_interfaces/share/indy_interfaces/msg/ServoTx.msg\n'}
[4.907851] (indy_interfaces) StdoutLine: {'line': b'-- Installing: /root/common/indy-ros2/install/indy_interfaces/share/indy_interfaces/msg/ServoRx.msg\n'}
[4.907942] (indy_interfaces) StdoutLine: {'line': b'-- Installing: /root/common/indy-ros2/install/indy_interfaces/share/indy_interfaces/msg/ServoDataArray.msg\n'}
[4.908064] (indy_interfaces) StdoutLine: {'line': b'-- Installing: /root/common/indy-ros2/install/indy_interfaces/share/ament_index/resource_index/package_run_dependencies/indy_interfaces\n'}
[4.908182] (indy_interfaces) StdoutLine: {'line': b'-- Installing: /root/common/indy-ros2/install/indy_interfaces/share/ament_index/resource_index/parent_prefix_path/indy_interfaces\n'}
[4.908290] (indy_interfaces) StdoutLine: {'line': b'-- Installing: /root/common/indy-ros2/install/indy_interfaces/share/indy_interfaces/environment/ament_prefix_path.sh\n'}
[4.908395] (indy_interfaces) StdoutLine: {'line': b'-- Installing: /root/common/indy-ros2/install/indy_interfaces/share/indy_interfaces/environment/ament_prefix_path.dsv\n'}
[4.908485] (indy_interfaces) StdoutLine: {'line': b'-- Installing: /root/common/indy-ros2/install/indy_interfaces/share/indy_interfaces/environment/path.sh\n'}
[4.908578] (indy_interfaces) StdoutLine: {'line': b'-- Installing: /root/common/indy-ros2/install/indy_interfaces/share/indy_interfaces/environment/path.dsv\n'}
[4.908669] (indy_interfaces) StdoutLine: {'line': b'-- Installing: /root/common/indy-ros2/install/indy_interfaces/share/indy_interfaces/local_setup.bash\n'}
[4.908817] (indy_interfaces) StdoutLine: {'line': b'-- Installing: /root/common/indy-ros2/install/indy_interfaces/share/indy_interfaces/local_setup.sh\n'}
[4.909025] (indy_interfaces) StdoutLine: {'line': b'-- Installing: /root/common/indy-ros2/install/indy_interfaces/share/indy_interfaces/local_setup.zsh\n'}
[4.909148] (indy_interfaces) StdoutLine: {'line': b'-- Installing: /root/common/indy-ros2/install/indy_interfaces/share/indy_interfaces/local_setup.dsv\n'}
[4.909273] (indy_interfaces) StdoutLine: {'line': b'-- Installing: /root/common/indy-ros2/install/indy_interfaces/share/indy_interfaces/package.dsv\n'}
[4.909415] (indy_interfaces) StdoutLine: {'line': b'-- Installing: /root/common/indy-ros2/install/indy_interfaces/share/ament_index/resource_index/packages/indy_interfaces\n'}
[4.909553] (indy_interfaces) StdoutLine: {'line': b'-- Installing: /root/common/indy-ros2/install/indy_interfaces/share/indy_interfaces/cmake/export_indy_interfaces__rosidl_generator_cExport.cmake\n'}
[4.909715] (indy_interfaces) StdoutLine: {'line': b'-- Installing: /root/common/indy-ros2/install/indy_interfaces/share/indy_interfaces/cmake/export_indy_interfaces__rosidl_generator_cExport-noconfig.cmake\n'}
[4.909806] (indy_interfaces) StdoutLine: {'line': b'-- Installing: /root/common/indy-ros2/install/indy_interfaces/share/indy_interfaces/cmake/export_indy_interfaces__rosidl_typesupport_fastrtps_cExport.cmake\n'}
[4.909938] (indy_interfaces) StdoutLine: {'line': b'-- Installing: /root/common/indy-ros2/install/indy_interfaces/share/indy_interfaces/cmake/export_indy_interfaces__rosidl_typesupport_fastrtps_cExport-noconfig.cmake\n'}
[4.910024] (indy_interfaces) StdoutLine: {'line': b'-- Installing: /root/common/indy-ros2/install/indy_interfaces/share/indy_interfaces/cmake/indy_interfaces__rosidl_typesupport_introspection_cExport.cmake\n'}
[4.910120] (indy_interfaces) StdoutLine: {'line': b'-- Installing: /root/common/indy-ros2/install/indy_interfaces/share/indy_interfaces/cmake/indy_interfaces__rosidl_typesupport_introspection_cExport-noconfig.cmake\n'}
[4.910275] (indy_interfaces) StdoutLine: {'line': b'-- Installing: /root/common/indy-ros2/install/indy_interfaces/share/indy_interfaces/cmake/indy_interfaces__rosidl_typesupport_cExport.cmake\n'}
[4.910410] (indy_interfaces) StdoutLine: {'line': b'-- Installing: /root/common/indy-ros2/install/indy_interfaces/share/indy_interfaces/cmake/indy_interfaces__rosidl_typesupport_cExport-noconfig.cmake\n'}
[4.910493] (indy_interfaces) StdoutLine: {'line': b'-- Installing: /root/common/indy-ros2/install/indy_interfaces/share/indy_interfaces/cmake/export_indy_interfaces__rosidl_generator_cppExport.cmake\n'}
[4.910602] (indy_interfaces) StdoutLine: {'line': b'-- Installing: /root/common/indy-ros2/install/indy_interfaces/share/indy_interfaces/cmake/export_indy_interfaces__rosidl_typesupport_fastrtps_cppExport.cmake\n'}
[4.910772] (indy_interfaces) StdoutLine: {'line': b'-- Installing: /root/common/indy-ros2/install/indy_interfaces/share/indy_interfaces/cmake/export_indy_interfaces__rosidl_typesupport_fastrtps_cppExport-noconfig.cmake\n'}
[4.910902] (indy_interfaces) StdoutLine: {'line': b'-- Installing: /root/common/indy-ros2/install/indy_interfaces/share/indy_interfaces/cmake/indy_interfaces__rosidl_typesupport_introspection_cppExport.cmake\n'}
[4.910989] (indy_interfaces) StdoutLine: {'line': b'-- Installing: /root/common/indy-ros2/install/indy_interfaces/share/indy_interfaces/cmake/indy_interfaces__rosidl_typesupport_introspection_cppExport-noconfig.cmake\n'}
[4.911096] (indy_interfaces) StdoutLine: {'line': b'-- Installing: /root/common/indy-ros2/install/indy_interfaces/share/indy_interfaces/cmake/indy_interfaces__rosidl_typesupport_cppExport.cmake\n'}
[4.911189] (indy_interfaces) StdoutLine: {'line': b'-- Installing: /root/common/indy-ros2/install/indy_interfaces/share/indy_interfaces/cmake/indy_interfaces__rosidl_typesupport_cppExport-noconfig.cmake\n'}
[4.911292] (indy_interfaces) StdoutLine: {'line': b'-- Installing: /root/common/indy-ros2/install/indy_interfaces/share/indy_interfaces/cmake/export_indy_interfaces__rosidl_generator_pyExport.cmake\n'}
[4.911389] (indy_interfaces) StdoutLine: {'line': b'-- Installing: /root/common/indy-ros2/install/indy_interfaces/share/indy_interfaces/cmake/export_indy_interfaces__rosidl_generator_pyExport-noconfig.cmake\n'}
[4.911455] (indy_interfaces) StdoutLine: {'line': b'-- Installing: /root/common/indy-ros2/install/indy_interfaces/share/indy_interfaces/cmake/rosidl_cmake-extras.cmake\n'}
[4.911532] (indy_interfaces) StdoutLine: {'line': b'-- Installing: /root/common/indy-ros2/install/indy_interfaces/share/indy_interfaces/cmake/ament_cmake_export_include_directories-extras.cmake\n'}
[4.911625] (indy_interfaces) StdoutLine: {'line': b'-- Installing: /root/common/indy-ros2/install/indy_interfaces/share/indy_interfaces/cmake/ament_cmake_export_libraries-extras.cmake\n'}
[4.911723] (indy_interfaces) StdoutLine: {'line': b'-- Installing: /root/common/indy-ros2/install/indy_interfaces/share/indy_interfaces/cmake/ament_cmake_export_targets-extras.cmake\n'}
[4.911820] (indy_interfaces) StdoutLine: {'line': b'-- Installing: /root/common/indy-ros2/install/indy_interfaces/share/indy_interfaces/cmake/rosidl_cmake_export_typesupport_targets-extras.cmake\n'}
[4.911958] (indy_interfaces) StdoutLine: {'line': b'-- Installing: /root/common/indy-ros2/install/indy_interfaces/share/indy_interfaces/cmake/ament_cmake_export_dependencies-extras.cmake\n'}
[4.912053] (indy_interfaces) StdoutLine: {'line': b'-- Installing: /root/common/indy-ros2/install/indy_interfaces/share/indy_interfaces/cmake/rosidl_cmake_export_typesupport_libraries-extras.cmake\n'}
[4.912144] (indy_interfaces) StdoutLine: {'line': b'-- Installing: /root/common/indy-ros2/install/indy_interfaces/share/indy_interfaces/cmake/indy_interfacesConfig.cmake\n'}
[4.912243] (indy_interfaces) StdoutLine: {'line': b'-- Installing: /root/common/indy-ros2/install/indy_interfaces/share/indy_interfaces/cmake/indy_interfacesConfig-version.cmake\n'}
[4.912307] (indy_interfaces) StdoutLine: {'line': b'-- Installing: /root/common/indy-ros2/install/indy_interfaces/share/indy_interfaces/package.xml\n'}
[4.913574] (indy_interfaces) CommandEnded: {'returncode': 0}
[4.998241] (indy_interfaces) JobEnded: {'identifier': 'indy_interfaces', 'rc': 0}
[4.998664] (-) EventReactorShutdown: {}
