[0.000000] (-) TimerEvent: {}
[0.000288] (indy_description) JobQueued: {'identifier': 'indy_description', 'dependencies': OrderedDict()}
[0.000550] (indy_interfaces) JobQueued: {'identifier': 'indy_interfaces', 'dependencies': OrderedDict()}
[0.000763] (indy_driver) JobQueued: {'identifier': 'indy_driver', 'dependencies': OrderedDict([('indy_description', '/root/common/indy-ros2/install/indy_description')])}
[0.000867] (indy_gazebo) JobQueued: {'identifier': 'indy_gazebo', 'dependencies': OrderedDict([('indy_description', '/root/common/indy-ros2/install/indy_description')])}
[0.001051] (indy_moveit) JobQueued: {'identifier': 'indy_moveit', 'dependencies': OrderedDict([('indy_description', '/root/common/indy-ros2/install/indy_description')])}
[0.001102] (indy_description) JobStarted: {'identifier': 'indy_description'}
[0.018335] (indy_interfaces) JobStarted: {'identifier': 'indy_interfaces'}
[0.022664] (indy_description) JobProgress: {'identifier': 'indy_description', 'progress': 'cmake'}
[0.023117] (indy_description) JobProgress: {'identifier': 'indy_description', 'progress': 'build'}
[0.023760] (indy_description) Command: {'cmd': ['/usr/bin/cmake', '--build', '/root/common/indy-ros2/build/indy_description', '--', '-j12', '-l12'], 'cwd': '/root/common/indy-ros2/build/indy_description', 'env': OrderedDict([('NV_LIBCUBLAS_VERSION', '11.11.3.6-1'), ('NV_CUDA_COMPAT_PACKAGE', 'cuda-compat-11-8'), ('HOSTNAME', 'idim'), ('SHLVL', '1'), ('LD_LIBRARY_PATH', '/opt/ros/humble/lib'), ('NV_LIBNCCL_PACKAGE_VERSION', '2.15.5-1'), ('AMENT_CPPCHECK_ALLOW_SLOW_VERSIONS', '1'), ('HOME', '/root'), ('OLDPWD', '/root/common'), ('ROS_PYTHON_VERSION', '3'), ('PS1', '\\[\x1b[0;33m\\]idim \\W $ \\[\x1b[0m\\]'), ('NV_LIBNPP_PACKAGE', 'libnpp-11-8=11.8.0.86-1'), ('CUDA_VERSION', '11.8.0'), ('COLCON_PREFIX_PATH', '/opt/ros/humble'), ('ROS_DISTRO', 'humble'), ('NV_LIBCUBLAS_PACKAGE_NAME', 'libcublas-11-8'), ('NVIDIA_REQUIRE_CUDA', 'cuda>=11.8 brand=tesla,driver>=470,driver<471 brand=unknown,driver>=470,driver<471 brand=nvidia,driver>=470,driver<471 brand=nvidiartx,driver>=470,driver<471 brand=geforce,driver>=470,driver<471 brand=geforcertx,driver>=470,driver<471 brand=quadro,driver>=470,driver<471 brand=quadrortx,driver>=470,driver<471 brand=titan,driver>=470,driver<471 brand=titanrtx,driver>=470,driver<471'), ('_', '/usr/bin/colcon'), ('ROS_VERSION', '2'), ('NV_LIBCUSPARSE_VERSION', '11.7.5.86-1'), ('NVIDIA_DRIVER_CAPABILITIES', 'graphics,utility,compute'), ('NV_CUDA_LIB_VERSION', '11.8.0-1'), ('NV_LIBNCCL_PACKAGE_NAME', 'libnccl2'), ('TERM', 'xterm'), ('NV_CUDA_CUDART_VERSION', '11.8.89-1'), ('QT_X11_NO_MITSHM', '1'), ('PATH', '/opt/ros/humble/bin:/usr/local/nvidia/bin:/usr/local/cuda/bin:/usr/local/sbin:/usr/local/bin:/usr/sbin:/usr/bin:/sbin:/bin'), ('NV_LIBCUBLAS_PACKAGE', 'libcublas-11-8=11.11.3.6-1'), ('NVARCH', 'x86_64'), ('DISPLAY', ':1'), ('NV_LIBNCCL_PACKAGE', 'libnccl2=2.15.5-1+cuda11.8'), ('NVIDIA_PRODUCT_NAME', 'CUDA'), ('LANG', 'en_US.UTF-8'), ('XAUTHORITY', '/tmp/.docker.xauth'), ('LS_COLORS', 'rs=0:di=01;34:ln=01;36:mh=00:pi=40;33:so=01;35:do=01;35:bd=40;33;01:cd=40;33;01:or=40;31;01:mi=00:su=37;41:sg=30;43:ca=30;41:tw=30;42:ow=34;42:st=37;44:ex=01;32:*.tar=01;31:*.tgz=01;31:*.arc=01;31:*.arj=01;31:*.taz=01;31:*.lha=01;31:*.lz4=01;31:*.lzh=01;31:*.lzma=01;31:*.tlz=01;31:*.txz=01;31:*.tzo=01;31:*.t7z=01;31:*.zip=01;31:*.z=01;31:*.dz=01;31:*.gz=01;31:*.lrz=01;31:*.lz=01;31:*.lzo=01;31:*.xz=01;31:*.zst=01;31:*.tzst=01;31:*.bz2=01;31:*.bz=01;31:*.tbz=01;31:*.tbz2=01;31:*.tz=01;31:*.deb=01;31:*.rpm=01;31:*.jar=01;31:*.war=01;31:*.ear=01;31:*.sar=01;31:*.rar=01;31:*.alz=01;31:*.ace=01;31:*.zoo=01;31:*.cpio=01;31:*.7z=01;31:*.rz=01;31:*.cab=01;31:*.wim=01;31:*.swm=01;31:*.dwm=01;31:*.esd=01;31:*.jpg=01;35:*.jpeg=01;35:*.mjpg=01;35:*.mjpeg=01;35:*.gif=01;35:*.bmp=01;35:*.pbm=01;35:*.pgm=01;35:*.ppm=01;35:*.tga=01;35:*.xbm=01;35:*.xpm=01;35:*.tif=01;35:*.tiff=01;35:*.png=01;35:*.svg=01;35:*.svgz=01;35:*.mng=01;35:*.pcx=01;35:*.mov=01;35:*.mpg=01;35:*.mpeg=01;35:*.m2v=01;35:*.mkv=01;35:*.webm=01;35:*.webp=01;35:*.ogm=01;35:*.mp4=01;35:*.m4v=01;35:*.mp4v=01;35:*.vob=01;35:*.qt=01;35:*.nuv=01;35:*.wmv=01;35:*.asf=01;35:*.rm=01;35:*.rmvb=01;35:*.flc=01;35:*.avi=01;35:*.fli=01;35:*.flv=01;35:*.gl=01;35:*.dl=01;35:*.xcf=01;35:*.xwd=01;35:*.yuv=01;35:*.cgm=01;35:*.emf=01;35:*.ogv=01;35:*.ogx=01;35:*.aac=00;36:*.au=00;36:*.flac=00;36:*.m4a=00;36:*.mid=00;36:*.midi=00;36:*.mka=00;36:*.mp3=00;36:*.mpc=00;36:*.ogg=00;36:*.ra=00;36:*.wav=00;36:*.oga=00;36:*.opus=00;36:*.spx=00;36:*.xspf=00;36:'), ('AMENT_PREFIX_PATH', '/opt/ros/humble'), ('DEBIAN_FRONTEND', 'noninteractive'), ('LIBUVC_BACKEND', 'libusb'), ('NV_NVTX_VERSION', '11.8.86-1'), ('NV_LIBNPP_VERSION', '11.8.0.86-1'), ('PWD', '/root/common/indy-ros2/build/indy_description'), ('PYTHONPATH', '/opt/ros/humble/local/lib/python3.10/dist-packages:/opt/ros/humble/lib/python3.10/site-packages'), ('NVIDIA_VISIBLE_DEVICES', 'all'), ('NCCL_VERSION', '2.15.5-1'), ('DEBCONF_NOWARNINGS', 'yes'), ('COLCON', '1'), ('CMAKE_PREFIX_PATH', '/opt/ros/humble')]), 'shell': False}
[0.027311] (indy_interfaces) JobProgress: {'identifier': 'indy_interfaces', 'progress': 'cmake'}
[0.027772] (indy_interfaces) JobProgress: {'identifier': 'indy_interfaces', 'progress': 'build'}
[0.028477] (indy_interfaces) Command: {'cmd': ['/usr/bin/cmake', '--build', '/root/common/indy-ros2/build/indy_interfaces', '--', '-j12', '-l12'], 'cwd': '/root/common/indy-ros2/build/indy_interfaces', 'env': OrderedDict([('NV_LIBCUBLAS_VERSION', '11.11.3.6-1'), ('NV_CUDA_COMPAT_PACKAGE', 'cuda-compat-11-8'), ('HOSTNAME', 'idim'), ('SHLVL', '1'), ('LD_LIBRARY_PATH', '/opt/ros/humble/lib'), ('NV_LIBNCCL_PACKAGE_VERSION', '2.15.5-1'), ('AMENT_CPPCHECK_ALLOW_SLOW_VERSIONS', '1'), ('HOME', '/root'), ('OLDPWD', '/root/common'), ('ROS_PYTHON_VERSION', '3'), ('PS1', '\\[\x1b[0;33m\\]idim \\W $ \\[\x1b[0m\\]'), ('NV_LIBNPP_PACKAGE', 'libnpp-11-8=11.8.0.86-1'), ('CUDA_VERSION', '11.8.0'), ('COLCON_PREFIX_PATH', '/opt/ros/humble'), ('ROS_DISTRO', 'humble'), ('NV_LIBCUBLAS_PACKAGE_NAME', 'libcublas-11-8'), ('NVIDIA_REQUIRE_CUDA', 'cuda>=11.8 brand=tesla,driver>=470,driver<471 brand=unknown,driver>=470,driver<471 brand=nvidia,driver>=470,driver<471 brand=nvidiartx,driver>=470,driver<471 brand=geforce,driver>=470,driver<471 brand=geforcertx,driver>=470,driver<471 brand=quadro,driver>=470,driver<471 brand=quadrortx,driver>=470,driver<471 brand=titan,driver>=470,driver<471 brand=titanrtx,driver>=470,driver<471'), ('_', '/usr/bin/colcon'), ('ROS_VERSION', '2'), ('NV_LIBCUSPARSE_VERSION', '11.7.5.86-1'), ('NVIDIA_DRIVER_CAPABILITIES', 'graphics,utility,compute'), ('NV_CUDA_LIB_VERSION', '11.8.0-1'), ('NV_LIBNCCL_PACKAGE_NAME', 'libnccl2'), ('TERM', 'xterm'), ('NV_CUDA_CUDART_VERSION', '11.8.89-1'), ('QT_X11_NO_MITSHM', '1'), ('PATH', '/opt/ros/humble/bin:/usr/local/nvidia/bin:/usr/local/cuda/bin:/usr/local/sbin:/usr/local/bin:/usr/sbin:/usr/bin:/sbin:/bin'), ('NV_LIBCUBLAS_PACKAGE', 'libcublas-11-8=11.11.3.6-1'), ('NVARCH', 'x86_64'), ('DISPLAY', ':1'), ('NV_LIBNCCL_PACKAGE', 'libnccl2=2.15.5-1+cuda11.8'), ('NVIDIA_PRODUCT_NAME', 'CUDA'), ('LANG', 'en_US.UTF-8'), ('XAUTHORITY', '/tmp/.docker.xauth'), ('LS_COLORS', 'rs=0:di=01;34:ln=01;36:mh=00:pi=40;33:so=01;35:do=01;35:bd=40;33;01:cd=40;33;01:or=40;31;01:mi=00:su=37;41:sg=30;43:ca=30;41:tw=30;42:ow=34;42:st=37;44:ex=01;32:*.tar=01;31:*.tgz=01;31:*.arc=01;31:*.arj=01;31:*.taz=01;31:*.lha=01;31:*.lz4=01;31:*.lzh=01;31:*.lzma=01;31:*.tlz=01;31:*.txz=01;31:*.tzo=01;31:*.t7z=01;31:*.zip=01;31:*.z=01;31:*.dz=01;31:*.gz=01;31:*.lrz=01;31:*.lz=01;31:*.lzo=01;31:*.xz=01;31:*.zst=01;31:*.tzst=01;31:*.bz2=01;31:*.bz=01;31:*.tbz=01;31:*.tbz2=01;31:*.tz=01;31:*.deb=01;31:*.rpm=01;31:*.jar=01;31:*.war=01;31:*.ear=01;31:*.sar=01;31:*.rar=01;31:*.alz=01;31:*.ace=01;31:*.zoo=01;31:*.cpio=01;31:*.7z=01;31:*.rz=01;31:*.cab=01;31:*.wim=01;31:*.swm=01;31:*.dwm=01;31:*.esd=01;31:*.jpg=01;35:*.jpeg=01;35:*.mjpg=01;35:*.mjpeg=01;35:*.gif=01;35:*.bmp=01;35:*.pbm=01;35:*.pgm=01;35:*.ppm=01;35:*.tga=01;35:*.xbm=01;35:*.xpm=01;35:*.tif=01;35:*.tiff=01;35:*.png=01;35:*.svg=01;35:*.svgz=01;35:*.mng=01;35:*.pcx=01;35:*.mov=01;35:*.mpg=01;35:*.mpeg=01;35:*.m2v=01;35:*.mkv=01;35:*.webm=01;35:*.webp=01;35:*.ogm=01;35:*.mp4=01;35:*.m4v=01;35:*.mp4v=01;35:*.vob=01;35:*.qt=01;35:*.nuv=01;35:*.wmv=01;35:*.asf=01;35:*.rm=01;35:*.rmvb=01;35:*.flc=01;35:*.avi=01;35:*.fli=01;35:*.flv=01;35:*.gl=01;35:*.dl=01;35:*.xcf=01;35:*.xwd=01;35:*.yuv=01;35:*.cgm=01;35:*.emf=01;35:*.ogv=01;35:*.ogx=01;35:*.aac=00;36:*.au=00;36:*.flac=00;36:*.m4a=00;36:*.mid=00;36:*.midi=00;36:*.mka=00;36:*.mp3=00;36:*.mpc=00;36:*.ogg=00;36:*.ra=00;36:*.wav=00;36:*.oga=00;36:*.opus=00;36:*.spx=00;36:*.xspf=00;36:'), ('AMENT_PREFIX_PATH', '/opt/ros/humble'), ('DEBIAN_FRONTEND', 'noninteractive'), ('LIBUVC_BACKEND', 'libusb'), ('NV_NVTX_VERSION', '11.8.86-1'), ('NV_LIBNPP_VERSION', '11.8.0.86-1'), ('PWD', '/root/common/indy-ros2/build/indy_interfaces'), ('PYTHONPATH', '/opt/ros/humble/local/lib/python3.10/dist-packages:/opt/ros/humble/lib/python3.10/site-packages'), ('NVIDIA_VISIBLE_DEVICES', 'all'), ('NCCL_VERSION', '2.15.5-1'), ('DEBCONF_NOWARNINGS', 'yes'), ('COLCON', '1'), ('CMAKE_PREFIX_PATH', '/opt/ros/humble')]), 'shell': False}
[0.070939] (indy_description) CommandEnded: {'returncode': 0}
[0.078522] (indy_interfaces) StdoutLine: {'line': b'[  1%] Built target indy_interfaces__cpp\n'}
[0.080992] (indy_interfaces) StdoutLine: {'line': b'[  5%] Built target ament_cmake_python_copy_indy_interfaces\n'}
[0.081210] (indy_interfaces) StdoutLine: {'line': b'[ 12%] Built target indy_interfaces__rosidl_generator_c\n'}
[0.087181] (indy_description) JobProgress: {'identifier': 'indy_description', 'progress': 'install'}
[0.091460] (indy_description) Command: {'cmd': ['/usr/bin/cmake', '--install', '/root/common/indy-ros2/build/indy_description'], 'cwd': '/root/common/indy-ros2/build/indy_description', 'env': OrderedDict([('NV_LIBCUBLAS_VERSION', '11.11.3.6-1'), ('NV_CUDA_COMPAT_PACKAGE', 'cuda-compat-11-8'), ('HOSTNAME', 'idim'), ('SHLVL', '1'), ('LD_LIBRARY_PATH', '/opt/ros/humble/lib'), ('NV_LIBNCCL_PACKAGE_VERSION', '2.15.5-1'), ('AMENT_CPPCHECK_ALLOW_SLOW_VERSIONS', '1'), ('HOME', '/root'), ('OLDPWD', '/root/common'), ('ROS_PYTHON_VERSION', '3'), ('PS1', '\\[\x1b[0;33m\\]idim \\W $ \\[\x1b[0m\\]'), ('NV_LIBNPP_PACKAGE', 'libnpp-11-8=11.8.0.86-1'), ('CUDA_VERSION', '11.8.0'), ('COLCON_PREFIX_PATH', '/opt/ros/humble'), ('ROS_DISTRO', 'humble'), ('NV_LIBCUBLAS_PACKAGE_NAME', 'libcublas-11-8'), ('NVIDIA_REQUIRE_CUDA', 'cuda>=11.8 brand=tesla,driver>=470,driver<471 brand=unknown,driver>=470,driver<471 brand=nvidia,driver>=470,driver<471 brand=nvidiartx,driver>=470,driver<471 brand=geforce,driver>=470,driver<471 brand=geforcertx,driver>=470,driver<471 brand=quadro,driver>=470,driver<471 brand=quadrortx,driver>=470,driver<471 brand=titan,driver>=470,driver<471 brand=titanrtx,driver>=470,driver<471'), ('_', '/usr/bin/colcon'), ('ROS_VERSION', '2'), ('NV_LIBCUSPARSE_VERSION', '11.7.5.86-1'), ('NVIDIA_DRIVER_CAPABILITIES', 'graphics,utility,compute'), ('NV_CUDA_LIB_VERSION', '11.8.0-1'), ('NV_LIBNCCL_PACKAGE_NAME', 'libnccl2'), ('TERM', 'xterm'), ('NV_CUDA_CUDART_VERSION', '11.8.89-1'), ('QT_X11_NO_MITSHM', '1'), ('PATH', '/opt/ros/humble/bin:/usr/local/nvidia/bin:/usr/local/cuda/bin:/usr/local/sbin:/usr/local/bin:/usr/sbin:/usr/bin:/sbin:/bin'), ('NV_LIBCUBLAS_PACKAGE', 'libcublas-11-8=11.11.3.6-1'), ('NVARCH', 'x86_64'), ('DISPLAY', ':1'), ('NV_LIBNCCL_PACKAGE', 'libnccl2=2.15.5-1+cuda11.8'), ('NVIDIA_PRODUCT_NAME', 'CUDA'), ('LANG', 'en_US.UTF-8'), ('XAUTHORITY', '/tmp/.docker.xauth'), ('LS_COLORS', 'rs=0:di=01;34:ln=01;36:mh=00:pi=40;33:so=01;35:do=01;35:bd=40;33;01:cd=40;33;01:or=40;31;01:mi=00:su=37;41:sg=30;43:ca=30;41:tw=30;42:ow=34;42:st=37;44:ex=01;32:*.tar=01;31:*.tgz=01;31:*.arc=01;31:*.arj=01;31:*.taz=01;31:*.lha=01;31:*.lz4=01;31:*.lzh=01;31:*.lzma=01;31:*.tlz=01;31:*.txz=01;31:*.tzo=01;31:*.t7z=01;31:*.zip=01;31:*.z=01;31:*.dz=01;31:*.gz=01;31:*.lrz=01;31:*.lz=01;31:*.lzo=01;31:*.xz=01;31:*.zst=01;31:*.tzst=01;31:*.bz2=01;31:*.bz=01;31:*.tbz=01;31:*.tbz2=01;31:*.tz=01;31:*.deb=01;31:*.rpm=01;31:*.jar=01;31:*.war=01;31:*.ear=01;31:*.sar=01;31:*.rar=01;31:*.alz=01;31:*.ace=01;31:*.zoo=01;31:*.cpio=01;31:*.7z=01;31:*.rz=01;31:*.cab=01;31:*.wim=01;31:*.swm=01;31:*.dwm=01;31:*.esd=01;31:*.jpg=01;35:*.jpeg=01;35:*.mjpg=01;35:*.mjpeg=01;35:*.gif=01;35:*.bmp=01;35:*.pbm=01;35:*.pgm=01;35:*.ppm=01;35:*.tga=01;35:*.xbm=01;35:*.xpm=01;35:*.tif=01;35:*.tiff=01;35:*.png=01;35:*.svg=01;35:*.svgz=01;35:*.mng=01;35:*.pcx=01;35:*.mov=01;35:*.mpg=01;35:*.mpeg=01;35:*.m2v=01;35:*.mkv=01;35:*.webm=01;35:*.webp=01;35:*.ogm=01;35:*.mp4=01;35:*.m4v=01;35:*.mp4v=01;35:*.vob=01;35:*.qt=01;35:*.nuv=01;35:*.wmv=01;35:*.asf=01;35:*.rm=01;35:*.rmvb=01;35:*.flc=01;35:*.avi=01;35:*.fli=01;35:*.flv=01;35:*.gl=01;35:*.dl=01;35:*.xcf=01;35:*.xwd=01;35:*.yuv=01;35:*.cgm=01;35:*.emf=01;35:*.ogv=01;35:*.ogx=01;35:*.aac=00;36:*.au=00;36:*.flac=00;36:*.m4a=00;36:*.mid=00;36:*.midi=00;36:*.mka=00;36:*.mp3=00;36:*.mpc=00;36:*.ogg=00;36:*.ra=00;36:*.wav=00;36:*.oga=00;36:*.opus=00;36:*.spx=00;36:*.xspf=00;36:'), ('AMENT_PREFIX_PATH', '/opt/ros/humble'), ('DEBIAN_FRONTEND', 'noninteractive'), ('LIBUVC_BACKEND', 'libusb'), ('NV_NVTX_VERSION', '11.8.86-1'), ('NV_LIBNPP_VERSION', '11.8.0.86-1'), ('PWD', '/root/common/indy-ros2/build/indy_description'), ('PYTHONPATH', '/opt/ros/humble/local/lib/python3.10/dist-packages:/opt/ros/humble/lib/python3.10/site-packages'), ('NVIDIA_VISIBLE_DEVICES', 'all'), ('NCCL_VERSION', '2.15.5-1'), ('DEBCONF_NOWARNINGS', 'yes'), ('COLCON', '1'), ('CMAKE_PREFIX_PATH', '/opt/ros/humble')]), 'shell': False}
[0.094456] (indy_description) StdoutLine: {'line': b'-- Install configuration: ""\n'}
[0.095057] (indy_description) StdoutLine: {'line': b'-- Up-to-date: /root/common/indy-ros2/install/indy_description/share/indy_description//launch\n'}
[0.095371] (indy_description) StdoutLine: {'line': b'-- Up-to-date: /root/common/indy-ros2/install/indy_description/share/indy_description//launch/indy_display.launch.py\n'}
[0.095634] (indy_description) StdoutLine: {'line': b'-- Up-to-date: /root/common/indy-ros2/install/indy_description/share/indy_description//meshes\n'}
[0.095884] (indy_description) StdoutLine: {'line': b'-- Up-to-date: /root/common/indy-ros2/install/indy_description/share/indy_description//meshes/indy12\n'}
[0.096170] (indy_description) StdoutLine: {'line': b'-- Up-to-date: /root/common/indy-ros2/install/indy_description/share/indy_description//meshes/indy12/collision\n'}
[0.096415] (indy_description) StdoutLine: {'line': b'-- Up-to-date: /root/common/indy-ros2/install/indy_description/share/indy_description//meshes/indy12/collision/Indy12_3.stl\n'}
[0.096673] (indy_description) StdoutLine: {'line': b'-- Up-to-date: /root/common/indy-ros2/install/indy_description/share/indy_description//meshes/indy12/collision/Indy12_1.stl\n'}
[0.096950] (indy_description) StdoutLine: {'line': b'-- Up-to-date: /root/common/indy-ros2/install/indy_description/share/indy_description//meshes/indy12/collision/Indy12_0.stl\n'}
[0.097270] (indy_description) StdoutLine: {'line': b'-- Up-to-date: /root/common/indy-ros2/install/indy_description/share/indy_description//meshes/indy12/collision/Indy12_4.stl\n'}
[0.097760] (indy_description) StdoutLine: {'line': b'-- Up-to-date: /root/common/indy-ros2/install/indy_description/share/indy_description//meshes/indy12/collision/Indy12_6.stl\n'}
[0.098034] (indy_description) StdoutLine: {'line': b'-- Up-to-date: /root/common/indy-ros2/install/indy_description/share/indy_description//meshes/indy12/collision/Indy12_2.stl\n'}
[0.098207] (indy_description) StdoutLine: {'line': b'-- Up-to-date: /root/common/indy-ros2/install/indy_description/share/indy_description//meshes/indy12/collision/Indy12_5.stl\n'}
[0.098335] (indy_description) StdoutLine: {'line': b'-- Up-to-date: /root/common/indy-ros2/install/indy_description/share/indy_description//meshes/indy12/visual\n'}
[0.098511] (indy_description) StdoutLine: {'line': b'-- Up-to-date: /root/common/indy-ros2/install/indy_description/share/indy_description//meshes/indy12/visual/Indy12_3.stl\n'}
[0.098672] (indy_description) StdoutLine: {'line': b'-- Up-to-date: /root/common/indy-ros2/install/indy_description/share/indy_description//meshes/indy12/visual/Indy12_1.stl\n'}
[0.098824] (indy_description) StdoutLine: {'line': b'-- Up-to-date: /root/common/indy-ros2/install/indy_description/share/indy_description//meshes/indy12/visual/Indy12_0.stl\n'}
[0.098960] (indy_description) StdoutLine: {'line': b'-- Up-to-date: /root/common/indy-ros2/install/indy_description/share/indy_description//meshes/indy12/visual/Indy12_4.stl\n'}
[0.099121] (indy_description) StdoutLine: {'line': b'-- Up-to-date: /root/common/indy-ros2/install/indy_description/share/indy_description//meshes/indy12/visual/Indy12_6.stl\n'}
[0.099310] (indy_description) StdoutLine: {'line': b'-- Up-to-date: /root/common/indy-ros2/install/indy_description/share/indy_description//meshes/indy12/visual/Indy12_2.stl\n'}
[0.099477] (indy_description) StdoutLine: {'line': b'-- Up-to-date: /root/common/indy-ros2/install/indy_description/share/indy_description//meshes/indy12/visual/Indy12_5.stl\n'}
[0.099650] (indy_description) StdoutLine: {'line': b'-- Up-to-date: /root/common/indy-ros2/install/indy_description/share/indy_description//meshes/indyrp2\n'}
[0.099791] (-) TimerEvent: {}
[0.099914] (indy_description) StdoutLine: {'line': b'-- Up-to-date: /root/common/indy-ros2/install/indy_description/share/indy_description//meshes/indyrp2/collision\n'}
[0.100142] (indy_description) StdoutLine: {'line': b'-- Up-to-date: /root/common/indy-ros2/install/indy_description/share/indy_description//meshes/indyrp2/collision/IndyRP2_6.stl\n'}
[0.100356] (indy_description) StdoutLine: {'line': b'-- Up-to-date: /root/common/indy-ros2/install/indy_description/share/indy_description//meshes/indyrp2/collision/IndyRP2_3.stl\n'}
[0.100553] (indy_description) StdoutLine: {'line': b'-- Up-to-date: /root/common/indy-ros2/install/indy_description/share/indy_description//meshes/indyrp2/collision/IndyRP2_0.stl\n'}
[0.100747] (indy_description) StdoutLine: {'line': b'-- Up-to-date: /root/common/indy-ros2/install/indy_description/share/indy_description//meshes/indyrp2/collision/IndyRP2_2.stl\n'}
[0.100935] (indy_description) StdoutLine: {'line': b'-- Up-to-date: /root/common/indy-ros2/install/indy_description/share/indy_description//meshes/indyrp2/collision/IndyRP2_1.stl\n'}
[0.101125] (indy_description) StdoutLine: {'line': b'-- Up-to-date: /root/common/indy-ros2/install/indy_description/share/indy_description//meshes/indyrp2/collision/IndyRP2_5.stl\n'}
[0.101321] (indy_description) StdoutLine: {'line': b'-- Up-to-date: /root/common/indy-ros2/install/indy_description/share/indy_description//meshes/indyrp2/collision/IndyRP2_7.stl\n'}
[0.101514] (indy_description) StdoutLine: {'line': b'-- Up-to-date: /root/common/indy-ros2/install/indy_description/share/indy_description//meshes/indyrp2/collision/IndyRP2_eye_7.stl\n'}
[0.101715] (indy_description) StdoutLine: {'line': b'-- Up-to-date: /root/common/indy-ros2/install/indy_description/share/indy_description//meshes/indyrp2/collision/IndyRP2_4.stl\n'}
[0.101900] (indy_description) StdoutLine: {'line': b'-- Up-to-date: /root/common/indy-ros2/install/indy_description/share/indy_description//meshes/indyrp2/visual\n'}
[0.102107] (indy_description) StdoutLine: {'line': b'-- Up-to-date: /root/common/indy-ros2/install/indy_description/share/indy_description//meshes/indyrp2/visual/IndyRP2_6.stl\n'}
[0.102310] (indy_interfaces) StdoutLine: {'line': b'[ 23%] Built target indy_interfaces__rosidl_typesupport_cpp\n'}
[0.102507] (indy_description) StdoutLine: {'line': b'-- Up-to-date: /root/common/indy-ros2/install/indy_description/share/indy_description//meshes/indyrp2/visual/IndyRP2_3.stl\n'}
[0.102697] (indy_description) StdoutLine: {'line': b'-- Up-to-date: /root/common/indy-ros2/install/indy_description/share/indy_description//meshes/indyrp2/visual/IndyRP2_0.stl\n'}
[0.102843] (indy_description) StdoutLine: {'line': b'-- Up-to-date: /root/common/indy-ros2/install/indy_description/share/indy_description//meshes/indyrp2/visual/IndyRP2_2.stl\n'}
[0.103017] (indy_description) StdoutLine: {'line': b'-- Up-to-date: /root/common/indy-ros2/install/indy_description/share/indy_description//meshes/indyrp2/visual/IndyRP2_1.stl\n'}
[0.103183] (indy_description) StdoutLine: {'line': b'-- Up-to-date: /root/common/indy-ros2/install/indy_description/share/indy_description//meshes/indyrp2/visual/IndyRP2_5.stl\n'}
[0.103300] (indy_description) StdoutLine: {'line': b'-- Up-to-date: /root/common/indy-ros2/install/indy_description/share/indy_description//meshes/indyrp2/visual/IndyRP2_7.stl\n'}
[0.103419] (indy_description) StdoutLine: {'line': b'-- Up-to-date: /root/common/indy-ros2/install/indy_description/share/indy_description//meshes/indyrp2/visual/IndyRP2_eye_7.stl\n'}
[0.103533] (indy_description) StdoutLine: {'line': b'-- Up-to-date: /root/common/indy-ros2/install/indy_description/share/indy_description//meshes/indyrp2/visual/IndyRP2_4.stl\n'}
[0.103622] (indy_description) StdoutLine: {'line': b'-- Up-to-date: /root/common/indy-ros2/install/indy_description/share/indy_description//meshes/opti5\n'}
[0.103711] (indy_description) StdoutLine: {'line': b'-- Up-to-date: /root/common/indy-ros2/install/indy_description/share/indy_description//meshes/opti5/collision\n'}
[0.103798] (indy_description) StdoutLine: {'line': b'-- Up-to-date: /root/common/indy-ros2/install/indy_description/share/indy_description//meshes/opti5/collision/Opti5_5.stl\n'}
[0.103886] (indy_description) StdoutLine: {'line': b'-- Up-to-date: /root/common/indy-ros2/install/indy_description/share/indy_description//meshes/opti5/collision/Opti5_6.stl\n'}
[0.104032] (indy_description) StdoutLine: {'line': b'-- Up-to-date: /root/common/indy-ros2/install/indy_description/share/indy_description//meshes/opti5/collision/Opti5_2.stl\n'}
[0.104253] (indy_description) StdoutLine: {'line': b'-- Up-to-date: /root/common/indy-ros2/install/indy_description/share/indy_description//meshes/opti5/collision/Opti5_3.stl\n'}
[0.104534] (indy_description) StdoutLine: {'line': b'-- Up-to-date: /root/common/indy-ros2/install/indy_description/share/indy_description//meshes/opti5/collision/Opti5_4.stl\n'}
[0.104989] (indy_description) StdoutLine: {'line': b'-- Up-to-date: /root/common/indy-ros2/install/indy_description/share/indy_description//meshes/opti5/collision/Opti5_0.stl\n'}
[0.105135] (indy_description) StdoutLine: {'line': b'-- Up-to-date: /root/common/indy-ros2/install/indy_description/share/indy_description//meshes/opti5/collision/Opti5_1.stl\n'}
[0.105268] (indy_description) StdoutLine: {'line': b'-- Up-to-date: /root/common/indy-ros2/install/indy_description/share/indy_description//meshes/opti5/visual\n'}
[0.105421] (indy_description) StdoutLine: {'line': b'-- Up-to-date: /root/common/indy-ros2/install/indy_description/share/indy_description//meshes/opti5/visual/Opti5_5.stl\n'}
[0.105510] (indy_description) StdoutLine: {'line': b'-- Up-to-date: /root/common/indy-ros2/install/indy_description/share/indy_description//meshes/opti5/visual/Opti5_6.stl\n'}
[0.105646] (indy_description) StdoutLine: {'line': b'-- Up-to-date: /root/common/indy-ros2/install/indy_description/share/indy_description//meshes/opti5/visual/Opti5_2.stl\n'}
[0.105734] (indy_description) StdoutLine: {'line': b'-- Up-to-date: /root/common/indy-ros2/install/indy_description/share/indy_description//meshes/opti5/visual/Opti5_3.stl\n'}
[0.105885] (indy_description) StdoutLine: {'line': b'-- Up-to-date: /root/common/indy-ros2/install/indy_description/share/indy_description//meshes/opti5/visual/Opti5_4.stl\n'}
[0.106006] (indy_description) StdoutLine: {'line': b'-- Up-to-date: /root/common/indy-ros2/install/indy_description/share/indy_description//meshes/opti5/visual/Opti5_0.stl\n'}
[0.106122] (indy_description) StdoutLine: {'line': b'-- Up-to-date: /root/common/indy-ros2/install/indy_description/share/indy_description//meshes/opti5/visual/Opti5_1.stl\n'}
[0.106283] (indy_description) StdoutLine: {'line': b'-- Up-to-date: /root/common/indy-ros2/install/indy_description/share/indy_description//meshes/indy7\n'}
[0.106375] (indy_description) StdoutLine: {'line': b'-- Up-to-date: /root/common/indy-ros2/install/indy_description/share/indy_description//meshes/indy7/collision\n'}
[0.106503] (indy_description) StdoutLine: {'line': b'-- Up-to-date: /root/common/indy-ros2/install/indy_description/share/indy_description//meshes/indy7/collision/Indy7_6.stl\n'}
[0.106668] (indy_description) StdoutLine: {'line': b'-- Up-to-date: /root/common/indy-ros2/install/indy_description/share/indy_description//meshes/indy7/collision/Indy7_2.stl\n'}
[0.106797] (indy_description) StdoutLine: {'line': b'-- Up-to-date: /root/common/indy-ros2/install/indy_description/share/indy_description//meshes/indy7/collision/Indy7_1.stl\n'}
[0.106909] (indy_description) StdoutLine: {'line': b'-- Up-to-date: /root/common/indy-ros2/install/indy_description/share/indy_description//meshes/indy7/collision/Indy7_3.stl\n'}
[0.107094] (indy_description) StdoutLine: {'line': b'-- Up-to-date: /root/common/indy-ros2/install/indy_description/share/indy_description//meshes/indy7/collision/Indy7_5.stl\n'}
[0.107221] (indy_description) StdoutLine: {'line': b'-- Up-to-date: /root/common/indy-ros2/install/indy_description/share/indy_description//meshes/indy7/collision/Indy7_0.stl\n'}
[0.107492] (indy_description) StdoutLine: {'line': b'-- Up-to-date: /root/common/indy-ros2/install/indy_description/share/indy_description//meshes/indy7/collision/Indy7_4.stl\n'}
[0.107627] (indy_interfaces) StdoutLine: {'line': b'[ 38%] Built target indy_interfaces__rosidl_typesupport_introspection_cpp\n'}
[0.107785] (indy_interfaces) StdoutLine: {'line': b'[ 45%] Built target indy_interfaces__rosidl_typesupport_c\n'}
[0.107874] (indy_description) StdoutLine: {'line': b'-- Up-to-date: /root/common/indy-ros2/install/indy_description/share/indy_description//meshes/indy7/collision/Indy7_eye_6.stl\n'}
[0.107930] (indy_description) StdoutLine: {'line': b'-- Up-to-date: /root/common/indy-ros2/install/indy_description/share/indy_description//meshes/indy7/visual\n'}
[0.107996] (indy_description) StdoutLine: {'line': b'-- Up-to-date: /root/common/indy-ros2/install/indy_description/share/indy_description//meshes/indy7/visual/Indy7_6.stl\n'}
[0.108331] (indy_description) StdoutLine: {'line': b'-- Up-to-date: /root/common/indy-ros2/install/indy_description/share/indy_description//meshes/indy7/visual/Indy7_2.stl\n'}
[0.108449] (indy_description) StdoutLine: {'line': b'-- Up-to-date: /root/common/indy-ros2/install/indy_description/share/indy_description//meshes/indy7/visual/Indy7_1.stl\n'}
[0.108511] (indy_description) StdoutLine: {'line': b'-- Up-to-date: /root/common/indy-ros2/install/indy_description/share/indy_description//meshes/indy7/visual/Indy7_3.stl\n'}
[0.108796] (indy_description) StdoutLine: {'line': b'-- Up-to-date: /root/common/indy-ros2/install/indy_description/share/indy_description//meshes/indy7/visual/Indy7_5.stl\n'}
[0.108989] (indy_description) StdoutLine: {'line': b'-- Up-to-date: /root/common/indy-ros2/install/indy_description/share/indy_description//meshes/indy7/visual/Indy7_0.stl\n'}
[0.109088] (indy_description) StdoutLine: {'line': b'-- Up-to-date: /root/common/indy-ros2/install/indy_description/share/indy_description//meshes/indy7/visual/Indy7_4.stl\n'}
[0.109173] (indy_description) StdoutLine: {'line': b'-- Up-to-date: /root/common/indy-ros2/install/indy_description/share/indy_description//meshes/indy7/visual/Indy7_eye_6.stl\n'}
[0.109244] (indy_description) StdoutLine: {'line': b'-- Up-to-date: /root/common/indy-ros2/install/indy_description/share/indy_description//meshes/indy7_v2\n'}
[0.109397] (indy_description) StdoutLine: {'line': b'-- Up-to-date: /root/common/indy-ros2/install/indy_description/share/indy_description//meshes/indy7_v2/collision\n'}
[0.109467] (indy_interfaces) StdoutLine: {'line': b'[ 56%] Built target indy_interfaces__rosidl_typesupport_fastrtps_cpp\n'}
[0.109523] (indy_description) StdoutLine: {'line': b'-- Up-to-date: /root/common/indy-ros2/install/indy_description/share/indy_description//meshes/indy7_v2/collision/Indy7_v2_1.stl\n'}
[0.109613] (indy_description) StdoutLine: {'line': b'-- Up-to-date: /root/common/indy-ros2/install/indy_description/share/indy_description//meshes/indy7_v2/collision/Indy7_v2_3.stl\n'}
[0.109665] (indy_description) StdoutLine: {'line': b'-- Up-to-date: /root/common/indy-ros2/install/indy_description/share/indy_description//meshes/indy7_v2/collision/Indy7_v2_eye_6.stl\n'}
[0.109720] (indy_description) StdoutLine: {'line': b'-- Up-to-date: /root/common/indy-ros2/install/indy_description/share/indy_description//meshes/indy7_v2/collision/Indy7_v2_5.stl\n'}
[0.109790] (indy_description) StdoutLine: {'line': b'-- Up-to-date: /root/common/indy-ros2/install/indy_description/share/indy_description//meshes/indy7_v2/collision/Indy7_v2_6.stl\n'}
[0.109929] (indy_description) StdoutLine: {'line': b'-- Up-to-date: /root/common/indy-ros2/install/indy_description/share/indy_description//meshes/indy7_v2/collision/Indy7_v2_2.stl\n'}
[0.110015] (indy_description) StdoutLine: {'line': b'-- Up-to-date: /root/common/indy-ros2/install/indy_description/share/indy_description//meshes/indy7_v2/collision/Indy7_v2_0.stl\n'}
[0.110127] (indy_description) StdoutLine: {'line': b'-- Up-to-date: /root/common/indy-ros2/install/indy_description/share/indy_description//meshes/indy7_v2/collision/Indy7_v2_4.stl\n'}
[0.110252] (indy_description) StdoutLine: {'line': b'-- Up-to-date: /root/common/indy-ros2/install/indy_description/share/indy_description//meshes/indy7_v2/visual\n'}
[0.110304] (indy_description) StdoutLine: {'line': b'-- Up-to-date: /root/common/indy-ros2/install/indy_description/share/indy_description//meshes/indy7_v2/visual/Indy7_v2_1.stl\n'}
[0.110388] (indy_description) StdoutLine: {'line': b'-- Up-to-date: /root/common/indy-ros2/install/indy_description/share/indy_description//meshes/indy7_v2/visual/Indy7_v2_3.stl\n'}
[0.110444] (indy_description) StdoutLine: {'line': b'-- Up-to-date: /root/common/indy-ros2/install/indy_description/share/indy_description//meshes/indy7_v2/visual/Indy7_v2_eye_6.stl\n'}
[0.110497] (indy_description) StdoutLine: {'line': b'-- Up-to-date: /root/common/indy-ros2/install/indy_description/share/indy_description//meshes/indy7_v2/visual/Indy7_v2_5.stl\n'}
[0.110632] (indy_description) StdoutLine: {'line': b'-- Up-to-date: /root/common/indy-ros2/install/indy_description/share/indy_description//meshes/indy7_v2/visual/Indy7_v2_6.stl\n'}
[0.110736] (indy_description) StdoutLine: {'line': b'-- Up-to-date: /root/common/indy-ros2/install/indy_description/share/indy_description//meshes/indy7_v2/visual/Indy7_v2_2.stl\n'}
[0.110892] (indy_description) StdoutLine: {'line': b'-- Up-to-date: /root/common/indy-ros2/install/indy_description/share/indy_description//meshes/indy7_v2/visual/Indy7_v2_0.stl\n'}
[0.110993] (indy_description) StdoutLine: {'line': b'-- Up-to-date: /root/common/indy-ros2/install/indy_description/share/indy_description//meshes/indy7_v2/visual/Indy7_v2_4.stl\n'}
[0.111046] (indy_description) StdoutLine: {'line': b'-- Up-to-date: /root/common/indy-ros2/install/indy_description/share/indy_description//meshes/nuri4s\n'}
[0.111135] (indy_description) StdoutLine: {'line': b'-- Up-to-date: /root/common/indy-ros2/install/indy_description/share/indy_description//meshes/nuri4s/collision\n'}
[0.111333] (indy_interfaces) StdoutLine: {'line': b'[ 70%] Built target indy_interfaces__rosidl_typesupport_fastrtps_c\n'}
[0.111527] (indy_description) StdoutLine: {'line': b'-- Up-to-date: /root/common/indy-ros2/install/indy_description/share/indy_description//meshes/nuri4s/collision/Nuri4s_0.stl\n'}
[0.111631] (indy_description) StdoutLine: {'line': b'-- Up-to-date: /root/common/indy-ros2/install/indy_description/share/indy_description//meshes/nuri4s/collision/Nuri4s_5.stl\n'}
[0.111723] (indy_description) StdoutLine: {'line': b'-- Up-to-date: /root/common/indy-ros2/install/indy_description/share/indy_description//meshes/nuri4s/collision/Nuri4s_3.stl\n'}
[0.111811] (indy_description) StdoutLine: {'line': b'-- Up-to-date: /root/common/indy-ros2/install/indy_description/share/indy_description//meshes/nuri4s/collision/Nuri4s_6.stl\n'}
[0.111929] (indy_description) StdoutLine: {'line': b'-- Up-to-date: /root/common/indy-ros2/install/indy_description/share/indy_description//meshes/nuri4s/collision/Nuri4s_4.stl\n'}
[0.112019] (indy_description) StdoutLine: {'line': b'-- Up-to-date: /root/common/indy-ros2/install/indy_description/share/indy_description//meshes/nuri4s/collision/Nuri4s_2.stl\n'}
[0.112145] (indy_interfaces) StdoutLine: {'line': b'[ 78%] Built target indy_interfaces__rosidl_typesupport_introspection_c\n'}
[0.112226] (indy_description) StdoutLine: {'line': b'-- Up-to-date: /root/common/indy-ros2/install/indy_description/share/indy_description//meshes/nuri4s/collision/Nuri4s_1.stl\n'}
[0.112279] (indy_description) StdoutLine: {'line': b'-- Up-to-date: /root/common/indy-ros2/install/indy_description/share/indy_description//meshes/nuri4s/visual\n'}
[0.112516] (indy_description) StdoutLine: {'line': b'-- Up-to-date: /root/common/indy-ros2/install/indy_description/share/indy_description//meshes/nuri4s/visual/Nuri4s_0.stl\n'}
[0.112673] (indy_description) StdoutLine: {'line': b'-- Up-to-date: /root/common/indy-ros2/install/indy_description/share/indy_description//meshes/nuri4s/visual/Nuri4s_5.stl\n'}
[0.112746] (indy_description) StdoutLine: {'line': b'-- Up-to-date: /root/common/indy-ros2/install/indy_description/share/indy_description//meshes/nuri4s/visual/Nuri4s_3.stl\n'}
[0.112798] (indy_description) StdoutLine: {'line': b'-- Up-to-date: /root/common/indy-ros2/install/indy_description/share/indy_description//meshes/nuri4s/visual/Nuri4s_6.stl\n'}
[0.113309] (indy_description) StdoutLine: {'line': b'-- Up-to-date: /root/common/indy-ros2/install/indy_description/share/indy_description//meshes/nuri4s/visual/Nuri4s_4.stl\n'}
[0.113420] (indy_description) StdoutLine: {'line': b'-- Up-to-date: /root/common/indy-ros2/install/indy_description/share/indy_description//meshes/nuri4s/visual/Nuri4s_2.stl\n'}
[0.113527] (indy_description) StdoutLine: {'line': b'-- Up-to-date: /root/common/indy-ros2/install/indy_description/share/indy_description//meshes/nuri4s/visual/Nuri4s_1.stl\n'}
[0.113599] (indy_description) StdoutLine: {'line': b'-- Up-to-date: /root/common/indy-ros2/install/indy_description/share/indy_description//meshes/nuri20c\n'}
[0.113668] (indy_description) StdoutLine: {'line': b'-- Up-to-date: /root/common/indy-ros2/install/indy_description/share/indy_description//meshes/nuri20c/collision\n'}
[0.113749] (indy_description) StdoutLine: {'line': b'-- Up-to-date: /root/common/indy-ros2/install/indy_description/share/indy_description//meshes/nuri20c/collision/Nuri20c_3.stl\n'}
[0.113895] (indy_description) StdoutLine: {'line': b'-- Up-to-date: /root/common/indy-ros2/install/indy_description/share/indy_description//meshes/nuri20c/collision/Nuri20c_0.stl\n'}
[0.113993] (indy_description) StdoutLine: {'line': b'-- Up-to-date: /root/common/indy-ros2/install/indy_description/share/indy_description//meshes/nuri20c/collision/Nuri20c_2.stl\n'}
[0.114089] (indy_description) StdoutLine: {'line': b'-- Up-to-date: /root/common/indy-ros2/install/indy_description/share/indy_description//meshes/nuri20c/collision/Nuri20c_1.stl\n'}
[0.114201] (indy_description) StdoutLine: {'line': b'-- Up-to-date: /root/common/indy-ros2/install/indy_description/share/indy_description//meshes/nuri20c/collision/Nuri20c_4.stl\n'}
[0.114331] (indy_description) StdoutLine: {'line': b'-- Up-to-date: /root/common/indy-ros2/install/indy_description/share/indy_description//meshes/nuri20c/collision/Nuri20c_6.stl\n'}
[0.114452] (indy_description) StdoutLine: {'line': b'-- Up-to-date: /root/common/indy-ros2/install/indy_description/share/indy_description//meshes/nuri20c/collision/Nuri20c_5.stl\n'}
[0.114540] (indy_description) StdoutLine: {'line': b'-- Up-to-date: /root/common/indy-ros2/install/indy_description/share/indy_description//meshes/nuri20c/visual\n'}
[0.114636] (indy_description) StdoutLine: {'line': b'-- Up-to-date: /root/common/indy-ros2/install/indy_description/share/indy_description//meshes/nuri20c/visual/Nuri20c_3.stl\n'}
[0.114814] (indy_description) StdoutLine: {'line': b'-- Up-to-date: /root/common/indy-ros2/install/indy_description/share/indy_description//meshes/nuri20c/visual/Nuri20c_0.stl\n'}
[0.114909] (indy_description) StdoutLine: {'line': b'-- Up-to-date: /root/common/indy-ros2/install/indy_description/share/indy_description//meshes/nuri20c/visual/Nuri20c_2.stl\n'}
[0.115001] (indy_description) StdoutLine: {'line': b'-- Up-to-date: /root/common/indy-ros2/install/indy_description/share/indy_description//meshes/nuri20c/visual/Nuri20c_1.stl\n'}
[0.115093] (indy_description) StdoutLine: {'line': b'-- Up-to-date: /root/common/indy-ros2/install/indy_description/share/indy_description//meshes/nuri20c/visual/Nuri20c_4.stl\n'}
[0.115182] (indy_description) StdoutLine: {'line': b'-- Up-to-date: /root/common/indy-ros2/install/indy_description/share/indy_description//meshes/nuri20c/visual/Nuri20c_6.stl\n'}
[0.115270] (indy_description) StdoutLine: {'line': b'-- Up-to-date: /root/common/indy-ros2/install/indy_description/share/indy_description//meshes/nuri20c/visual/Nuri20c_5.stl\n'}
[0.115355] (indy_description) StdoutLine: {'line': b'-- Up-to-date: /root/common/indy-ros2/install/indy_description/share/indy_description//meshes/indyrp2_v2\n'}
[0.115450] (indy_description) StdoutLine: {'line': b'-- Up-to-date: /root/common/indy-ros2/install/indy_description/share/indy_description//meshes/indyrp2_v2/collision\n'}
[0.115542] (indy_description) StdoutLine: {'line': b'-- Up-to-date: /root/common/indy-ros2/install/indy_description/share/indy_description//meshes/indyrp2_v2/collision/IndyRP2_v2_2.stl\n'}
[0.115628] (indy_description) StdoutLine: {'line': b'-- Up-to-date: /root/common/indy-ros2/install/indy_description/share/indy_description//meshes/indyrp2_v2/collision/IndyRP2_v2_5.stl\n'}
[0.115713] (indy_description) StdoutLine: {'line': b'-- Up-to-date: /root/common/indy-ros2/install/indy_description/share/indy_description//meshes/indyrp2_v2/collision/IndyRP2_v2_7.stl\n'}
[0.115801] (indy_description) StdoutLine: {'line': b'-- Up-to-date: /root/common/indy-ros2/install/indy_description/share/indy_description//meshes/indyrp2_v2/collision/IndyRP2_v2_0.stl\n'}
[0.115886] (indy_description) StdoutLine: {'line': b'-- Up-to-date: /root/common/indy-ros2/install/indy_description/share/indy_description//meshes/indyrp2_v2/collision/IndyRP2_v2_3.stl\n'}
[0.116221] (indy_description) StdoutLine: {'line': b'-- Up-to-date: /root/common/indy-ros2/install/indy_description/share/indy_description//meshes/indyrp2_v2/collision/IndyRP2_v2_4.stl\n'}
[0.116435] (indy_description) StdoutLine: {'line': b'-- Up-to-date: /root/common/indy-ros2/install/indy_description/share/indy_description//meshes/indyrp2_v2/collision/IndyRP2_v2_6.stl\n'}
[0.116572] (indy_description) StdoutLine: {'line': b'-- Up-to-date: /root/common/indy-ros2/install/indy_description/share/indy_description//meshes/indyrp2_v2/collision/IndyRP2_v2_eye_7.stl\n'}
[0.116726] (indy_description) StdoutLine: {'line': b'-- Up-to-date: /root/common/indy-ros2/install/indy_description/share/indy_description//meshes/indyrp2_v2/collision/IndyRP2_v2_1.stl\n'}
[0.116964] (indy_description) StdoutLine: {'line': b'-- Up-to-date: /root/common/indy-ros2/install/indy_description/share/indy_description//meshes/indyrp2_v2/visual\n'}
[0.117134] (indy_description) StdoutLine: {'line': b'-- Up-to-date: /root/common/indy-ros2/install/indy_description/share/indy_description//meshes/indyrp2_v2/visual/IndyRP2_v2_2.stl\n'}
[0.117268] (indy_description) StdoutLine: {'line': b'-- Up-to-date: /root/common/indy-ros2/install/indy_description/share/indy_description//meshes/indyrp2_v2/visual/IndyRP2_v2_5.stl\n'}
[0.117406] (indy_description) StdoutLine: {'line': b'-- Up-to-date: /root/common/indy-ros2/install/indy_description/share/indy_description//meshes/indyrp2_v2/visual/IndyRP2_v2_7.stl\n'}
[0.117526] (indy_description) StdoutLine: {'line': b'-- Up-to-date: /root/common/indy-ros2/install/indy_description/share/indy_description//meshes/indyrp2_v2/visual/IndyRP2_v2_0.stl\n'}
[0.117644] (indy_description) StdoutLine: {'line': b'-- Up-to-date: /root/common/indy-ros2/install/indy_description/share/indy_description//meshes/indyrp2_v2/visual/IndyRP2_v2_3.stl\n'}
[0.117759] (indy_description) StdoutLine: {'line': b'-- Up-to-date: /root/common/indy-ros2/install/indy_description/share/indy_description//meshes/indyrp2_v2/visual/IndyRP2_v2_4.stl\n'}
[0.117876] (indy_description) StdoutLine: {'line': b'-- Up-to-date: /root/common/indy-ros2/install/indy_description/share/indy_description//meshes/indyrp2_v2/visual/IndyRP2_v2_6.stl\n'}
[0.117992] (indy_description) StdoutLine: {'line': b'-- Up-to-date: /root/common/indy-ros2/install/indy_description/share/indy_description//meshes/indyrp2_v2/visual/IndyRP2_v2_eye_7.stl\n'}
[0.118108] (indy_description) StdoutLine: {'line': b'-- Up-to-date: /root/common/indy-ros2/install/indy_description/share/indy_description//meshes/indyrp2_v2/visual/IndyRP2_v2_1.stl\n'}
[0.118237] (indy_description) StdoutLine: {'line': b'-- Up-to-date: /root/common/indy-ros2/install/indy_description/share/indy_description//meshes/icon3\n'}
[0.118342] (indy_description) StdoutLine: {'line': b'-- Up-to-date: /root/common/indy-ros2/install/indy_description/share/indy_description//meshes/icon3/collision\n'}
[0.118457] (indy_description) StdoutLine: {'line': b'-- Up-to-date: /root/common/indy-ros2/install/indy_description/share/indy_description//meshes/icon3/collision/ICoN3_2.stl\n'}
[0.118570] (indy_description) StdoutLine: {'line': b'-- Up-to-date: /root/common/indy-ros2/install/indy_description/share/indy_description//meshes/icon3/collision/ICoN3_0.stl\n'}
[0.118700] (indy_description) StdoutLine: {'line': b'-- Up-to-date: /root/common/indy-ros2/install/indy_description/share/indy_description//meshes/icon3/collision/ICoN3_6.stl\n'}
[0.118824] (indy_description) StdoutLine: {'line': b'-- Up-to-date: /root/common/indy-ros2/install/indy_description/share/indy_description//meshes/icon3/collision/ICoN3_1.stl\n'}
[0.118943] (indy_description) StdoutLine: {'line': b'-- Up-to-date: /root/common/indy-ros2/install/indy_description/share/indy_description//meshes/icon3/collision/ICoN3_3.stl\n'}
[0.119069] (indy_description) StdoutLine: {'line': b'-- Up-to-date: /root/common/indy-ros2/install/indy_description/share/indy_description//meshes/icon3/collision/ICoN3_5.stl\n'}
[0.119208] (indy_description) StdoutLine: {'line': b'-- Up-to-date: /root/common/indy-ros2/install/indy_description/share/indy_description//meshes/icon3/collision/ICoN3_4.stl\n'}
[0.119344] (indy_description) StdoutLine: {'line': b'-- Up-to-date: /root/common/indy-ros2/install/indy_description/share/indy_description//meshes/icon3/visual\n'}
[0.119429] (indy_description) StdoutLine: {'line': b'-- Up-to-date: /root/common/indy-ros2/install/indy_description/share/indy_description//meshes/icon3/visual/ICoN3_2.stl\n'}
[0.119527] (indy_description) StdoutLine: {'line': b'-- Up-to-date: /root/common/indy-ros2/install/indy_description/share/indy_description//meshes/icon3/visual/ICoN3_0.stl\n'}
[0.119605] (indy_description) StdoutLine: {'line': b'-- Up-to-date: /root/common/indy-ros2/install/indy_description/share/indy_description//meshes/icon3/visual/ICoN3_6.stl\n'}
[0.119696] (indy_description) StdoutLine: {'line': b'-- Up-to-date: /root/common/indy-ros2/install/indy_description/share/indy_description//meshes/icon3/visual/ICoN3_1.stl\n'}
[0.119819] (indy_description) StdoutLine: {'line': b'-- Up-to-date: /root/common/indy-ros2/install/indy_description/share/indy_description//meshes/icon3/visual/ICoN3_3.stl\n'}
[0.119946] (indy_description) StdoutLine: {'line': b'-- Up-to-date: /root/common/indy-ros2/install/indy_description/share/indy_description//meshes/icon3/visual/ICoN3_5.stl\n'}
[0.120026] (indy_description) StdoutLine: {'line': b'-- Up-to-date: /root/common/indy-ros2/install/indy_description/share/indy_description//meshes/icon3/visual/ICoN3_4.stl\n'}
[0.120120] (indy_description) StdoutLine: {'line': b'-- Up-to-date: /root/common/indy-ros2/install/indy_description/share/indy_description//meshes/nuri3s\n'}
[0.120206] (indy_description) StdoutLine: {'line': b'-- Up-to-date: /root/common/indy-ros2/install/indy_description/share/indy_description//meshes/nuri3s/collision\n'}
[0.120297] (indy_description) StdoutLine: {'line': b'-- Up-to-date: /root/common/indy-ros2/install/indy_description/share/indy_description//meshes/nuri3s/collision/Nuri3s_0.stl\n'}
[0.120380] (indy_description) StdoutLine: {'line': b'-- Up-to-date: /root/common/indy-ros2/install/indy_description/share/indy_description//meshes/nuri3s/collision/Nuri3s_1.stl\n'}
[0.120467] (indy_description) StdoutLine: {'line': b'-- Up-to-date: /root/common/indy-ros2/install/indy_description/share/indy_description//meshes/nuri3s/collision/Nuri3s_6.stl\n'}
[0.120549] (indy_description) StdoutLine: {'line': b'-- Up-to-date: /root/common/indy-ros2/install/indy_description/share/indy_description//meshes/nuri3s/collision/Nuri3s_5.stl\n'}
[0.120634] (indy_description) StdoutLine: {'line': b'-- Up-to-date: /root/common/indy-ros2/install/indy_description/share/indy_description//meshes/nuri3s/collision/Nuri3s_3.stl\n'}
[0.120725] (indy_description) StdoutLine: {'line': b'-- Up-to-date: /root/common/indy-ros2/install/indy_description/share/indy_description//meshes/nuri3s/collision/Nuri3s_4.stl\n'}
[0.120804] (indy_description) StdoutLine: {'line': b'-- Up-to-date: /root/common/indy-ros2/install/indy_description/share/indy_description//meshes/nuri3s/collision/Nuri3s_2.stl\n'}
[0.120926] (indy_description) StdoutLine: {'line': b'-- Up-to-date: /root/common/indy-ros2/install/indy_description/share/indy_description//meshes/nuri3s/visual\n'}
[0.121031] (indy_description) StdoutLine: {'line': b'-- Up-to-date: /root/common/indy-ros2/install/indy_description/share/indy_description//meshes/nuri3s/visual/Nuri3s_0.stl\n'}
[0.121117] (indy_description) StdoutLine: {'line': b'-- Up-to-date: /root/common/indy-ros2/install/indy_description/share/indy_description//meshes/nuri3s/visual/Nuri3s_1.stl\n'}
[0.121200] (indy_description) StdoutLine: {'line': b'-- Up-to-date: /root/common/indy-ros2/install/indy_description/share/indy_description//meshes/nuri3s/visual/Nuri3s_6.stl\n'}
[0.121278] (indy_description) StdoutLine: {'line': b'-- Up-to-date: /root/common/indy-ros2/install/indy_description/share/indy_description//meshes/nuri3s/visual/Nuri3s_5.stl\n'}
[0.121367] (indy_description) StdoutLine: {'line': b'-- Up-to-date: /root/common/indy-ros2/install/indy_description/share/indy_description//meshes/nuri3s/visual/Nuri3s_3.stl\n'}
[0.121459] (indy_description) StdoutLine: {'line': b'-- Up-to-date: /root/common/indy-ros2/install/indy_description/share/indy_description//meshes/nuri3s/visual/Nuri3s_4.stl\n'}
[0.121537] (indy_description) StdoutLine: {'line': b'-- Up-to-date: /root/common/indy-ros2/install/indy_description/share/indy_description//meshes/nuri3s/visual/Nuri3s_2.stl\n'}
[0.121623] (indy_description) StdoutLine: {'line': b'-- Up-to-date: /root/common/indy-ros2/install/indy_description/share/indy_description//meshes/nuri7c\n'}
[0.121709] (indy_description) StdoutLine: {'line': b'-- Up-to-date: /root/common/indy-ros2/install/indy_description/share/indy_description//meshes/nuri7c/collision\n'}
[0.121792] (indy_description) StdoutLine: {'line': b'-- Up-to-date: /root/common/indy-ros2/install/indy_description/share/indy_description//meshes/nuri7c/collision/Nuri7c_5.stl\n'}
[0.121876] (indy_description) StdoutLine: {'line': b'-- Up-to-date: /root/common/indy-ros2/install/indy_description/share/indy_description//meshes/nuri7c/collision/Nuri7c_2.stl\n'}
[0.121960] (indy_description) StdoutLine: {'line': b'-- Up-to-date: /root/common/indy-ros2/install/indy_description/share/indy_description//meshes/nuri7c/collision/Nuri7c_4.stl\n'}
[0.122044] (indy_description) StdoutLine: {'line': b'-- Up-to-date: /root/common/indy-ros2/install/indy_description/share/indy_description//meshes/nuri7c/collision/Nuri7c_0.stl\n'}
[0.122131] (indy_description) StdoutLine: {'line': b'-- Up-to-date: /root/common/indy-ros2/install/indy_description/share/indy_description//meshes/nuri7c/collision/Nuri7c_3.stl\n'}
[0.122216] (indy_description) StdoutLine: {'line': b'-- Up-to-date: /root/common/indy-ros2/install/indy_description/share/indy_description//meshes/nuri7c/collision/Nuri7c_6.stl\n'}
[0.122308] (indy_description) StdoutLine: {'line': b'-- Up-to-date: /root/common/indy-ros2/install/indy_description/share/indy_description//meshes/nuri7c/collision/Nuri7c_1.stl\n'}
[0.122409] (indy_description) StdoutLine: {'line': b'-- Up-to-date: /root/common/indy-ros2/install/indy_description/share/indy_description//meshes/nuri7c/visual\n'}
[0.122526] (indy_description) StdoutLine: {'line': b'-- Up-to-date: /root/common/indy-ros2/install/indy_description/share/indy_description//meshes/nuri7c/visual/Nuri7c_5.stl\n'}
[0.122648] (indy_description) StdoutLine: {'line': b'-- Up-to-date: /root/common/indy-ros2/install/indy_description/share/indy_description//meshes/nuri7c/visual/Nuri7c_2.stl\n'}
[0.122710] (indy_description) StdoutLine: {'line': b'-- Up-to-date: /root/common/indy-ros2/install/indy_description/share/indy_description//meshes/nuri7c/visual/Nuri7c_4.stl\n'}
[0.122804] (indy_description) StdoutLine: {'line': b'-- Up-to-date: /root/common/indy-ros2/install/indy_description/share/indy_description//meshes/nuri7c/visual/Nuri7c_0.stl\n'}
[0.122896] (indy_description) StdoutLine: {'line': b'-- Up-to-date: /root/common/indy-ros2/install/indy_description/share/indy_description//meshes/nuri7c/visual/Nuri7c_3.stl\n'}
[0.122986] (indy_description) StdoutLine: {'line': b'-- Up-to-date: /root/common/indy-ros2/install/indy_description/share/indy_description//meshes/nuri7c/visual/Nuri7c_6.stl\n'}
[0.123098] (indy_description) StdoutLine: {'line': b'-- Up-to-date: /root/common/indy-ros2/install/indy_description/share/indy_description//meshes/nuri7c/visual/Nuri7c_1.stl\n'}
[0.123214] (indy_description) StdoutLine: {'line': b'-- Up-to-date: /root/common/indy-ros2/install/indy_description/share/indy_description//meshes/indy12_v2\n'}
[0.123320] (indy_description) StdoutLine: {'line': b'-- Up-to-date: /root/common/indy-ros2/install/indy_description/share/indy_description//meshes/indy12_v2/collision\n'}
[0.123412] (indy_description) StdoutLine: {'line': b'-- Up-to-date: /root/common/indy-ros2/install/indy_description/share/indy_description//meshes/indy12_v2/collision/Indy12_v2_3.stl\n'}
[0.123510] (indy_description) StdoutLine: {'line': b'-- Up-to-date: /root/common/indy-ros2/install/indy_description/share/indy_description//meshes/indy12_v2/collision/Indy12_v2_6.stl\n'}
[0.123602] (indy_description) StdoutLine: {'line': b'-- Up-to-date: /root/common/indy-ros2/install/indy_description/share/indy_description//meshes/indy12_v2/collision/Indy12_v2_5.stl\n'}
[0.123704] (indy_description) StdoutLine: {'line': b'-- Up-to-date: /root/common/indy-ros2/install/indy_description/share/indy_description//meshes/indy12_v2/collision/Indy12_v2_4.stl\n'}
[0.123782] (indy_description) StdoutLine: {'line': b'-- Up-to-date: /root/common/indy-ros2/install/indy_description/share/indy_description//meshes/indy12_v2/collision/Indy12_v2_1.stl\n'}
[0.123869] (indy_description) StdoutLine: {'line': b'-- Up-to-date: /root/common/indy-ros2/install/indy_description/share/indy_description//meshes/indy12_v2/collision/Indy12_v2_0.stl\n'}
[0.123972] (indy_description) StdoutLine: {'line': b'-- Up-to-date: /root/common/indy-ros2/install/indy_description/share/indy_description//meshes/indy12_v2/collision/Indy12_v2_2.stl\n'}
[0.124061] (indy_description) StdoutLine: {'line': b'-- Up-to-date: /root/common/indy-ros2/install/indy_description/share/indy_description//meshes/indy12_v2/visual\n'}
[0.124145] (indy_description) StdoutLine: {'line': b'-- Up-to-date: /root/common/indy-ros2/install/indy_description/share/indy_description//meshes/indy12_v2/visual/Indy12_v2_3.stl\n'}
[0.124230] (indy_description) StdoutLine: {'line': b'-- Up-to-date: /root/common/indy-ros2/install/indy_description/share/indy_description//meshes/indy12_v2/visual/Indy12_v2_6.stl\n'}
[0.124315] (indy_description) StdoutLine: {'line': b'-- Up-to-date: /root/common/indy-ros2/install/indy_description/share/indy_description//meshes/indy12_v2/visual/Indy12_v2_5.stl\n'}
[0.124406] (indy_description) StdoutLine: {'line': b'-- Up-to-date: /root/common/indy-ros2/install/indy_description/share/indy_description//meshes/indy12_v2/visual/Indy12_v2_4.stl\n'}
[0.124498] (indy_description) StdoutLine: {'line': b'-- Up-to-date: /root/common/indy-ros2/install/indy_description/share/indy_description//meshes/indy12_v2/visual/Indy12_v2_1.stl\n'}
[0.124580] (indy_description) StdoutLine: {'line': b'-- Up-to-date: /root/common/indy-ros2/install/indy_description/share/indy_description//meshes/indy12_v2/visual/Indy12_v2_0.stl\n'}
[0.124668] (indy_description) StdoutLine: {'line': b'-- Up-to-date: /root/common/indy-ros2/install/indy_description/share/indy_description//meshes/indy12_v2/visual/Indy12_v2_2.stl\n'}
[0.124760] (indy_description) StdoutLine: {'line': b'-- Up-to-date: /root/common/indy-ros2/install/indy_description/share/indy_description//meshes/dual_icon3\n'}
[0.124854] (indy_description) StdoutLine: {'line': b'-- Up-to-date: /root/common/indy-ros2/install/indy_description/share/indy_description//meshes/dual_icon3/collision\n'}
[0.125020] (indy_description) StdoutLine: {'line': b'-- Up-to-date: /root/common/indy-ros2/install/indy_description/share/indy_description//meshes/dual_icon3/collision/Body_base.stl\n'}
[0.125114] (indy_description) StdoutLine: {'line': b'-- Up-to-date: /root/common/indy-ros2/install/indy_description/share/indy_description//meshes/dual_icon3/collision/Body_cover.stl\n'}
[0.125648] (indy_description) StdoutLine: {'line': b'-- Up-to-date: /root/common/indy-ros2/install/indy_description/share/indy_description//meshes/dual_icon3/collision/Body_frame.stl\n'}
[0.125862] (indy_description) StdoutLine: {'line': b'-- Up-to-date: /root/common/indy-ros2/install/indy_description/share/indy_description//meshes/dual_icon3/visual\n'}
[0.125923] (indy_description) StdoutLine: {'line': b'-- Up-to-date: /root/common/indy-ros2/install/indy_description/share/indy_description//meshes/dual_icon3/visual/Body_base.stl\n'}
[0.126859] (indy_description) StdoutLine: {'line': b'-- Up-to-date: /root/common/indy-ros2/install/indy_description/share/indy_description//meshes/dual_icon3/visual/Body_cover.stl\n'}
[0.127065] (indy_description) StdoutLine: {'line': b'-- Up-to-date: /root/common/indy-ros2/install/indy_description/share/indy_description//meshes/dual_icon3/visual/Body_frame.stl\n'}
[0.127125] (indy_description) StdoutLine: {'line': b'-- Up-to-date: /root/common/indy-ros2/install/indy_description/share/indy_description//meshes/icon7l\n'}
[0.127180] (indy_description) StdoutLine: {'line': b'-- Up-to-date: /root/common/indy-ros2/install/indy_description/share/indy_description//meshes/icon7l/collision\n'}
[0.127523] (indy_description) StdoutLine: {'line': b'-- Up-to-date: /root/common/indy-ros2/install/indy_description/share/indy_description//meshes/icon7l/collision/ICoN7L_3.stl\n'}
[0.127615] (indy_description) StdoutLine: {'line': b'-- Up-to-date: /root/common/indy-ros2/install/indy_description/share/indy_description//meshes/icon7l/collision/ICoN7L_1.stl\n'}
[0.127710] (indy_description) StdoutLine: {'line': b'-- Up-to-date: /root/common/indy-ros2/install/indy_description/share/indy_description//meshes/icon7l/collision/ICoN7L_2.stl\n'}
[0.127912] (indy_description) StdoutLine: {'line': b'-- Up-to-date: /root/common/indy-ros2/install/indy_description/share/indy_description//meshes/icon7l/collision/ICoN7L_0.stl\n'}
[0.127967] (indy_description) StdoutLine: {'line': b'-- Up-to-date: /root/common/indy-ros2/install/indy_description/share/indy_description//meshes/icon7l/collision/ICoN7L_4.stl\n'}
[0.128050] (indy_description) StdoutLine: {'line': b'-- Up-to-date: /root/common/indy-ros2/install/indy_description/share/indy_description//meshes/icon7l/collision/ICoN7L_5.stl\n'}
[0.128099] (indy_description) StdoutLine: {'line': b'-- Up-to-date: /root/common/indy-ros2/install/indy_description/share/indy_description//meshes/icon7l/collision/ICoN7L_6.stl\n'}
[0.128176] (indy_description) StdoutLine: {'line': b'-- Up-to-date: /root/common/indy-ros2/install/indy_description/share/indy_description//meshes/icon7l/visual\n'}
[0.128522] (indy_description) StdoutLine: {'line': b'-- Up-to-date: /root/common/indy-ros2/install/indy_description/share/indy_description//meshes/icon7l/visual/ICoN7L_3.stl\n'}
[0.128620] (indy_description) StdoutLine: {'line': b'-- Up-to-date: /root/common/indy-ros2/install/indy_description/share/indy_description//meshes/icon7l/visual/ICoN7L_1.stl\n'}
[0.129542] (indy_description) StdoutLine: {'line': b'-- Up-to-date: /root/common/indy-ros2/install/indy_description/share/indy_description//meshes/icon7l/visual/ICoN7L_2.stl\n'}
[0.129641] (indy_description) StdoutLine: {'line': b'-- Up-to-date: /root/common/indy-ros2/install/indy_description/share/indy_description//meshes/icon7l/visual/ICoN7L_0.stl\n'}
[0.129698] (indy_description) StdoutLine: {'line': b'-- Up-to-date: /root/common/indy-ros2/install/indy_description/share/indy_description//meshes/icon7l/visual/ICoN7L_4.stl\n'}
[0.129750] (indy_description) StdoutLine: {'line': b'-- Up-to-date: /root/common/indy-ros2/install/indy_description/share/indy_description//meshes/icon7l/visual/ICoN7L_5.stl\n'}
[0.131127] (indy_description) StdoutLine: {'line': b'-- Up-to-date: /root/common/indy-ros2/install/indy_description/share/indy_description//meshes/icon7l/visual/ICoN7L_6.stl\n'}
[0.132173] (indy_description) StdoutLine: {'line': b'-- Up-to-date: /root/common/indy-ros2/install/indy_description/share/indy_description//rviz_config\n'}
[0.132918] (indy_description) StdoutLine: {'line': b'-- Up-to-date: /root/common/indy-ros2/install/indy_description/share/indy_description//rviz_config/indy.rviz\n'}
[0.133472] (indy_description) StdoutLine: {'line': b'-- Up-to-date: /root/common/indy-ros2/install/indy_description/share/indy_description//urdf\n'}
[0.133607] (indy_description) StdoutLine: {'line': b'-- Up-to-date: /root/common/indy-ros2/install/indy_description/share/indy_description//urdf/generate_all_urdfs.sh\n'}
[0.133733] (indy_description) StdoutLine: {'line': b'-- Up-to-date: /root/common/indy-ros2/install/indy_description/share/indy_description//urdf/indy.urdf.xacro\n'}
[0.133921] (indy_description) StdoutLine: {'line': b'-- Up-to-date: /root/common/indy-ros2/install/indy_description/share/indy_description//urdf/indy_macro.xacro\n'}
[0.134004] (indy_description) StdoutLine: {'line': b'-- Up-to-date: /root/common/indy-ros2/install/indy_description/share/indy_description//urdf/indy.ros2_control.xacro\n'}
[0.134058] (indy_description) StdoutLine: {'line': b'-- Up-to-date: /root/common/indy-ros2/install/indy_description/share/indy_description//urdf/materials.xacro\n'}
[0.134126] (indy_description) StdoutLine: {'line': b'-- Up-to-date: /root/common/indy-ros2/install/indy_description/share/indy_description//urdf/indy_common.xacro\n'}
[0.134197] (indy_description) StdoutLine: {'line': b'-- Up-to-date: /root/common/indy-ros2/install/indy_description/share/indy_description//urdf/indy_transmissions.xacro\n'}
[0.134654] (indy_description) StdoutLine: {'line': b'-- Up-to-date: /root/common/indy-ros2/install/indy_description/share/indy_description//urdf/config\n'}
[0.134763] (indy_description) StdoutLine: {'line': b'-- Up-to-date: /root/common/indy-ros2/install/indy_description/share/indy_description//urdf/config/indy12\n'}
[0.134865] (indy_description) StdoutLine: {'line': b'-- Up-to-date: /root/common/indy-ros2/install/indy_description/share/indy_description//urdf/config/indy12/visual_parameters.yaml\n'}
[0.135140] (indy_description) StdoutLine: {'line': b'-- Up-to-date: /root/common/indy-ros2/install/indy_description/share/indy_description//urdf/config/indy12/physical_parameters.yaml\n'}
[0.135205] (indy_description) StdoutLine: {'line': b'-- Up-to-date: /root/common/indy-ros2/install/indy_description/share/indy_description//urdf/config/indy12/joint_axes.yaml\n'}
[0.135261] (indy_description) StdoutLine: {'line': b'-- Up-to-date: /root/common/indy-ros2/install/indy_description/share/indy_description//urdf/config/indy12/kinematics.yaml\n'}
[0.135315] (indy_description) StdoutLine: {'line': b'-- Up-to-date: /root/common/indy-ros2/install/indy_description/share/indy_description//urdf/config/indy12/joint_limits.yaml\n'}
[0.135750] (indy_description) StdoutLine: {'line': b'-- Up-to-date: /root/common/indy-ros2/install/indy_description/share/indy_description//urdf/config/indyrp2\n'}
[0.135851] (indy_description) StdoutLine: {'line': b'-- Up-to-date: /root/common/indy-ros2/install/indy_description/share/indy_description//urdf/config/indyrp2/visual_parameters.yaml\n'}
[0.136059] (indy_description) StdoutLine: {'line': b'-- Up-to-date: /root/common/indy-ros2/install/indy_description/share/indy_description//urdf/config/indyrp2/physical_parameters.yaml\n'}
[0.136289] (indy_description) StdoutLine: {'line': b'-- Up-to-date: /root/common/indy-ros2/install/indy_description/share/indy_description//urdf/config/indyrp2/joint_axes.yaml\n'}
[0.136427] (indy_description) StdoutLine: {'line': b'-- Up-to-date: /root/common/indy-ros2/install/indy_description/share/indy_description//urdf/config/indyrp2/kinematics.yaml\n'}
[0.136937] (indy_description) StdoutLine: {'line': b'-- Up-to-date: /root/common/indy-ros2/install/indy_description/share/indy_description//urdf/config/indyrp2/joint_limits.yaml\n'}
[0.137084] (indy_description) StdoutLine: {'line': b'-- Up-to-date: /root/common/indy-ros2/install/indy_description/share/indy_description//urdf/config/opti5\n'}
[0.137266] (indy_description) StdoutLine: {'line': b'-- Up-to-date: /root/common/indy-ros2/install/indy_description/share/indy_description//urdf/config/opti5/visual_parameters.yaml\n'}
[0.137362] (indy_description) StdoutLine: {'line': b'-- Up-to-date: /root/common/indy-ros2/install/indy_description/share/indy_description//urdf/config/opti5/physical_parameters.yaml\n'}
[0.137417] (indy_description) StdoutLine: {'line': b'-- Up-to-date: /root/common/indy-ros2/install/indy_description/share/indy_description//urdf/config/opti5/joint_axes.yaml\n'}
[0.137490] (indy_description) StdoutLine: {'line': b'-- Up-to-date: /root/common/indy-ros2/install/indy_description/share/indy_description//urdf/config/opti5/kinematics.yaml\n'}
[0.137540] (indy_description) StdoutLine: {'line': b'-- Up-to-date: /root/common/indy-ros2/install/indy_description/share/indy_description//urdf/config/opti5/joint_limits.yaml\n'}
[0.137590] (indy_description) StdoutLine: {'line': b'-- Up-to-date: /root/common/indy-ros2/install/indy_description/share/indy_description//urdf/config/indy7\n'}
[0.137640] (indy_description) StdoutLine: {'line': b'-- Up-to-date: /root/common/indy-ros2/install/indy_description/share/indy_description//urdf/config/indy7/visual_parameters.yaml\n'}
[0.137710] (indy_description) StdoutLine: {'line': b'-- Up-to-date: /root/common/indy-ros2/install/indy_description/share/indy_description//urdf/config/indy7/physical_parameters.yaml\n'}
[0.138107] (indy_description) StdoutLine: {'line': b'-- Up-to-date: /root/common/indy-ros2/install/indy_description/share/indy_description//urdf/config/indy7/joint_axes.yaml\n'}
[0.138216] (indy_description) StdoutLine: {'line': b'-- Up-to-date: /root/common/indy-ros2/install/indy_description/share/indy_description//urdf/config/indy7/kinematics.yaml\n'}
[0.138314] (indy_description) StdoutLine: {'line': b'-- Up-to-date: /root/common/indy-ros2/install/indy_description/share/indy_description//urdf/config/indy7/joint_limits.yaml\n'}
[0.138586] (indy_description) StdoutLine: {'line': b'-- Up-to-date: /root/common/indy-ros2/install/indy_description/share/indy_description//urdf/config/indy7_v2\n'}
[0.138757] (indy_description) StdoutLine: {'line': b'-- Up-to-date: /root/common/indy-ros2/install/indy_description/share/indy_description//urdf/config/indy7_v2/visual_parameters.yaml\n'}
[0.138926] (indy_description) StdoutLine: {'line': b'-- Up-to-date: /root/common/indy-ros2/install/indy_description/share/indy_description//urdf/config/indy7_v2/physical_parameters.yaml\n'}
[0.139558] (indy_description) StdoutLine: {'line': b'-- Up-to-date: /root/common/indy-ros2/install/indy_description/share/indy_description//urdf/config/indy7_v2/joint_axes.yaml\n'}
[0.139890] (indy_description) StdoutLine: {'line': b'-- Up-to-date: /root/common/indy-ros2/install/indy_description/share/indy_description//urdf/config/indy7_v2/kinematics.yaml\n'}
[0.139990] (indy_description) StdoutLine: {'line': b'-- Up-to-date: /root/common/indy-ros2/install/indy_description/share/indy_description//urdf/config/indy7_v2/joint_limits.yaml\n'}
[0.140141] (indy_description) StdoutLine: {'line': b'-- Up-to-date: /root/common/indy-ros2/install/indy_description/share/indy_description//urdf/config/nuri4s\n'}
[0.140466] (indy_description) StdoutLine: {'line': b'-- Up-to-date: /root/common/indy-ros2/install/indy_description/share/indy_description//urdf/config/nuri4s/visual_parameters.yaml\n'}
[0.140578] (indy_description) StdoutLine: {'line': b'-- Up-to-date: /root/common/indy-ros2/install/indy_description/share/indy_description//urdf/config/nuri4s/physical_parameters.yaml\n'}
[0.140669] (indy_description) StdoutLine: {'line': b'-- Up-to-date: /root/common/indy-ros2/install/indy_description/share/indy_description//urdf/config/nuri4s/joint_axes.yaml\n'}
[0.140770] (indy_description) StdoutLine: {'line': b'-- Up-to-date: /root/common/indy-ros2/install/indy_description/share/indy_description//urdf/config/nuri4s/kinematics.yaml\n'}
[0.140855] (indy_description) StdoutLine: {'line': b'-- Up-to-date: /root/common/indy-ros2/install/indy_description/share/indy_description//urdf/config/nuri4s/joint_limits.yaml\n'}
[0.141049] (indy_description) StdoutLine: {'line': b'-- Up-to-date: /root/common/indy-ros2/install/indy_description/share/indy_description//urdf/config/nuri20c\n'}
[0.141268] (indy_description) StdoutLine: {'line': b'-- Up-to-date: /root/common/indy-ros2/install/indy_description/share/indy_description//urdf/config/nuri20c/visual_parameters.yaml\n'}
[0.141382] (indy_description) StdoutLine: {'line': b'-- Up-to-date: /root/common/indy-ros2/install/indy_description/share/indy_description//urdf/config/nuri20c/physical_parameters.yaml\n'}
[0.141515] (indy_description) StdoutLine: {'line': b'-- Up-to-date: /root/common/indy-ros2/install/indy_description/share/indy_description//urdf/config/nuri20c/joint_axes.yaml\n'}
[0.141622] (indy_description) StdoutLine: {'line': b'-- Up-to-date: /root/common/indy-ros2/install/indy_description/share/indy_description//urdf/config/nuri20c/kinematics.yaml\n'}
[0.141731] (indy_description) StdoutLine: {'line': b'-- Up-to-date: /root/common/indy-ros2/install/indy_description/share/indy_description//urdf/config/nuri20c/joint_limits.yaml\n'}
[0.141844] (indy_description) StdoutLine: {'line': b'-- Up-to-date: /root/common/indy-ros2/install/indy_description/share/indy_description//urdf/config/indyrp2_v2\n'}
[0.141950] (indy_description) StdoutLine: {'line': b'-- Up-to-date: /root/common/indy-ros2/install/indy_description/share/indy_description//urdf/config/indyrp2_v2/visual_parameters.yaml\n'}
[0.142044] (indy_description) StdoutLine: {'line': b'-- Up-to-date: /root/common/indy-ros2/install/indy_description/share/indy_description//urdf/config/indyrp2_v2/physical_parameters.yaml\n'}
[0.142137] (indy_description) StdoutLine: {'line': b'-- Up-to-date: /root/common/indy-ros2/install/indy_description/share/indy_description//urdf/config/indyrp2_v2/joint_axes.yaml\n'}
[0.142228] (indy_description) StdoutLine: {'line': b'-- Up-to-date: /root/common/indy-ros2/install/indy_description/share/indy_description//urdf/config/indyrp2_v2/kinematics.yaml\n'}
[0.142329] (indy_description) StdoutLine: {'line': b'-- Up-to-date: /root/common/indy-ros2/install/indy_description/share/indy_description//urdf/config/indyrp2_v2/joint_limits.yaml\n'}
[0.142426] (indy_description) StdoutLine: {'line': b'-- Up-to-date: /root/common/indy-ros2/install/indy_description/share/indy_description//urdf/config/icon3\n'}
[0.142552] (indy_description) StdoutLine: {'line': b'-- Up-to-date: /root/common/indy-ros2/install/indy_description/share/indy_description//urdf/config/icon3/visual_parameters.yaml\n'}
[0.142630] (indy_description) StdoutLine: {'line': b'-- Up-to-date: /root/common/indy-ros2/install/indy_description/share/indy_description//urdf/config/icon3/physical_parameters.yaml\n'}
[0.142685] (indy_description) StdoutLine: {'line': b'-- Up-to-date: /root/common/indy-ros2/install/indy_description/share/indy_description//urdf/config/icon3/joint_axes.yaml\n'}
[0.142737] (indy_description) StdoutLine: {'line': b'-- Up-to-date: /root/common/indy-ros2/install/indy_description/share/indy_description//urdf/config/icon3/kinematics.yaml\n'}
[0.142808] (indy_description) StdoutLine: {'line': b'-- Up-to-date: /root/common/indy-ros2/install/indy_description/share/indy_description//urdf/config/icon3/joint_limits.yaml\n'}
[0.142868] (indy_description) StdoutLine: {'line': b'-- Up-to-date: /root/common/indy-ros2/install/indy_description/share/indy_description//urdf/config/nuri3s\n'}
[0.142922] (indy_description) StdoutLine: {'line': b'-- Up-to-date: /root/common/indy-ros2/install/indy_description/share/indy_description//urdf/config/nuri3s/visual_parameters.yaml\n'}
[0.142973] (indy_description) StdoutLine: {'line': b'-- Up-to-date: /root/common/indy-ros2/install/indy_description/share/indy_description//urdf/config/nuri3s/physical_parameters.yaml\n'}
[0.143024] (indy_description) StdoutLine: {'line': b'-- Up-to-date: /root/common/indy-ros2/install/indy_description/share/indy_description//urdf/config/nuri3s/joint_axes.yaml\n'}
[0.143074] (indy_description) StdoutLine: {'line': b'-- Up-to-date: /root/common/indy-ros2/install/indy_description/share/indy_description//urdf/config/nuri3s/kinematics.yaml\n'}
[0.143124] (indy_description) StdoutLine: {'line': b'-- Up-to-date: /root/common/indy-ros2/install/indy_description/share/indy_description//urdf/config/nuri3s/joint_limits.yaml\n'}
[0.143173] (indy_description) StdoutLine: {'line': b'-- Up-to-date: /root/common/indy-ros2/install/indy_description/share/indy_description//urdf/config/nuri7c\n'}
[0.143222] (indy_description) StdoutLine: {'line': b'-- Up-to-date: /root/common/indy-ros2/install/indy_description/share/indy_description//urdf/config/nuri7c/visual_parameters.yaml\n'}
[0.143271] (indy_description) StdoutLine: {'line': b'-- Up-to-date: /root/common/indy-ros2/install/indy_description/share/indy_description//urdf/config/nuri7c/physical_parameters.yaml\n'}
[0.143320] (indy_description) StdoutLine: {'line': b'-- Up-to-date: /root/common/indy-ros2/install/indy_description/share/indy_description//urdf/config/nuri7c/joint_axes.yaml\n'}
[0.143369] (indy_description) StdoutLine: {'line': b'-- Up-to-date: /root/common/indy-ros2/install/indy_description/share/indy_description//urdf/config/nuri7c/kinematics.yaml\n'}
[0.143417] (indy_description) StdoutLine: {'line': b'-- Up-to-date: /root/common/indy-ros2/install/indy_description/share/indy_description//urdf/config/nuri7c/joint_limits.yaml\n'}
[0.143466] (indy_description) StdoutLine: {'line': b'-- Up-to-date: /root/common/indy-ros2/install/indy_description/share/indy_description//urdf/config/indy12_v2\n'}
[0.143514] (indy_description) StdoutLine: {'line': b'-- Up-to-date: /root/common/indy-ros2/install/indy_description/share/indy_description//urdf/config/indy12_v2/visual_parameters.yaml\n'}
[0.143563] (indy_description) StdoutLine: {'line': b'-- Up-to-date: /root/common/indy-ros2/install/indy_description/share/indy_description//urdf/config/indy12_v2/physical_parameters.yaml\n'}
[0.143612] (indy_description) StdoutLine: {'line': b'-- Up-to-date: /root/common/indy-ros2/install/indy_description/share/indy_description//urdf/config/indy12_v2/joint_axes.yaml\n'}
[0.143664] (indy_description) StdoutLine: {'line': b'-- Up-to-date: /root/common/indy-ros2/install/indy_description/share/indy_description//urdf/config/indy12_v2/kinematics.yaml\n'}
[0.143713] (indy_description) StdoutLine: {'line': b'-- Up-to-date: /root/common/indy-ros2/install/indy_description/share/indy_description//urdf/config/indy12_v2/joint_limits.yaml\n'}
[0.143761] (indy_description) StdoutLine: {'line': b'-- Up-to-date: /root/common/indy-ros2/install/indy_description/share/indy_description//urdf/config/dual_icon3\n'}
[0.143810] (indy_description) StdoutLine: {'line': b'-- Up-to-date: /root/common/indy-ros2/install/indy_description/share/indy_description//urdf/config/dual_icon3/visual_parameters.yaml\n'}
[0.143859] (indy_description) StdoutLine: {'line': b'-- Up-to-date: /root/common/indy-ros2/install/indy_description/share/indy_description//urdf/config/dual_icon3/physical_parameters.yaml\n'}
[0.143908] (indy_description) StdoutLine: {'line': b'-- Up-to-date: /root/common/indy-ros2/install/indy_description/share/indy_description//urdf/config/dual_icon3/joint_axes.yaml\n'}
[0.143956] (indy_description) StdoutLine: {'line': b'-- Up-to-date: /root/common/indy-ros2/install/indy_description/share/indy_description//urdf/config/dual_icon3/kinematics.yaml\n'}
[0.144146] (indy_description) StdoutLine: {'line': b'-- Up-to-date: /root/common/indy-ros2/install/indy_description/share/indy_description//urdf/config/dual_icon3/joint_limits.yaml\n'}
[0.144263] (indy_description) StdoutLine: {'line': b'-- Up-to-date: /root/common/indy-ros2/install/indy_description/share/indy_description//urdf/config/icon7l\n'}
[0.144386] (indy_description) StdoutLine: {'line': b'-- Up-to-date: /root/common/indy-ros2/install/indy_description/share/indy_description//urdf/config/icon7l/visual_parameters.yaml\n'}
[0.144497] (indy_description) StdoutLine: {'line': b'-- Up-to-date: /root/common/indy-ros2/install/indy_description/share/indy_description//urdf/config/icon7l/physical_parameters.yaml\n'}
[0.144668] (indy_description) StdoutLine: {'line': b'-- Up-to-date: /root/common/indy-ros2/install/indy_description/share/indy_description//urdf/config/icon7l/joint_axes.yaml\n'}
[0.144762] (indy_description) StdoutLine: {'line': b'-- Up-to-date: /root/common/indy-ros2/install/indy_description/share/indy_description//urdf/config/icon7l/kinematics.yaml\n'}
[0.144845] (indy_description) StdoutLine: {'line': b'-- Up-to-date: /root/common/indy-ros2/install/indy_description/share/indy_description//urdf/config/icon7l/joint_limits.yaml\n'}
[0.144984] (indy_description) StdoutLine: {'line': b'-- Up-to-date: /root/common/indy-ros2/install/indy_description/share/indy_description//urdf/config/initial_positions.yaml\n'}
[0.145037] (indy_description) StdoutLine: {'line': b'-- Up-to-date: /root/common/indy-ros2/install/indy_description/share/ament_index/resource_index/package_run_dependencies/indy_description\n'}
[0.145091] (indy_description) StdoutLine: {'line': b'-- Up-to-date: /root/common/indy-ros2/install/indy_description/share/ament_index/resource_index/parent_prefix_path/indy_description\n'}
[0.145194] (indy_description) StdoutLine: {'line': b'-- Up-to-date: /root/common/indy-ros2/install/indy_description/share/indy_description/environment/ament_prefix_path.sh\n'}
[0.145283] (indy_description) StdoutLine: {'line': b'-- Up-to-date: /root/common/indy-ros2/install/indy_description/share/indy_description/environment/ament_prefix_path.dsv\n'}
[0.145332] (indy_description) StdoutLine: {'line': b'-- Up-to-date: /root/common/indy-ros2/install/indy_description/share/indy_description/environment/path.sh\n'}
[0.145379] (indy_description) StdoutLine: {'line': b'-- Up-to-date: /root/common/indy-ros2/install/indy_description/share/indy_description/environment/path.dsv\n'}
[0.145427] (indy_description) StdoutLine: {'line': b'-- Up-to-date: /root/common/indy-ros2/install/indy_description/share/indy_description/local_setup.bash\n'}
[0.145474] (indy_description) StdoutLine: {'line': b'-- Up-to-date: /root/common/indy-ros2/install/indy_description/share/indy_description/local_setup.sh\n'}
[0.145521] (indy_description) StdoutLine: {'line': b'-- Up-to-date: /root/common/indy-ros2/install/indy_description/share/indy_description/local_setup.zsh\n'}
[0.145568] (indy_description) StdoutLine: {'line': b'-- Up-to-date: /root/common/indy-ros2/install/indy_description/share/indy_description/local_setup.dsv\n'}
[0.145615] (indy_description) StdoutLine: {'line': b'-- Installing: /root/common/indy-ros2/install/indy_description/share/indy_description/package.dsv\n'}
[0.145663] (indy_description) StdoutLine: {'line': b'-- Up-to-date: /root/common/indy-ros2/install/indy_description/share/ament_index/resource_index/packages/indy_description\n'}
[0.145713] (indy_description) StdoutLine: {'line': b'-- Up-to-date: /root/common/indy-ros2/install/indy_description/share/indy_description/cmake/indy_descriptionConfig.cmake\n'}
[0.145788] (indy_description) StdoutLine: {'line': b'-- Up-to-date: /root/common/indy-ros2/install/indy_description/share/indy_description/cmake/indy_descriptionConfig-version.cmake\n'}
[0.145839] (indy_description) StdoutLine: {'line': b'-- Up-to-date: /root/common/indy-ros2/install/indy_description/share/indy_description/package.xml\n'}
[0.145977] (indy_description) CommandEnded: {'returncode': 0}
[0.146205] (indy_interfaces) StdoutLine: {'line': b'[ 78%] Built target indy_interfaces\n'}
[0.146379] (indy_interfaces) StdoutLine: {'line': b'[ 80%] Built target indy_interfaces__py\n'}
[0.146442] (indy_interfaces) StdoutLine: {'line': b'[ 89%] Built target indy_interfaces__rosidl_generator_py\n'}
[0.146572] (indy_interfaces) StdoutLine: {'line': b'[ 92%] Built target indy_interfaces__rosidl_typesupport_c__pyext\n'}
[0.146644] (indy_interfaces) StdoutLine: {'line': b'[ 96%] Built target indy_interfaces__rosidl_typesupport_fastrtps_c__pyext\n'}
[0.146695] (indy_interfaces) StdoutLine: {'line': b'[100%] Built target indy_interfaces__rosidl_typesupport_introspection_c__pyext\n'}
[0.157904] (indy_description) JobEnded: {'identifier': 'indy_description', 'rc': 0}
[0.158422] (indy_driver) JobStarted: {'identifier': 'indy_driver'}
[0.161597] (indy_gazebo) JobStarted: {'identifier': 'indy_gazebo'}
[0.164996] (indy_moveit) JobStarted: {'identifier': 'indy_moveit'}
[0.170629] (indy_driver) JobProgress: {'identifier': 'indy_driver', 'progress': 'cmake'}
[0.171117] (indy_driver) JobProgress: {'identifier': 'indy_driver', 'progress': 'build'}
[0.172333] (indy_driver) Command: {'cmd': ['/usr/bin/cmake', '--build', '/root/common/indy-ros2/build/indy_driver', '--', '-j12', '-l12'], 'cwd': '/root/common/indy-ros2/build/indy_driver', 'env': OrderedDict([('NV_LIBCUBLAS_VERSION', '11.11.3.6-1'), ('NV_CUDA_COMPAT_PACKAGE', 'cuda-compat-11-8'), ('HOSTNAME', 'idim'), ('SHLVL', '1'), ('LD_LIBRARY_PATH', '/opt/ros/humble/lib'), ('NV_LIBNCCL_PACKAGE_VERSION', '2.15.5-1'), ('AMENT_CPPCHECK_ALLOW_SLOW_VERSIONS', '1'), ('HOME', '/root'), ('OLDPWD', '/root/common'), ('ROS_PYTHON_VERSION', '3'), ('PS1', '\\[\x1b[0;33m\\]idim \\W $ \\[\x1b[0m\\]'), ('NV_LIBNPP_PACKAGE', 'libnpp-11-8=11.8.0.86-1'), ('CUDA_VERSION', '11.8.0'), ('COLCON_PREFIX_PATH', '/opt/ros/humble'), ('ROS_DISTRO', 'humble'), ('NV_LIBCUBLAS_PACKAGE_NAME', 'libcublas-11-8'), ('NVIDIA_REQUIRE_CUDA', 'cuda>=11.8 brand=tesla,driver>=470,driver<471 brand=unknown,driver>=470,driver<471 brand=nvidia,driver>=470,driver<471 brand=nvidiartx,driver>=470,driver<471 brand=geforce,driver>=470,driver<471 brand=geforcertx,driver>=470,driver<471 brand=quadro,driver>=470,driver<471 brand=quadrortx,driver>=470,driver<471 brand=titan,driver>=470,driver<471 brand=titanrtx,driver>=470,driver<471'), ('_', '/usr/bin/colcon'), ('ROS_VERSION', '2'), ('NV_LIBCUSPARSE_VERSION', '11.7.5.86-1'), ('NVIDIA_DRIVER_CAPABILITIES', 'graphics,utility,compute'), ('NV_CUDA_LIB_VERSION', '11.8.0-1'), ('NV_LIBNCCL_PACKAGE_NAME', 'libnccl2'), ('TERM', 'xterm'), ('NV_CUDA_CUDART_VERSION', '11.8.89-1'), ('QT_X11_NO_MITSHM', '1'), ('PATH', '/opt/ros/humble/bin:/usr/local/nvidia/bin:/usr/local/cuda/bin:/usr/local/sbin:/usr/local/bin:/usr/sbin:/usr/bin:/sbin:/bin'), ('NV_LIBCUBLAS_PACKAGE', 'libcublas-11-8=11.11.3.6-1'), ('NVARCH', 'x86_64'), ('DISPLAY', ':1'), ('NV_LIBNCCL_PACKAGE', 'libnccl2=2.15.5-1+cuda11.8'), ('NVIDIA_PRODUCT_NAME', 'CUDA'), ('LANG', 'en_US.UTF-8'), ('XAUTHORITY', '/tmp/.docker.xauth'), ('LS_COLORS', 'rs=0:di=01;34:ln=01;36:mh=00:pi=40;33:so=01;35:do=01;35:bd=40;33;01:cd=40;33;01:or=40;31;01:mi=00:su=37;41:sg=30;43:ca=30;41:tw=30;42:ow=34;42:st=37;44:ex=01;32:*.tar=01;31:*.tgz=01;31:*.arc=01;31:*.arj=01;31:*.taz=01;31:*.lha=01;31:*.lz4=01;31:*.lzh=01;31:*.lzma=01;31:*.tlz=01;31:*.txz=01;31:*.tzo=01;31:*.t7z=01;31:*.zip=01;31:*.z=01;31:*.dz=01;31:*.gz=01;31:*.lrz=01;31:*.lz=01;31:*.lzo=01;31:*.xz=01;31:*.zst=01;31:*.tzst=01;31:*.bz2=01;31:*.bz=01;31:*.tbz=01;31:*.tbz2=01;31:*.tz=01;31:*.deb=01;31:*.rpm=01;31:*.jar=01;31:*.war=01;31:*.ear=01;31:*.sar=01;31:*.rar=01;31:*.alz=01;31:*.ace=01;31:*.zoo=01;31:*.cpio=01;31:*.7z=01;31:*.rz=01;31:*.cab=01;31:*.wim=01;31:*.swm=01;31:*.dwm=01;31:*.esd=01;31:*.jpg=01;35:*.jpeg=01;35:*.mjpg=01;35:*.mjpeg=01;35:*.gif=01;35:*.bmp=01;35:*.pbm=01;35:*.pgm=01;35:*.ppm=01;35:*.tga=01;35:*.xbm=01;35:*.xpm=01;35:*.tif=01;35:*.tiff=01;35:*.png=01;35:*.svg=01;35:*.svgz=01;35:*.mng=01;35:*.pcx=01;35:*.mov=01;35:*.mpg=01;35:*.mpeg=01;35:*.m2v=01;35:*.mkv=01;35:*.webm=01;35:*.webp=01;35:*.ogm=01;35:*.mp4=01;35:*.m4v=01;35:*.mp4v=01;35:*.vob=01;35:*.qt=01;35:*.nuv=01;35:*.wmv=01;35:*.asf=01;35:*.rm=01;35:*.rmvb=01;35:*.flc=01;35:*.avi=01;35:*.fli=01;35:*.flv=01;35:*.gl=01;35:*.dl=01;35:*.xcf=01;35:*.xwd=01;35:*.yuv=01;35:*.cgm=01;35:*.emf=01;35:*.ogv=01;35:*.ogx=01;35:*.aac=00;36:*.au=00;36:*.flac=00;36:*.m4a=00;36:*.mid=00;36:*.midi=00;36:*.mka=00;36:*.mp3=00;36:*.mpc=00;36:*.ogg=00;36:*.ra=00;36:*.wav=00;36:*.oga=00;36:*.opus=00;36:*.spx=00;36:*.xspf=00;36:'), ('AMENT_PREFIX_PATH', '/root/common/indy-ros2/install/indy_description:/opt/ros/humble'), ('DEBIAN_FRONTEND', 'noninteractive'), ('LIBUVC_BACKEND', 'libusb'), ('NV_NVTX_VERSION', '11.8.86-1'), ('NV_LIBNPP_VERSION', '11.8.0.86-1'), ('PWD', '/root/common/indy-ros2/build/indy_driver'), ('PYTHONPATH', '/opt/ros/humble/local/lib/python3.10/dist-packages:/opt/ros/humble/lib/python3.10/site-packages'), ('NVIDIA_VISIBLE_DEVICES', 'all'), ('NCCL_VERSION', '2.15.5-1'), ('DEBCONF_NOWARNINGS', 'yes'), ('COLCON', '1'), ('CMAKE_PREFIX_PATH', '/root/common/indy-ros2/install/indy_description:/opt/ros/humble')]), 'shell': False}
[0.173435] (indy_gazebo) JobProgress: {'identifier': 'indy_gazebo', 'progress': 'cmake'}
[0.173701] (indy_gazebo) JobProgress: {'identifier': 'indy_gazebo', 'progress': 'build'}
[0.174810] (indy_gazebo) Command: {'cmd': ['/usr/bin/cmake', '--build', '/root/common/indy-ros2/build/indy_gazebo', '--', '-j12', '-l12'], 'cwd': '/root/common/indy-ros2/build/indy_gazebo', 'env': OrderedDict([('NV_LIBCUBLAS_VERSION', '11.11.3.6-1'), ('NV_CUDA_COMPAT_PACKAGE', 'cuda-compat-11-8'), ('HOSTNAME', 'idim'), ('SHLVL', '1'), ('LD_LIBRARY_PATH', '/opt/ros/humble/lib'), ('NV_LIBNCCL_PACKAGE_VERSION', '2.15.5-1'), ('AMENT_CPPCHECK_ALLOW_SLOW_VERSIONS', '1'), ('HOME', '/root'), ('OLDPWD', '/root/common'), ('ROS_PYTHON_VERSION', '3'), ('PS1', '\\[\x1b[0;33m\\]idim \\W $ \\[\x1b[0m\\]'), ('NV_LIBNPP_PACKAGE', 'libnpp-11-8=11.8.0.86-1'), ('CUDA_VERSION', '11.8.0'), ('COLCON_PREFIX_PATH', '/opt/ros/humble'), ('ROS_DISTRO', 'humble'), ('NV_LIBCUBLAS_PACKAGE_NAME', 'libcublas-11-8'), ('NVIDIA_REQUIRE_CUDA', 'cuda>=11.8 brand=tesla,driver>=470,driver<471 brand=unknown,driver>=470,driver<471 brand=nvidia,driver>=470,driver<471 brand=nvidiartx,driver>=470,driver<471 brand=geforce,driver>=470,driver<471 brand=geforcertx,driver>=470,driver<471 brand=quadro,driver>=470,driver<471 brand=quadrortx,driver>=470,driver<471 brand=titan,driver>=470,driver<471 brand=titanrtx,driver>=470,driver<471'), ('_', '/usr/bin/colcon'), ('ROS_VERSION', '2'), ('NV_LIBCUSPARSE_VERSION', '11.7.5.86-1'), ('NVIDIA_DRIVER_CAPABILITIES', 'graphics,utility,compute'), ('NV_CUDA_LIB_VERSION', '11.8.0-1'), ('NV_LIBNCCL_PACKAGE_NAME', 'libnccl2'), ('TERM', 'xterm'), ('NV_CUDA_CUDART_VERSION', '11.8.89-1'), ('QT_X11_NO_MITSHM', '1'), ('PATH', '/opt/ros/humble/bin:/usr/local/nvidia/bin:/usr/local/cuda/bin:/usr/local/sbin:/usr/local/bin:/usr/sbin:/usr/bin:/sbin:/bin'), ('NV_LIBCUBLAS_PACKAGE', 'libcublas-11-8=11.11.3.6-1'), ('NVARCH', 'x86_64'), ('DISPLAY', ':1'), ('NV_LIBNCCL_PACKAGE', 'libnccl2=2.15.5-1+cuda11.8'), ('NVIDIA_PRODUCT_NAME', 'CUDA'), ('LANG', 'en_US.UTF-8'), ('XAUTHORITY', '/tmp/.docker.xauth'), ('LS_COLORS', 'rs=0:di=01;34:ln=01;36:mh=00:pi=40;33:so=01;35:do=01;35:bd=40;33;01:cd=40;33;01:or=40;31;01:mi=00:su=37;41:sg=30;43:ca=30;41:tw=30;42:ow=34;42:st=37;44:ex=01;32:*.tar=01;31:*.tgz=01;31:*.arc=01;31:*.arj=01;31:*.taz=01;31:*.lha=01;31:*.lz4=01;31:*.lzh=01;31:*.lzma=01;31:*.tlz=01;31:*.txz=01;31:*.tzo=01;31:*.t7z=01;31:*.zip=01;31:*.z=01;31:*.dz=01;31:*.gz=01;31:*.lrz=01;31:*.lz=01;31:*.lzo=01;31:*.xz=01;31:*.zst=01;31:*.tzst=01;31:*.bz2=01;31:*.bz=01;31:*.tbz=01;31:*.tbz2=01;31:*.tz=01;31:*.deb=01;31:*.rpm=01;31:*.jar=01;31:*.war=01;31:*.ear=01;31:*.sar=01;31:*.rar=01;31:*.alz=01;31:*.ace=01;31:*.zoo=01;31:*.cpio=01;31:*.7z=01;31:*.rz=01;31:*.cab=01;31:*.wim=01;31:*.swm=01;31:*.dwm=01;31:*.esd=01;31:*.jpg=01;35:*.jpeg=01;35:*.mjpg=01;35:*.mjpeg=01;35:*.gif=01;35:*.bmp=01;35:*.pbm=01;35:*.pgm=01;35:*.ppm=01;35:*.tga=01;35:*.xbm=01;35:*.xpm=01;35:*.tif=01;35:*.tiff=01;35:*.png=01;35:*.svg=01;35:*.svgz=01;35:*.mng=01;35:*.pcx=01;35:*.mov=01;35:*.mpg=01;35:*.mpeg=01;35:*.m2v=01;35:*.mkv=01;35:*.webm=01;35:*.webp=01;35:*.ogm=01;35:*.mp4=01;35:*.m4v=01;35:*.mp4v=01;35:*.vob=01;35:*.qt=01;35:*.nuv=01;35:*.wmv=01;35:*.asf=01;35:*.rm=01;35:*.rmvb=01;35:*.flc=01;35:*.avi=01;35:*.fli=01;35:*.flv=01;35:*.gl=01;35:*.dl=01;35:*.xcf=01;35:*.xwd=01;35:*.yuv=01;35:*.cgm=01;35:*.emf=01;35:*.ogv=01;35:*.ogx=01;35:*.aac=00;36:*.au=00;36:*.flac=00;36:*.m4a=00;36:*.mid=00;36:*.midi=00;36:*.mka=00;36:*.mp3=00;36:*.mpc=00;36:*.ogg=00;36:*.ra=00;36:*.wav=00;36:*.oga=00;36:*.opus=00;36:*.spx=00;36:*.xspf=00;36:'), ('AMENT_PREFIX_PATH', '/root/common/indy-ros2/install/indy_description:/opt/ros/humble'), ('DEBIAN_FRONTEND', 'noninteractive'), ('LIBUVC_BACKEND', 'libusb'), ('NV_NVTX_VERSION', '11.8.86-1'), ('NV_LIBNPP_VERSION', '11.8.0.86-1'), ('PWD', '/root/common/indy-ros2/build/indy_gazebo'), ('PYTHONPATH', '/opt/ros/humble/local/lib/python3.10/dist-packages:/opt/ros/humble/lib/python3.10/site-packages'), ('NVIDIA_VISIBLE_DEVICES', 'all'), ('NCCL_VERSION', '2.15.5-1'), ('DEBCONF_NOWARNINGS', 'yes'), ('COLCON', '1'), ('CMAKE_PREFIX_PATH', '/root/common/indy-ros2/install/indy_description:/opt/ros/humble')]), 'shell': False}
[0.177353] (indy_moveit) JobProgress: {'identifier': 'indy_moveit', 'progress': 'cmake'}
[0.177799] (indy_moveit) JobProgress: {'identifier': 'indy_moveit', 'progress': 'build'}
[0.178017] (indy_moveit) Command: {'cmd': ['/usr/bin/cmake', '--build', '/root/common/indy-ros2/build/indy_moveit', '--', '-j12', '-l12'], 'cwd': '/root/common/indy-ros2/build/indy_moveit', 'env': OrderedDict([('NV_LIBCUBLAS_VERSION', '11.11.3.6-1'), ('NV_CUDA_COMPAT_PACKAGE', 'cuda-compat-11-8'), ('HOSTNAME', 'idim'), ('SHLVL', '1'), ('LD_LIBRARY_PATH', '/opt/ros/humble/lib'), ('NV_LIBNCCL_PACKAGE_VERSION', '2.15.5-1'), ('AMENT_CPPCHECK_ALLOW_SLOW_VERSIONS', '1'), ('HOME', '/root'), ('OLDPWD', '/root/common'), ('ROS_PYTHON_VERSION', '3'), ('PS1', '\\[\x1b[0;33m\\]idim \\W $ \\[\x1b[0m\\]'), ('NV_LIBNPP_PACKAGE', 'libnpp-11-8=11.8.0.86-1'), ('CUDA_VERSION', '11.8.0'), ('COLCON_PREFIX_PATH', '/opt/ros/humble'), ('ROS_DISTRO', 'humble'), ('NV_LIBCUBLAS_PACKAGE_NAME', 'libcublas-11-8'), ('NVIDIA_REQUIRE_CUDA', 'cuda>=11.8 brand=tesla,driver>=470,driver<471 brand=unknown,driver>=470,driver<471 brand=nvidia,driver>=470,driver<471 brand=nvidiartx,driver>=470,driver<471 brand=geforce,driver>=470,driver<471 brand=geforcertx,driver>=470,driver<471 brand=quadro,driver>=470,driver<471 brand=quadrortx,driver>=470,driver<471 brand=titan,driver>=470,driver<471 brand=titanrtx,driver>=470,driver<471'), ('_', '/usr/bin/colcon'), ('ROS_VERSION', '2'), ('NV_LIBCUSPARSE_VERSION', '11.7.5.86-1'), ('NVIDIA_DRIVER_CAPABILITIES', 'graphics,utility,compute'), ('NV_CUDA_LIB_VERSION', '11.8.0-1'), ('NV_LIBNCCL_PACKAGE_NAME', 'libnccl2'), ('TERM', 'xterm'), ('NV_CUDA_CUDART_VERSION', '11.8.89-1'), ('QT_X11_NO_MITSHM', '1'), ('PATH', '/opt/ros/humble/bin:/usr/local/nvidia/bin:/usr/local/cuda/bin:/usr/local/sbin:/usr/local/bin:/usr/sbin:/usr/bin:/sbin:/bin'), ('NV_LIBCUBLAS_PACKAGE', 'libcublas-11-8=11.11.3.6-1'), ('NVARCH', 'x86_64'), ('DISPLAY', ':1'), ('NV_LIBNCCL_PACKAGE', 'libnccl2=2.15.5-1+cuda11.8'), ('NVIDIA_PRODUCT_NAME', 'CUDA'), ('LANG', 'en_US.UTF-8'), ('XAUTHORITY', '/tmp/.docker.xauth'), ('LS_COLORS', 'rs=0:di=01;34:ln=01;36:mh=00:pi=40;33:so=01;35:do=01;35:bd=40;33;01:cd=40;33;01:or=40;31;01:mi=00:su=37;41:sg=30;43:ca=30;41:tw=30;42:ow=34;42:st=37;44:ex=01;32:*.tar=01;31:*.tgz=01;31:*.arc=01;31:*.arj=01;31:*.taz=01;31:*.lha=01;31:*.lz4=01;31:*.lzh=01;31:*.lzma=01;31:*.tlz=01;31:*.txz=01;31:*.tzo=01;31:*.t7z=01;31:*.zip=01;31:*.z=01;31:*.dz=01;31:*.gz=01;31:*.lrz=01;31:*.lz=01;31:*.lzo=01;31:*.xz=01;31:*.zst=01;31:*.tzst=01;31:*.bz2=01;31:*.bz=01;31:*.tbz=01;31:*.tbz2=01;31:*.tz=01;31:*.deb=01;31:*.rpm=01;31:*.jar=01;31:*.war=01;31:*.ear=01;31:*.sar=01;31:*.rar=01;31:*.alz=01;31:*.ace=01;31:*.zoo=01;31:*.cpio=01;31:*.7z=01;31:*.rz=01;31:*.cab=01;31:*.wim=01;31:*.swm=01;31:*.dwm=01;31:*.esd=01;31:*.jpg=01;35:*.jpeg=01;35:*.mjpg=01;35:*.mjpeg=01;35:*.gif=01;35:*.bmp=01;35:*.pbm=01;35:*.pgm=01;35:*.ppm=01;35:*.tga=01;35:*.xbm=01;35:*.xpm=01;35:*.tif=01;35:*.tiff=01;35:*.png=01;35:*.svg=01;35:*.svgz=01;35:*.mng=01;35:*.pcx=01;35:*.mov=01;35:*.mpg=01;35:*.mpeg=01;35:*.m2v=01;35:*.mkv=01;35:*.webm=01;35:*.webp=01;35:*.ogm=01;35:*.mp4=01;35:*.m4v=01;35:*.mp4v=01;35:*.vob=01;35:*.qt=01;35:*.nuv=01;35:*.wmv=01;35:*.asf=01;35:*.rm=01;35:*.rmvb=01;35:*.flc=01;35:*.avi=01;35:*.fli=01;35:*.flv=01;35:*.gl=01;35:*.dl=01;35:*.xcf=01;35:*.xwd=01;35:*.yuv=01;35:*.cgm=01;35:*.emf=01;35:*.ogv=01;35:*.ogx=01;35:*.aac=00;36:*.au=00;36:*.flac=00;36:*.m4a=00;36:*.mid=00;36:*.midi=00;36:*.mka=00;36:*.mp3=00;36:*.mpc=00;36:*.ogg=00;36:*.ra=00;36:*.wav=00;36:*.oga=00;36:*.opus=00;36:*.spx=00;36:*.xspf=00;36:'), ('AMENT_PREFIX_PATH', '/root/common/indy-ros2/install/indy_description:/opt/ros/humble'), ('DEBIAN_FRONTEND', 'noninteractive'), ('LIBUVC_BACKEND', 'libusb'), ('NV_NVTX_VERSION', '11.8.86-1'), ('NV_LIBNPP_VERSION', '11.8.0.86-1'), ('PWD', '/root/common/indy-ros2/build/indy_moveit'), ('PYTHONPATH', '/opt/ros/humble/local/lib/python3.10/dist-packages:/opt/ros/humble/lib/python3.10/site-packages'), ('NVIDIA_VISIBLE_DEVICES', 'all'), ('NCCL_VERSION', '2.15.5-1'), ('DEBCONF_NOWARNINGS', 'yes'), ('COLCON', '1'), ('CMAKE_PREFIX_PATH', '/root/common/indy-ros2/install/indy_description:/opt/ros/humble')]), 'shell': False}
[0.190310] (indy_gazebo) CommandEnded: {'returncode': 0}
[0.197676] (indy_driver) StdoutLine: {'line': b'Built target ament_cmake_python_copy_indy_driver\n'}
[0.199867] (-) TimerEvent: {}
[0.205640] (indy_gazebo) JobProgress: {'identifier': 'indy_gazebo', 'progress': 'install'}
[0.205884] (indy_gazebo) Command: {'cmd': ['/usr/bin/cmake', '--install', '/root/common/indy-ros2/build/indy_gazebo'], 'cwd': '/root/common/indy-ros2/build/indy_gazebo', 'env': OrderedDict([('NV_LIBCUBLAS_VERSION', '11.11.3.6-1'), ('NV_CUDA_COMPAT_PACKAGE', 'cuda-compat-11-8'), ('HOSTNAME', 'idim'), ('SHLVL', '1'), ('LD_LIBRARY_PATH', '/opt/ros/humble/lib'), ('NV_LIBNCCL_PACKAGE_VERSION', '2.15.5-1'), ('AMENT_CPPCHECK_ALLOW_SLOW_VERSIONS', '1'), ('HOME', '/root'), ('OLDPWD', '/root/common'), ('ROS_PYTHON_VERSION', '3'), ('PS1', '\\[\x1b[0;33m\\]idim \\W $ \\[\x1b[0m\\]'), ('NV_LIBNPP_PACKAGE', 'libnpp-11-8=11.8.0.86-1'), ('CUDA_VERSION', '11.8.0'), ('COLCON_PREFIX_PATH', '/opt/ros/humble'), ('ROS_DISTRO', 'humble'), ('NV_LIBCUBLAS_PACKAGE_NAME', 'libcublas-11-8'), ('NVIDIA_REQUIRE_CUDA', 'cuda>=11.8 brand=tesla,driver>=470,driver<471 brand=unknown,driver>=470,driver<471 brand=nvidia,driver>=470,driver<471 brand=nvidiartx,driver>=470,driver<471 brand=geforce,driver>=470,driver<471 brand=geforcertx,driver>=470,driver<471 brand=quadro,driver>=470,driver<471 brand=quadrortx,driver>=470,driver<471 brand=titan,driver>=470,driver<471 brand=titanrtx,driver>=470,driver<471'), ('_', '/usr/bin/colcon'), ('ROS_VERSION', '2'), ('NV_LIBCUSPARSE_VERSION', '11.7.5.86-1'), ('NVIDIA_DRIVER_CAPABILITIES', 'graphics,utility,compute'), ('NV_CUDA_LIB_VERSION', '11.8.0-1'), ('NV_LIBNCCL_PACKAGE_NAME', 'libnccl2'), ('TERM', 'xterm'), ('NV_CUDA_CUDART_VERSION', '11.8.89-1'), ('QT_X11_NO_MITSHM', '1'), ('PATH', '/opt/ros/humble/bin:/usr/local/nvidia/bin:/usr/local/cuda/bin:/usr/local/sbin:/usr/local/bin:/usr/sbin:/usr/bin:/sbin:/bin'), ('NV_LIBCUBLAS_PACKAGE', 'libcublas-11-8=11.11.3.6-1'), ('NVARCH', 'x86_64'), ('DISPLAY', ':1'), ('NV_LIBNCCL_PACKAGE', 'libnccl2=2.15.5-1+cuda11.8'), ('NVIDIA_PRODUCT_NAME', 'CUDA'), ('LANG', 'en_US.UTF-8'), ('XAUTHORITY', '/tmp/.docker.xauth'), ('LS_COLORS', 'rs=0:di=01;34:ln=01;36:mh=00:pi=40;33:so=01;35:do=01;35:bd=40;33;01:cd=40;33;01:or=40;31;01:mi=00:su=37;41:sg=30;43:ca=30;41:tw=30;42:ow=34;42:st=37;44:ex=01;32:*.tar=01;31:*.tgz=01;31:*.arc=01;31:*.arj=01;31:*.taz=01;31:*.lha=01;31:*.lz4=01;31:*.lzh=01;31:*.lzma=01;31:*.tlz=01;31:*.txz=01;31:*.tzo=01;31:*.t7z=01;31:*.zip=01;31:*.z=01;31:*.dz=01;31:*.gz=01;31:*.lrz=01;31:*.lz=01;31:*.lzo=01;31:*.xz=01;31:*.zst=01;31:*.tzst=01;31:*.bz2=01;31:*.bz=01;31:*.tbz=01;31:*.tbz2=01;31:*.tz=01;31:*.deb=01;31:*.rpm=01;31:*.jar=01;31:*.war=01;31:*.ear=01;31:*.sar=01;31:*.rar=01;31:*.alz=01;31:*.ace=01;31:*.zoo=01;31:*.cpio=01;31:*.7z=01;31:*.rz=01;31:*.cab=01;31:*.wim=01;31:*.swm=01;31:*.dwm=01;31:*.esd=01;31:*.jpg=01;35:*.jpeg=01;35:*.mjpg=01;35:*.mjpeg=01;35:*.gif=01;35:*.bmp=01;35:*.pbm=01;35:*.pgm=01;35:*.ppm=01;35:*.tga=01;35:*.xbm=01;35:*.xpm=01;35:*.tif=01;35:*.tiff=01;35:*.png=01;35:*.svg=01;35:*.svgz=01;35:*.mng=01;35:*.pcx=01;35:*.mov=01;35:*.mpg=01;35:*.mpeg=01;35:*.m2v=01;35:*.mkv=01;35:*.webm=01;35:*.webp=01;35:*.ogm=01;35:*.mp4=01;35:*.m4v=01;35:*.mp4v=01;35:*.vob=01;35:*.qt=01;35:*.nuv=01;35:*.wmv=01;35:*.asf=01;35:*.rm=01;35:*.rmvb=01;35:*.flc=01;35:*.avi=01;35:*.fli=01;35:*.flv=01;35:*.gl=01;35:*.dl=01;35:*.xcf=01;35:*.xwd=01;35:*.yuv=01;35:*.cgm=01;35:*.emf=01;35:*.ogv=01;35:*.ogx=01;35:*.aac=00;36:*.au=00;36:*.flac=00;36:*.m4a=00;36:*.mid=00;36:*.midi=00;36:*.mka=00;36:*.mp3=00;36:*.mpc=00;36:*.ogg=00;36:*.ra=00;36:*.wav=00;36:*.oga=00;36:*.opus=00;36:*.spx=00;36:*.xspf=00;36:'), ('AMENT_PREFIX_PATH', '/root/common/indy-ros2/install/indy_description:/opt/ros/humble'), ('DEBIAN_FRONTEND', 'noninteractive'), ('LIBUVC_BACKEND', 'libusb'), ('NV_NVTX_VERSION', '11.8.86-1'), ('NV_LIBNPP_VERSION', '11.8.0.86-1'), ('PWD', '/root/common/indy-ros2/build/indy_gazebo'), ('PYTHONPATH', '/opt/ros/humble/local/lib/python3.10/dist-packages:/opt/ros/humble/lib/python3.10/site-packages'), ('NVIDIA_VISIBLE_DEVICES', 'all'), ('NCCL_VERSION', '2.15.5-1'), ('DEBCONF_NOWARNINGS', 'yes'), ('COLCON', '1'), ('CMAKE_PREFIX_PATH', '/root/common/indy-ros2/install/indy_description:/opt/ros/humble')]), 'shell': False}
[0.208899] (indy_gazebo) StdoutLine: {'line': b'-- Install configuration: ""\n'}
[0.209148] (indy_gazebo) StdoutLine: {'line': b'-- Up-to-date: /root/common/indy-ros2/install/indy_gazebo/share/indy_gazebo//launch\n'}
[0.209383] (indy_gazebo) StdoutLine: {'line': b'-- Up-to-date: /root/common/indy-ros2/install/indy_gazebo/share/indy_gazebo//launch/indy_gazebo.launch.py\n'}
[0.209516] (indy_gazebo) StdoutLine: {'line': b'-- Up-to-date: /root/common/indy-ros2/install/indy_gazebo/share/indy_gazebo//controller\n'}
[0.209640] (indy_gazebo) StdoutLine: {'line': b'-- Up-to-date: /root/common/indy-ros2/install/indy_gazebo/share/indy_gazebo//controller/indy_controllers_7dof.yaml\n'}
[0.209696] (indy_gazebo) StdoutLine: {'line': b'-- Up-to-date: /root/common/indy-ros2/install/indy_gazebo/share/indy_gazebo//controller/indy_controllers_6dof.yaml\n'}
[0.209749] (indy_gazebo) StdoutLine: {'line': b'-- Up-to-date: /root/common/indy-ros2/install/indy_gazebo/share/ament_index/resource_index/package_run_dependencies/indy_gazebo\n'}
[0.209801] (indy_gazebo) StdoutLine: {'line': b'-- Up-to-date: /root/common/indy-ros2/install/indy_gazebo/share/ament_index/resource_index/parent_prefix_path/indy_gazebo\n'}
[0.209851] (indy_gazebo) StdoutLine: {'line': b'-- Up-to-date: /root/common/indy-ros2/install/indy_gazebo/share/indy_gazebo/environment/ament_prefix_path.sh\n'}
[0.209902] (indy_gazebo) StdoutLine: {'line': b'-- Up-to-date: /root/common/indy-ros2/install/indy_gazebo/share/indy_gazebo/environment/ament_prefix_path.dsv\n'}
[0.209952] (indy_gazebo) StdoutLine: {'line': b'-- Up-to-date: /root/common/indy-ros2/install/indy_gazebo/share/indy_gazebo/environment/path.sh\n'}
[0.210002] (indy_gazebo) StdoutLine: {'line': b'-- Up-to-date: /root/common/indy-ros2/install/indy_gazebo/share/indy_gazebo/environment/path.dsv\n'}
[0.210052] (indy_gazebo) StdoutLine: {'line': b'-- Up-to-date: /root/common/indy-ros2/install/indy_gazebo/share/indy_gazebo/local_setup.bash\n'}
[0.210109] (indy_gazebo) StdoutLine: {'line': b'-- Up-to-date: /root/common/indy-ros2/install/indy_gazebo/share/indy_gazebo/local_setup.sh\n'}
[0.210167] (indy_gazebo) StdoutLine: {'line': b'-- Up-to-date: /root/common/indy-ros2/install/indy_gazebo/share/indy_gazebo/local_setup.zsh\n'}
[0.210411] (indy_gazebo) StdoutLine: {'line': b'-- Up-to-date: /root/common/indy-ros2/install/indy_gazebo/share/indy_gazebo/local_setup.dsv\n'}
[0.211354] (indy_gazebo) StdoutLine: {'line': b'-- Installing: /root/common/indy-ros2/install/indy_gazebo/share/indy_gazebo/package.dsv\n'}
[0.211489] (indy_gazebo) StdoutLine: {'line': b'-- Up-to-date: /root/common/indy-ros2/install/indy_gazebo/share/ament_index/resource_index/packages/indy_gazebo\n'}
[0.211603] (indy_gazebo) StdoutLine: {'line': b'-- Up-to-date: /root/common/indy-ros2/install/indy_gazebo/share/indy_gazebo/cmake/indy_gazeboConfig.cmake\n'}
[0.211673] (indy_gazebo) StdoutLine: {'line': b'-- Up-to-date: /root/common/indy-ros2/install/indy_gazebo/share/indy_gazebo/cmake/indy_gazeboConfig-version.cmake\n'}
[0.211757] (indy_gazebo) StdoutLine: {'line': b'-- Up-to-date: /root/common/indy-ros2/install/indy_gazebo/share/indy_gazebo/package.xml\n'}
[0.211888] (indy_gazebo) CommandEnded: {'returncode': 0}
[0.214449] (indy_moveit) StdoutLine: {'line': b'Built target ament_cmake_python_copy_indy_moveit\n'}
[0.237253] (indy_gazebo) JobEnded: {'identifier': 'indy_gazebo', 'rc': 0}
[0.299959] (-) TimerEvent: {}
[0.314785] (indy_interfaces) StdoutLine: {'line': b'running egg_info\n'}
[0.315412] (indy_interfaces) StdoutLine: {'line': b'writing indy_interfaces.egg-info/PKG-INFO\n'}
[0.315587] (indy_interfaces) StdoutLine: {'line': b'writing dependency_links to indy_interfaces.egg-info/dependency_links.txt\n'}
[0.315689] (indy_interfaces) StdoutLine: {'line': b'writing top-level names to indy_interfaces.egg-info/top_level.txt\n'}
[0.318005] (indy_interfaces) StdoutLine: {'line': b"reading manifest file 'indy_interfaces.egg-info/SOURCES.txt'\n"}
[0.318584] (indy_interfaces) StdoutLine: {'line': b"writing manifest file 'indy_interfaces.egg-info/SOURCES.txt'\n"}
[0.335128] (indy_interfaces) StdoutLine: {'line': b'[100%] Built target ament_cmake_python_build_indy_interfaces_egg\n'}
[0.339419] (indy_interfaces) CommandEnded: {'returncode': 0}
[0.400054] (-) TimerEvent: {}
[0.418213] (indy_interfaces) JobProgress: {'identifier': 'indy_interfaces', 'progress': 'install'}
[0.419218] (indy_interfaces) Command: {'cmd': ['/usr/bin/cmake', '--install', '/root/common/indy-ros2/build/indy_interfaces'], 'cwd': '/root/common/indy-ros2/build/indy_interfaces', 'env': OrderedDict([('NV_LIBCUBLAS_VERSION', '11.11.3.6-1'), ('NV_CUDA_COMPAT_PACKAGE', 'cuda-compat-11-8'), ('HOSTNAME', 'idim'), ('SHLVL', '1'), ('LD_LIBRARY_PATH', '/opt/ros/humble/lib'), ('NV_LIBNCCL_PACKAGE_VERSION', '2.15.5-1'), ('AMENT_CPPCHECK_ALLOW_SLOW_VERSIONS', '1'), ('HOME', '/root'), ('OLDPWD', '/root/common'), ('ROS_PYTHON_VERSION', '3'), ('PS1', '\\[\x1b[0;33m\\]idim \\W $ \\[\x1b[0m\\]'), ('NV_LIBNPP_PACKAGE', 'libnpp-11-8=11.8.0.86-1'), ('CUDA_VERSION', '11.8.0'), ('COLCON_PREFIX_PATH', '/opt/ros/humble'), ('ROS_DISTRO', 'humble'), ('NV_LIBCUBLAS_PACKAGE_NAME', 'libcublas-11-8'), ('NVIDIA_REQUIRE_CUDA', 'cuda>=11.8 brand=tesla,driver>=470,driver<471 brand=unknown,driver>=470,driver<471 brand=nvidia,driver>=470,driver<471 brand=nvidiartx,driver>=470,driver<471 brand=geforce,driver>=470,driver<471 brand=geforcertx,driver>=470,driver<471 brand=quadro,driver>=470,driver<471 brand=quadrortx,driver>=470,driver<471 brand=titan,driver>=470,driver<471 brand=titanrtx,driver>=470,driver<471'), ('_', '/usr/bin/colcon'), ('ROS_VERSION', '2'), ('NV_LIBCUSPARSE_VERSION', '11.7.5.86-1'), ('NVIDIA_DRIVER_CAPABILITIES', 'graphics,utility,compute'), ('NV_CUDA_LIB_VERSION', '11.8.0-1'), ('NV_LIBNCCL_PACKAGE_NAME', 'libnccl2'), ('TERM', 'xterm'), ('NV_CUDA_CUDART_VERSION', '11.8.89-1'), ('QT_X11_NO_MITSHM', '1'), ('PATH', '/opt/ros/humble/bin:/usr/local/nvidia/bin:/usr/local/cuda/bin:/usr/local/sbin:/usr/local/bin:/usr/sbin:/usr/bin:/sbin:/bin'), ('NV_LIBCUBLAS_PACKAGE', 'libcublas-11-8=11.11.3.6-1'), ('NVARCH', 'x86_64'), ('DISPLAY', ':1'), ('NV_LIBNCCL_PACKAGE', 'libnccl2=2.15.5-1+cuda11.8'), ('NVIDIA_PRODUCT_NAME', 'CUDA'), ('LANG', 'en_US.UTF-8'), ('XAUTHORITY', '/tmp/.docker.xauth'), ('LS_COLORS', 'rs=0:di=01;34:ln=01;36:mh=00:pi=40;33:so=01;35:do=01;35:bd=40;33;01:cd=40;33;01:or=40;31;01:mi=00:su=37;41:sg=30;43:ca=30;41:tw=30;42:ow=34;42:st=37;44:ex=01;32:*.tar=01;31:*.tgz=01;31:*.arc=01;31:*.arj=01;31:*.taz=01;31:*.lha=01;31:*.lz4=01;31:*.lzh=01;31:*.lzma=01;31:*.tlz=01;31:*.txz=01;31:*.tzo=01;31:*.t7z=01;31:*.zip=01;31:*.z=01;31:*.dz=01;31:*.gz=01;31:*.lrz=01;31:*.lz=01;31:*.lzo=01;31:*.xz=01;31:*.zst=01;31:*.tzst=01;31:*.bz2=01;31:*.bz=01;31:*.tbz=01;31:*.tbz2=01;31:*.tz=01;31:*.deb=01;31:*.rpm=01;31:*.jar=01;31:*.war=01;31:*.ear=01;31:*.sar=01;31:*.rar=01;31:*.alz=01;31:*.ace=01;31:*.zoo=01;31:*.cpio=01;31:*.7z=01;31:*.rz=01;31:*.cab=01;31:*.wim=01;31:*.swm=01;31:*.dwm=01;31:*.esd=01;31:*.jpg=01;35:*.jpeg=01;35:*.mjpg=01;35:*.mjpeg=01;35:*.gif=01;35:*.bmp=01;35:*.pbm=01;35:*.pgm=01;35:*.ppm=01;35:*.tga=01;35:*.xbm=01;35:*.xpm=01;35:*.tif=01;35:*.tiff=01;35:*.png=01;35:*.svg=01;35:*.svgz=01;35:*.mng=01;35:*.pcx=01;35:*.mov=01;35:*.mpg=01;35:*.mpeg=01;35:*.m2v=01;35:*.mkv=01;35:*.webm=01;35:*.webp=01;35:*.ogm=01;35:*.mp4=01;35:*.m4v=01;35:*.mp4v=01;35:*.vob=01;35:*.qt=01;35:*.nuv=01;35:*.wmv=01;35:*.asf=01;35:*.rm=01;35:*.rmvb=01;35:*.flc=01;35:*.avi=01;35:*.fli=01;35:*.flv=01;35:*.gl=01;35:*.dl=01;35:*.xcf=01;35:*.xwd=01;35:*.yuv=01;35:*.cgm=01;35:*.emf=01;35:*.ogv=01;35:*.ogx=01;35:*.aac=00;36:*.au=00;36:*.flac=00;36:*.m4a=00;36:*.mid=00;36:*.midi=00;36:*.mka=00;36:*.mp3=00;36:*.mpc=00;36:*.ogg=00;36:*.ra=00;36:*.wav=00;36:*.oga=00;36:*.opus=00;36:*.spx=00;36:*.xspf=00;36:'), ('AMENT_PREFIX_PATH', '/opt/ros/humble'), ('DEBIAN_FRONTEND', 'noninteractive'), ('LIBUVC_BACKEND', 'libusb'), ('NV_NVTX_VERSION', '11.8.86-1'), ('NV_LIBNPP_VERSION', '11.8.0.86-1'), ('PWD', '/root/common/indy-ros2/build/indy_interfaces'), ('PYTHONPATH', '/opt/ros/humble/local/lib/python3.10/dist-packages:/opt/ros/humble/lib/python3.10/site-packages'), ('NVIDIA_VISIBLE_DEVICES', 'all'), ('NCCL_VERSION', '2.15.5-1'), ('DEBCONF_NOWARNINGS', 'yes'), ('COLCON', '1'), ('CMAKE_PREFIX_PATH', '/opt/ros/humble')]), 'shell': False}
[0.421177] (indy_driver) StdoutLine: {'line': b'running egg_info\n'}
[0.421846] (indy_driver) StdoutLine: {'line': b'writing indy_driver.egg-info/PKG-INFO\n'}
[0.421954] (indy_interfaces) StdoutLine: {'line': b'-- Install configuration: ""\n'}
[0.422432] (indy_interfaces) StdoutLine: {'line': b'-- Up-to-date: /root/common/indy-ros2/install/indy_interfaces/share/ament_index/resource_index/rosidl_interfaces/indy_interfaces\n'}
[0.422561] (indy_interfaces) StdoutLine: {'line': b'-- Up-to-date: /root/common/indy-ros2/install/indy_interfaces/include/indy_interfaces/indy_interfaces\n'}
[0.422654] (indy_interfaces) StdoutLine: {'line': b'-- Up-to-date: /root/common/indy-ros2/install/indy_interfaces/include/indy_interfaces/indy_interfaces/msg\n'}
[0.422731] (indy_interfaces) StdoutLine: {'line': b'-- Up-to-date: /root/common/indy-ros2/install/indy_interfaces/include/indy_interfaces/indy_interfaces/msg/servo_rx.h\n'}
[0.422784] (indy_interfaces) StdoutLine: {'line': b'-- Up-to-date: /root/common/indy-ros2/install/indy_interfaces/include/indy_interfaces/indy_interfaces/msg/detail\n'}
[0.422835] (indy_interfaces) StdoutLine: {'line': b'-- Up-to-date: /root/common/indy-ros2/install/indy_interfaces/include/indy_interfaces/indy_interfaces/msg/detail/servo_rx__functions.c\n'}
[0.422885] (indy_interfaces) StdoutLine: {'line': b'-- Up-to-date: /root/common/indy-ros2/install/indy_interfaces/include/indy_interfaces/indy_interfaces/msg/detail/servo_tx__type_support.h\n'}
[0.422935] (indy_interfaces) StdoutLine: {'line': b'-- Up-to-date: /root/common/indy-ros2/install/indy_interfaces/include/indy_interfaces/indy_interfaces/msg/detail/servo_rx__struct.h\n'}
[0.422985] (indy_interfaces) StdoutLine: {'line': b'-- Up-to-date: /root/common/indy-ros2/install/indy_interfaces/include/indy_interfaces/indy_interfaces/msg/detail/servo_data_array__struct.h\n'}
[0.423034] (indy_interfaces) StdoutLine: {'line': b'-- Up-to-date: /root/common/indy-ros2/install/indy_interfaces/include/indy_interfaces/indy_interfaces/msg/detail/servo_data_array__functions.h\n'}
[0.423084] (indy_interfaces) StdoutLine: {'line': b'-- Up-to-date: /root/common/indy-ros2/install/indy_interfaces/include/indy_interfaces/indy_interfaces/msg/detail/servo_data_array__type_support.h\n'}
[0.423134] (indy_interfaces) StdoutLine: {'line': b'-- Up-to-date: /root/common/indy-ros2/install/indy_interfaces/include/indy_interfaces/indy_interfaces/msg/detail/servo_rx__type_support.h\n'}
[0.423194] (indy_interfaces) StdoutLine: {'line': b'-- Up-to-date: /root/common/indy-ros2/install/indy_interfaces/include/indy_interfaces/indy_interfaces/msg/detail/servo_rx__functions.h\n'}
[0.423244] (indy_interfaces) StdoutLine: {'line': b'-- Up-to-date: /root/common/indy-ros2/install/indy_interfaces/include/indy_interfaces/indy_interfaces/msg/detail/servo_tx__struct.h\n'}
[0.423294] (indy_driver) StdoutLine: {'line': b'writing dependency_links to indy_driver.egg-info/dependency_links.txt\n'}
[0.423379] (indy_interfaces) StdoutLine: {'line': b'-- Up-to-date: /root/common/indy-ros2/install/indy_interfaces/include/indy_interfaces/indy_interfaces/msg/detail/servo_data_array__functions.c\n'}
[0.423457] (indy_interfaces) StdoutLine: {'line': b'-- Up-to-date: /root/common/indy-ros2/install/indy_interfaces/include/indy_interfaces/indy_interfaces/msg/detail/servo_tx__functions.c\n'}
[0.423547] (indy_interfaces) StdoutLine: {'line': b'-- Up-to-date: /root/common/indy-ros2/install/indy_interfaces/include/indy_interfaces/indy_interfaces/msg/detail/servo_tx__functions.h\n'}
[0.423599] (indy_driver) StdoutLine: {'line': b'writing top-level names to indy_driver.egg-info/top_level.txt\n'}
[0.423649] (indy_interfaces) StdoutLine: {'line': b'-- Up-to-date: /root/common/indy-ros2/install/indy_interfaces/include/indy_interfaces/indy_interfaces/msg/servo_data_array.h\n'}
[0.423713] (indy_interfaces) StdoutLine: {'line': b'-- Up-to-date: /root/common/indy-ros2/install/indy_interfaces/include/indy_interfaces/indy_interfaces/msg/servo_tx.h\n'}
[0.423765] (indy_interfaces) StdoutLine: {'line': b'-- Up-to-date: /root/common/indy-ros2/install/indy_interfaces/include/indy_interfaces/indy_interfaces/msg/rosidl_generator_c__visibility_control.h\n'}
[0.423815] (indy_interfaces) StdoutLine: {'line': b'-- Up-to-date: /root/common/indy-ros2/install/indy_interfaces/include/indy_interfaces/indy_interfaces/srv\n'}
[0.423880] (indy_interfaces) StdoutLine: {'line': b'-- Up-to-date: /root/common/indy-ros2/install/indy_interfaces/include/indy_interfaces/indy_interfaces/srv/detail\n'}
[0.423993] (indy_interfaces) StdoutLine: {'line': b'-- Up-to-date: /root/common/indy-ros2/install/indy_interfaces/include/indy_interfaces/indy_interfaces/srv/detail/indy_service__struct.h\n'}
[0.424093] (indy_interfaces) StdoutLine: {'line': b'-- Up-to-date: /root/common/indy-ros2/install/indy_interfaces/include/indy_interfaces/indy_interfaces/srv/detail/indy_service__functions.c\n'}
[0.424177] (indy_interfaces) StdoutLine: {'line': b'-- Up-to-date: /root/common/indy-ros2/install/indy_interfaces/include/indy_interfaces/indy_interfaces/srv/detail/indy_service__type_support.h\n'}
[0.424228] (indy_interfaces) StdoutLine: {'line': b'-- Up-to-date: /root/common/indy-ros2/install/indy_interfaces/include/indy_interfaces/indy_interfaces/srv/detail/indy_service__functions.h\n'}
[0.424278] (indy_interfaces) StdoutLine: {'line': b'-- Up-to-date: /root/common/indy-ros2/install/indy_interfaces/include/indy_interfaces/indy_interfaces/srv/indy_service.h\n'}
[0.424340] (indy_interfaces) StdoutLine: {'line': b'-- Up-to-date: /root/common/indy-ros2/install/indy_interfaces/share/indy_interfaces/environment/library_path.sh\n'}
[0.424390] (indy_interfaces) StdoutLine: {'line': b'-- Up-to-date: /root/common/indy-ros2/install/indy_interfaces/share/indy_interfaces/environment/library_path.dsv\n'}
[0.424439] (indy_interfaces) StdoutLine: {'line': b'-- Up-to-date: /root/common/indy-ros2/install/indy_interfaces/lib/libindy_interfaces__rosidl_generator_c.so\n'}
[0.424502] (indy_interfaces) StdoutLine: {'line': b'-- Up-to-date: /root/common/indy-ros2/install/indy_interfaces/include/indy_interfaces/indy_interfaces\n'}
[0.424566] (indy_interfaces) StdoutLine: {'line': b'-- Up-to-date: /root/common/indy-ros2/install/indy_interfaces/include/indy_interfaces/indy_interfaces/msg\n'}
[0.424617] (indy_interfaces) StdoutLine: {'line': b'-- Up-to-date: /root/common/indy-ros2/install/indy_interfaces/include/indy_interfaces/indy_interfaces/msg/detail\n'}
[0.424670] (indy_interfaces) StdoutLine: {'line': b'-- Up-to-date: /root/common/indy-ros2/install/indy_interfaces/include/indy_interfaces/indy_interfaces/msg/detail/servo_data_array__rosidl_typesupport_fastrtps_c.h\n'}
[0.424755] (indy_interfaces) StdoutLine: {'line': b'-- Up-to-date: /root/common/indy-ros2/install/indy_interfaces/include/indy_interfaces/indy_interfaces/msg/detail/servo_rx__rosidl_typesupport_fastrtps_c.h\n'}
[0.424846] (indy_interfaces) StdoutLine: {'line': b'-- Up-to-date: /root/common/indy-ros2/install/indy_interfaces/include/indy_interfaces/indy_interfaces/msg/detail/servo_tx__rosidl_typesupport_fastrtps_c.h\n'}
[0.424986] (indy_interfaces) StdoutLine: {'line': b'-- Up-to-date: /root/common/indy-ros2/install/indy_interfaces/include/indy_interfaces/indy_interfaces/msg/rosidl_typesupport_fastrtps_c__visibility_control.h\n'}
[0.425119] (indy_interfaces) StdoutLine: {'line': b'-- Up-to-date: /root/common/indy-ros2/install/indy_interfaces/include/indy_interfaces/indy_interfaces/srv\n'}
[0.425252] (indy_interfaces) StdoutLine: {'line': b'-- Up-to-date: /root/common/indy-ros2/install/indy_interfaces/include/indy_interfaces/indy_interfaces/srv/detail\n'}
[0.425336] (indy_interfaces) StdoutLine: {'line': b'-- Up-to-date: /root/common/indy-ros2/install/indy_interfaces/include/indy_interfaces/indy_interfaces/srv/detail/indy_service__rosidl_typesupport_fastrtps_c.h\n'}
[0.425421] (indy_interfaces) StdoutLine: {'line': b'-- Up-to-date: /root/common/indy-ros2/install/indy_interfaces/lib/libindy_interfaces__rosidl_typesupport_fastrtps_c.so\n'}
[0.425511] (indy_interfaces) StdoutLine: {'line': b'-- Up-to-date: /root/common/indy-ros2/install/indy_interfaces/include/indy_interfaces/indy_interfaces\n'}
[0.425585] (indy_interfaces) StdoutLine: {'line': b'-- Up-to-date: /root/common/indy-ros2/install/indy_interfaces/include/indy_interfaces/indy_interfaces/msg\n'}
[0.425636] (indy_interfaces) StdoutLine: {'line': b'-- Up-to-date: /root/common/indy-ros2/install/indy_interfaces/include/indy_interfaces/indy_interfaces/msg/detail\n'}
[0.425687] (indy_driver) StdoutLine: {'line': b"reading manifest file 'indy_driver.egg-info/SOURCES.txt'\n"}
[0.425753] (indy_interfaces) StdoutLine: {'line': b'-- Up-to-date: /root/common/indy-ros2/install/indy_interfaces/include/indy_interfaces/indy_interfaces/msg/detail/servo_tx__type_support.c\n'}
[0.425809] (indy_interfaces) StdoutLine: {'line': b'-- Up-to-date: /root/common/indy-ros2/install/indy_interfaces/include/indy_interfaces/indy_interfaces/msg/detail/servo_data_array__type_support.c\n'}
[0.425860] (indy_interfaces) StdoutLine: {'line': b'-- Up-to-date: /root/common/indy-ros2/install/indy_interfaces/include/indy_interfaces/indy_interfaces/msg/detail/servo_tx__rosidl_typesupport_introspection_c.h\n'}
[0.425945] (indy_interfaces) StdoutLine: {'line': b'-- Up-to-date: /root/common/indy-ros2/install/indy_interfaces/include/indy_interfaces/indy_interfaces/msg/detail/servo_data_array__rosidl_typesupport_introspection_c.h\n'}
[0.426145] (indy_interfaces) StdoutLine: {'line': b'-- Up-to-date: /root/common/indy-ros2/install/indy_interfaces/include/indy_interfaces/indy_interfaces/msg/detail/servo_rx__rosidl_typesupport_introspection_c.h\n'}
[0.426235] (indy_interfaces) StdoutLine: {'line': b'-- Up-to-date: /root/common/indy-ros2/install/indy_interfaces/include/indy_interfaces/indy_interfaces/msg/detail/servo_rx__type_support.c\n'}
[0.426311] (indy_interfaces) StdoutLine: {'line': b'-- Up-to-date: /root/common/indy-ros2/install/indy_interfaces/include/indy_interfaces/indy_interfaces/msg/rosidl_typesupport_introspection_c__visibility_control.h\n'}
[0.426400] (indy_interfaces) StdoutLine: {'line': b'-- Up-to-date: /root/common/indy-ros2/install/indy_interfaces/include/indy_interfaces/indy_interfaces/srv\n'}
[0.426475] (indy_interfaces) StdoutLine: {'line': b'-- Up-to-date: /root/common/indy-ros2/install/indy_interfaces/include/indy_interfaces/indy_interfaces/srv/detail\n'}
[0.426558] (indy_interfaces) StdoutLine: {'line': b'-- Up-to-date: /root/common/indy-ros2/install/indy_interfaces/include/indy_interfaces/indy_interfaces/srv/detail/indy_service__type_support.c\n'}
[0.426648] (indy_interfaces) StdoutLine: {'line': b'-- Up-to-date: /root/common/indy-ros2/install/indy_interfaces/include/indy_interfaces/indy_interfaces/srv/detail/indy_service__rosidl_typesupport_introspection_c.h\n'}
[0.426740] (indy_interfaces) StdoutLine: {'line': b'-- Up-to-date: /root/common/indy-ros2/install/indy_interfaces/lib/libindy_interfaces__rosidl_typesupport_introspection_c.so\n'}
[0.426846] (indy_driver) StdoutLine: {'line': b"writing manifest file 'indy_driver.egg-info/SOURCES.txt'\n"}
[0.426922] (indy_interfaces) StdoutLine: {'line': b'-- Up-to-date: /root/common/indy-ros2/install/indy_interfaces/lib/libindy_interfaces__rosidl_typesupport_c.so\n'}
[0.427012] (indy_interfaces) StdoutLine: {'line': b'-- Up-to-date: /root/common/indy-ros2/install/indy_interfaces/include/indy_interfaces/indy_interfaces\n'}
[0.427102] (indy_interfaces) StdoutLine: {'line': b'-- Up-to-date: /root/common/indy-ros2/install/indy_interfaces/include/indy_interfaces/indy_interfaces/msg\n'}
[0.427189] (indy_interfaces) StdoutLine: {'line': b'-- Up-to-date: /root/common/indy-ros2/install/indy_interfaces/include/indy_interfaces/indy_interfaces/msg/detail\n'}
[0.427286] (indy_interfaces) StdoutLine: {'line': b'-- Up-to-date: /root/common/indy-ros2/install/indy_interfaces/include/indy_interfaces/indy_interfaces/msg/detail/servo_tx__struct.hpp\n'}
[0.427415] (indy_interfaces) StdoutLine: {'line': b'-- Up-to-date: /root/common/indy-ros2/install/indy_interfaces/include/indy_interfaces/indy_interfaces/msg/detail/servo_data_array__struct.hpp\n'}
[0.427783] (indy_interfaces) StdoutLine: {'line': b'-- Up-to-date: /root/common/indy-ros2/install/indy_interfaces/include/indy_interfaces/indy_interfaces/msg/detail/servo_data_array__builder.hpp\n'}
[0.427884] (indy_interfaces) StdoutLine: {'line': b'-- Up-to-date: /root/common/indy-ros2/install/indy_interfaces/include/indy_interfaces/indy_interfaces/msg/detail/servo_tx__traits.hpp\n'}
[0.427960] (indy_interfaces) StdoutLine: {'line': b'-- Up-to-date: /root/common/indy-ros2/install/indy_interfaces/include/indy_interfaces/indy_interfaces/msg/detail/servo_rx__struct.hpp\n'}
[0.428053] (indy_interfaces) StdoutLine: {'line': b'-- Up-to-date: /root/common/indy-ros2/install/indy_interfaces/include/indy_interfaces/indy_interfaces/msg/detail/servo_rx__traits.hpp\n'}
[0.428141] (indy_interfaces) StdoutLine: {'line': b'-- Up-to-date: /root/common/indy-ros2/install/indy_interfaces/include/indy_interfaces/indy_interfaces/msg/detail/servo_tx__builder.hpp\n'}
[0.428214] (indy_interfaces) StdoutLine: {'line': b'-- Up-to-date: /root/common/indy-ros2/install/indy_interfaces/include/indy_interfaces/indy_interfaces/msg/detail/servo_data_array__traits.hpp\n'}
[0.428287] (indy_interfaces) StdoutLine: {'line': b'-- Up-to-date: /root/common/indy-ros2/install/indy_interfaces/include/indy_interfaces/indy_interfaces/msg/detail/servo_rx__builder.hpp\n'}
[0.428360] (indy_interfaces) StdoutLine: {'line': b'-- Up-to-date: /root/common/indy-ros2/install/indy_interfaces/include/indy_interfaces/indy_interfaces/msg/servo_tx.hpp\n'}
[0.428434] (indy_interfaces) StdoutLine: {'line': b'-- Up-to-date: /root/common/indy-ros2/install/indy_interfaces/include/indy_interfaces/indy_interfaces/msg/servo_rx.hpp\n'}
[0.428506] (indy_interfaces) StdoutLine: {'line': b'-- Up-to-date: /root/common/indy-ros2/install/indy_interfaces/include/indy_interfaces/indy_interfaces/msg/servo_data_array.hpp\n'}
[0.428611] (indy_interfaces) StdoutLine: {'line': b'-- Up-to-date: /root/common/indy-ros2/install/indy_interfaces/include/indy_interfaces/indy_interfaces/srv\n'}
[0.428697] (indy_interfaces) StdoutLine: {'line': b'-- Up-to-date: /root/common/indy-ros2/install/indy_interfaces/include/indy_interfaces/indy_interfaces/srv/indy_service.hpp\n'}
[0.428792] (indy_interfaces) StdoutLine: {'line': b'-- Up-to-date: /root/common/indy-ros2/install/indy_interfaces/include/indy_interfaces/indy_interfaces/srv/detail\n'}
[0.428931] (indy_interfaces) StdoutLine: {'line': b'-- Up-to-date: /root/common/indy-ros2/install/indy_interfaces/include/indy_interfaces/indy_interfaces/srv/detail/indy_service__struct.hpp\n'}
[0.429049] (indy_interfaces) StdoutLine: {'line': b'-- Up-to-date: /root/common/indy-ros2/install/indy_interfaces/include/indy_interfaces/indy_interfaces/srv/detail/indy_service__traits.hpp\n'}
[0.429174] (indy_interfaces) StdoutLine: {'line': b'-- Up-to-date: /root/common/indy-ros2/install/indy_interfaces/include/indy_interfaces/indy_interfaces/srv/detail/indy_service__builder.hpp\n'}
[0.429232] (indy_interfaces) StdoutLine: {'line': b'-- Up-to-date: /root/common/indy-ros2/install/indy_interfaces/include/indy_interfaces/indy_interfaces\n'}
[0.429283] (indy_interfaces) StdoutLine: {'line': b'-- Up-to-date: /root/common/indy-ros2/install/indy_interfaces/include/indy_interfaces/indy_interfaces/msg\n'}
[0.429334] (indy_interfaces) StdoutLine: {'line': b'-- Up-to-date: /root/common/indy-ros2/install/indy_interfaces/include/indy_interfaces/indy_interfaces/msg/detail\n'}
[0.429384] (indy_interfaces) StdoutLine: {'line': b'-- Up-to-date: /root/common/indy-ros2/install/indy_interfaces/include/indy_interfaces/indy_interfaces/msg/detail/dds_fastrtps\n'}
[0.429434] (indy_interfaces) StdoutLine: {'line': b'-- Up-to-date: /root/common/indy-ros2/install/indy_interfaces/include/indy_interfaces/indy_interfaces/msg/detail/servo_data_array__rosidl_typesupport_fastrtps_cpp.hpp\n'}
[0.429483] (indy_interfaces) StdoutLine: {'line': b'-- Up-to-date: /root/common/indy-ros2/install/indy_interfaces/include/indy_interfaces/indy_interfaces/msg/detail/servo_rx__rosidl_typesupport_fastrtps_cpp.hpp\n'}
[0.429532] (indy_interfaces) StdoutLine: {'line': b'-- Up-to-date: /root/common/indy-ros2/install/indy_interfaces/include/indy_interfaces/indy_interfaces/msg/detail/servo_tx__rosidl_typesupport_fastrtps_cpp.hpp\n'}
[0.429588] (indy_interfaces) StdoutLine: {'line': b'-- Up-to-date: /root/common/indy-ros2/install/indy_interfaces/include/indy_interfaces/indy_interfaces/msg/rosidl_typesupport_fastrtps_cpp__visibility_control.h\n'}
[0.429637] (indy_interfaces) StdoutLine: {'line': b'-- Up-to-date: /root/common/indy-ros2/install/indy_interfaces/include/indy_interfaces/indy_interfaces/srv\n'}
[0.429686] (indy_interfaces) StdoutLine: {'line': b'-- Up-to-date: /root/common/indy-ros2/install/indy_interfaces/include/indy_interfaces/indy_interfaces/srv/detail\n'}
[0.429734] (indy_interfaces) StdoutLine: {'line': b'-- Up-to-date: /root/common/indy-ros2/install/indy_interfaces/include/indy_interfaces/indy_interfaces/srv/detail/dds_fastrtps\n'}
[0.429782] (indy_interfaces) StdoutLine: {'line': b'-- Up-to-date: /root/common/indy-ros2/install/indy_interfaces/include/indy_interfaces/indy_interfaces/srv/detail/indy_service__rosidl_typesupport_fastrtps_cpp.hpp\n'}
[0.429831] (indy_interfaces) StdoutLine: {'line': b'-- Up-to-date: /root/common/indy-ros2/install/indy_interfaces/lib/libindy_interfaces__rosidl_typesupport_fastrtps_cpp.so\n'}
[0.429879] (indy_interfaces) StdoutLine: {'line': b'-- Up-to-date: /root/common/indy-ros2/install/indy_interfaces/include/indy_interfaces/indy_interfaces\n'}
[0.429927] (indy_interfaces) StdoutLine: {'line': b'-- Up-to-date: /root/common/indy-ros2/install/indy_interfaces/include/indy_interfaces/indy_interfaces/msg\n'}
[0.429975] (indy_interfaces) StdoutLine: {'line': b'-- Up-to-date: /root/common/indy-ros2/install/indy_interfaces/include/indy_interfaces/indy_interfaces/msg/detail\n'}
[0.430023] (indy_interfaces) StdoutLine: {'line': b'-- Up-to-date: /root/common/indy-ros2/install/indy_interfaces/include/indy_interfaces/indy_interfaces/msg/detail/servo_rx__rosidl_typesupport_introspection_cpp.hpp\n'}
[0.430071] (indy_interfaces) StdoutLine: {'line': b'-- Up-to-date: /root/common/indy-ros2/install/indy_interfaces/include/indy_interfaces/indy_interfaces/msg/detail/servo_tx__rosidl_typesupport_introspection_cpp.hpp\n'}
[0.430119] (indy_interfaces) StdoutLine: {'line': b'-- Up-to-date: /root/common/indy-ros2/install/indy_interfaces/include/indy_interfaces/indy_interfaces/msg/detail/servo_tx__type_support.cpp\n'}
[0.430173] (indy_interfaces) StdoutLine: {'line': b'-- Up-to-date: /root/common/indy-ros2/install/indy_interfaces/include/indy_interfaces/indy_interfaces/msg/detail/servo_rx__type_support.cpp\n'}
[0.430222] (indy_interfaces) StdoutLine: {'line': b'-- Up-to-date: /root/common/indy-ros2/install/indy_interfaces/include/indy_interfaces/indy_interfaces/msg/detail/servo_data_array__type_support.cpp\n'}
[0.430270] (indy_interfaces) StdoutLine: {'line': b'-- Up-to-date: /root/common/indy-ros2/install/indy_interfaces/include/indy_interfaces/indy_interfaces/msg/detail/servo_data_array__rosidl_typesupport_introspection_cpp.hpp\n'}
[0.430318] (indy_interfaces) StdoutLine: {'line': b'-- Up-to-date: /root/common/indy-ros2/install/indy_interfaces/include/indy_interfaces/indy_interfaces/srv\n'}
[0.430365] (indy_interfaces) StdoutLine: {'line': b'-- Up-to-date: /root/common/indy-ros2/install/indy_interfaces/include/indy_interfaces/indy_interfaces/srv/detail\n'}
[0.430413] (indy_interfaces) StdoutLine: {'line': b'-- Up-to-date: /root/common/indy-ros2/install/indy_interfaces/include/indy_interfaces/indy_interfaces/srv/detail/indy_service__type_support.cpp\n'}
[0.430464] (indy_interfaces) StdoutLine: {'line': b'-- Up-to-date: /root/common/indy-ros2/install/indy_interfaces/include/indy_interfaces/indy_interfaces/srv/detail/indy_service__rosidl_typesupport_introspection_cpp.hpp\n'}
[0.430512] (indy_interfaces) StdoutLine: {'line': b'-- Up-to-date: /root/common/indy-ros2/install/indy_interfaces/lib/libindy_interfaces__rosidl_typesupport_introspection_cpp.so\n'}
[0.430560] (indy_interfaces) StdoutLine: {'line': b'-- Up-to-date: /root/common/indy-ros2/install/indy_interfaces/lib/libindy_interfaces__rosidl_typesupport_cpp.so\n'}
[0.430608] (indy_interfaces) StdoutLine: {'line': b'-- Up-to-date: /root/common/indy-ros2/install/indy_interfaces/share/indy_interfaces/environment/pythonpath.sh\n'}
[0.430656] (indy_interfaces) StdoutLine: {'line': b'-- Up-to-date: /root/common/indy-ros2/install/indy_interfaces/share/indy_interfaces/environment/pythonpath.dsv\n'}
[0.430703] (indy_interfaces) StdoutLine: {'line': b'-- Up-to-date: /root/common/indy-ros2/install/indy_interfaces/local/lib/python3.10/dist-packages/indy_interfaces-0.0.0-py3.10.egg-info\n'}
[0.430751] (indy_interfaces) StdoutLine: {'line': b'-- Installing: /root/common/indy-ros2/install/indy_interfaces/local/lib/python3.10/dist-packages/indy_interfaces-0.0.0-py3.10.egg-info/SOURCES.txt\n'}
[0.430799] (indy_interfaces) StdoutLine: {'line': b'-- Installing: /root/common/indy-ros2/install/indy_interfaces/local/lib/python3.10/dist-packages/indy_interfaces-0.0.0-py3.10.egg-info/PKG-INFO\n'}
[0.430847] (indy_interfaces) StdoutLine: {'line': b'-- Installing: /root/common/indy-ros2/install/indy_interfaces/local/lib/python3.10/dist-packages/indy_interfaces-0.0.0-py3.10.egg-info/dependency_links.txt\n'}
[0.430895] (indy_interfaces) StdoutLine: {'line': b'-- Installing: /root/common/indy-ros2/install/indy_interfaces/local/lib/python3.10/dist-packages/indy_interfaces-0.0.0-py3.10.egg-info/top_level.txt\n'}
[0.430942] (indy_interfaces) StdoutLine: {'line': b'-- Up-to-date: /root/common/indy-ros2/install/indy_interfaces/local/lib/python3.10/dist-packages/indy_interfaces\n'}
[0.430990] (indy_interfaces) StdoutLine: {'line': b'-- Up-to-date: /root/common/indy-ros2/install/indy_interfaces/local/lib/python3.10/dist-packages/indy_interfaces/_indy_interfaces_s.ep.rosidl_typesupport_introspection_c.c\n'}
[0.431044] (indy_interfaces) StdoutLine: {'line': b'-- Up-to-date: /root/common/indy-ros2/install/indy_interfaces/local/lib/python3.10/dist-packages/indy_interfaces/libindy_interfaces__rosidl_generator_py.so\n'}
[0.431092] (indy_interfaces) StdoutLine: {'line': b'-- Up-to-date: /root/common/indy-ros2/install/indy_interfaces/local/lib/python3.10/dist-packages/indy_interfaces/msg\n'}
[0.431140] (indy_interfaces) StdoutLine: {'line': b'-- Up-to-date: /root/common/indy-ros2/install/indy_interfaces/local/lib/python3.10/dist-packages/indy_interfaces/msg/_servo_data_array_s.c\n'}
[0.431191] (indy_interfaces) StdoutLine: {'line': b'-- Up-to-date: /root/common/indy-ros2/install/indy_interfaces/local/lib/python3.10/dist-packages/indy_interfaces/msg/_servo_rx.py\n'}
[0.431239] (indy_interfaces) StdoutLine: {'line': b'-- Up-to-date: /root/common/indy-ros2/install/indy_interfaces/local/lib/python3.10/dist-packages/indy_interfaces/msg/_servo_data_array.py\n'}
[0.431286] (indy_interfaces) StdoutLine: {'line': b'-- Up-to-date: /root/common/indy-ros2/install/indy_interfaces/local/lib/python3.10/dist-packages/indy_interfaces/msg/__init__.py\n'}
[0.431333] (indy_interfaces) StdoutLine: {'line': b'-- Up-to-date: /root/common/indy-ros2/install/indy_interfaces/local/lib/python3.10/dist-packages/indy_interfaces/msg/_servo_tx.py\n'}
[0.431381] (indy_interfaces) StdoutLine: {'line': b'-- Up-to-date: /root/common/indy-ros2/install/indy_interfaces/local/lib/python3.10/dist-packages/indy_interfaces/msg/_servo_rx_s.c\n'}
[0.431428] (indy_interfaces) StdoutLine: {'line': b'-- Up-to-date: /root/common/indy-ros2/install/indy_interfaces/local/lib/python3.10/dist-packages/indy_interfaces/msg/_servo_tx_s.c\n'}
[0.431476] (indy_interfaces) StdoutLine: {'line': b'-- Up-to-date: /root/common/indy-ros2/install/indy_interfaces/local/lib/python3.10/dist-packages/indy_interfaces/__init__.py\n'}
[0.431523] (indy_interfaces) StdoutLine: {'line': b'-- Up-to-date: /root/common/indy-ros2/install/indy_interfaces/local/lib/python3.10/dist-packages/indy_interfaces/_indy_interfaces_s.ep.rosidl_typesupport_c.c\n'}
[0.431570] (indy_interfaces) StdoutLine: {'line': b'-- Up-to-date: /root/common/indy-ros2/install/indy_interfaces/local/lib/python3.10/dist-packages/indy_interfaces/srv\n'}
[0.431618] (indy_interfaces) StdoutLine: {'line': b'-- Up-to-date: /root/common/indy-ros2/install/indy_interfaces/local/lib/python3.10/dist-packages/indy_interfaces/srv/__init__.py\n'}
[0.431666] (indy_interfaces) StdoutLine: {'line': b'-- Up-to-date: /root/common/indy-ros2/install/indy_interfaces/local/lib/python3.10/dist-packages/indy_interfaces/srv/_indy_service.py\n'}
[0.431713] (indy_interfaces) StdoutLine: {'line': b'-- Up-to-date: /root/common/indy-ros2/install/indy_interfaces/local/lib/python3.10/dist-packages/indy_interfaces/srv/_indy_service_s.c\n'}
[0.431761] (indy_interfaces) StdoutLine: {'line': b'-- Up-to-date: /root/common/indy-ros2/install/indy_interfaces/local/lib/python3.10/dist-packages/indy_interfaces/_indy_interfaces_s.ep.rosidl_typesupport_fastrtps_c.c\n'}
[0.431816] (indy_interfaces) StdoutLine: {'line': b'-- Up-to-date: /root/common/indy-ros2/install/indy_interfaces/local/lib/python3.10/dist-packages/indy_interfaces/indy_interfaces_s__rosidl_typesupport_c.cpython-310-x86_64-linux-gnu.so\n'}
[0.431864] (indy_interfaces) StdoutLine: {'line': b'-- Up-to-date: /root/common/indy-ros2/install/indy_interfaces/local/lib/python3.10/dist-packages/indy_interfaces/indy_interfaces_s__rosidl_typesupport_fastrtps_c.cpython-310-x86_64-linux-gnu.so\n'}
[0.431912] (indy_interfaces) StdoutLine: {'line': b'-- Up-to-date: /root/common/indy-ros2/install/indy_interfaces/local/lib/python3.10/dist-packages/indy_interfaces/indy_interfaces_s__rosidl_typesupport_introspection_c.cpython-310-x86_64-linux-gnu.so\n'}
[0.440435] (indy_moveit) StdoutLine: {'line': b'running egg_info\n'}
[0.441221] (indy_moveit) StdoutLine: {'line': b'writing indy_moveit.egg-info/PKG-INFO\n'}
[0.441399] (indy_driver) StdoutLine: {'line': b'Built target ament_cmake_python_build_indy_driver_egg\n'}
[0.441483] (indy_moveit) StdoutLine: {'line': b'writing dependency_links to indy_moveit.egg-info/dependency_links.txt\n'}
[0.441618] (indy_moveit) StdoutLine: {'line': b'writing top-level names to indy_moveit.egg-info/top_level.txt\n'}
[0.443166] (indy_moveit) StdoutLine: {'line': b"reading manifest file 'indy_moveit.egg-info/SOURCES.txt'\n"}
[0.443707] (indy_moveit) StdoutLine: {'line': b"writing manifest file 'indy_moveit.egg-info/SOURCES.txt'\n"}
[0.445360] (indy_driver) CommandEnded: {'returncode': 0}
[0.456863] (indy_interfaces) StdoutLine: {'line': b"Listing '/root/common/indy-ros2/install/indy_interfaces/local/lib/python3.10/dist-packages/indy_interfaces'...\n"}
[0.457030] (indy_interfaces) StdoutLine: {'line': b"Listing '/root/common/indy-ros2/install/indy_interfaces/local/lib/python3.10/dist-packages/indy_interfaces/msg'...\n"}
[0.457093] (indy_interfaces) StdoutLine: {'line': b"Listing '/root/common/indy-ros2/install/indy_interfaces/local/lib/python3.10/dist-packages/indy_interfaces/srv'...\n"}
[0.460228] (indy_driver) JobProgress: {'identifier': 'indy_driver', 'progress': 'install'}
[0.460574] (indy_driver) Command: {'cmd': ['/usr/bin/cmake', '--install', '/root/common/indy-ros2/build/indy_driver'], 'cwd': '/root/common/indy-ros2/build/indy_driver', 'env': OrderedDict([('NV_LIBCUBLAS_VERSION', '11.11.3.6-1'), ('NV_CUDA_COMPAT_PACKAGE', 'cuda-compat-11-8'), ('HOSTNAME', 'idim'), ('SHLVL', '1'), ('LD_LIBRARY_PATH', '/opt/ros/humble/lib'), ('NV_LIBNCCL_PACKAGE_VERSION', '2.15.5-1'), ('AMENT_CPPCHECK_ALLOW_SLOW_VERSIONS', '1'), ('HOME', '/root'), ('OLDPWD', '/root/common'), ('ROS_PYTHON_VERSION', '3'), ('PS1', '\\[\x1b[0;33m\\]idim \\W $ \\[\x1b[0m\\]'), ('NV_LIBNPP_PACKAGE', 'libnpp-11-8=11.8.0.86-1'), ('CUDA_VERSION', '11.8.0'), ('COLCON_PREFIX_PATH', '/opt/ros/humble'), ('ROS_DISTRO', 'humble'), ('NV_LIBCUBLAS_PACKAGE_NAME', 'libcublas-11-8'), ('NVIDIA_REQUIRE_CUDA', 'cuda>=11.8 brand=tesla,driver>=470,driver<471 brand=unknown,driver>=470,driver<471 brand=nvidia,driver>=470,driver<471 brand=nvidiartx,driver>=470,driver<471 brand=geforce,driver>=470,driver<471 brand=geforcertx,driver>=470,driver<471 brand=quadro,driver>=470,driver<471 brand=quadrortx,driver>=470,driver<471 brand=titan,driver>=470,driver<471 brand=titanrtx,driver>=470,driver<471'), ('_', '/usr/bin/colcon'), ('ROS_VERSION', '2'), ('NV_LIBCUSPARSE_VERSION', '11.7.5.86-1'), ('NVIDIA_DRIVER_CAPABILITIES', 'graphics,utility,compute'), ('NV_CUDA_LIB_VERSION', '11.8.0-1'), ('NV_LIBNCCL_PACKAGE_NAME', 'libnccl2'), ('TERM', 'xterm'), ('NV_CUDA_CUDART_VERSION', '11.8.89-1'), ('QT_X11_NO_MITSHM', '1'), ('PATH', '/opt/ros/humble/bin:/usr/local/nvidia/bin:/usr/local/cuda/bin:/usr/local/sbin:/usr/local/bin:/usr/sbin:/usr/bin:/sbin:/bin'), ('NV_LIBCUBLAS_PACKAGE', 'libcublas-11-8=11.11.3.6-1'), ('NVARCH', 'x86_64'), ('DISPLAY', ':1'), ('NV_LIBNCCL_PACKAGE', 'libnccl2=2.15.5-1+cuda11.8'), ('NVIDIA_PRODUCT_NAME', 'CUDA'), ('LANG', 'en_US.UTF-8'), ('XAUTHORITY', '/tmp/.docker.xauth'), ('LS_COLORS', 'rs=0:di=01;34:ln=01;36:mh=00:pi=40;33:so=01;35:do=01;35:bd=40;33;01:cd=40;33;01:or=40;31;01:mi=00:su=37;41:sg=30;43:ca=30;41:tw=30;42:ow=34;42:st=37;44:ex=01;32:*.tar=01;31:*.tgz=01;31:*.arc=01;31:*.arj=01;31:*.taz=01;31:*.lha=01;31:*.lz4=01;31:*.lzh=01;31:*.lzma=01;31:*.tlz=01;31:*.txz=01;31:*.tzo=01;31:*.t7z=01;31:*.zip=01;31:*.z=01;31:*.dz=01;31:*.gz=01;31:*.lrz=01;31:*.lz=01;31:*.lzo=01;31:*.xz=01;31:*.zst=01;31:*.tzst=01;31:*.bz2=01;31:*.bz=01;31:*.tbz=01;31:*.tbz2=01;31:*.tz=01;31:*.deb=01;31:*.rpm=01;31:*.jar=01;31:*.war=01;31:*.ear=01;31:*.sar=01;31:*.rar=01;31:*.alz=01;31:*.ace=01;31:*.zoo=01;31:*.cpio=01;31:*.7z=01;31:*.rz=01;31:*.cab=01;31:*.wim=01;31:*.swm=01;31:*.dwm=01;31:*.esd=01;31:*.jpg=01;35:*.jpeg=01;35:*.mjpg=01;35:*.mjpeg=01;35:*.gif=01;35:*.bmp=01;35:*.pbm=01;35:*.pgm=01;35:*.ppm=01;35:*.tga=01;35:*.xbm=01;35:*.xpm=01;35:*.tif=01;35:*.tiff=01;35:*.png=01;35:*.svg=01;35:*.svgz=01;35:*.mng=01;35:*.pcx=01;35:*.mov=01;35:*.mpg=01;35:*.mpeg=01;35:*.m2v=01;35:*.mkv=01;35:*.webm=01;35:*.webp=01;35:*.ogm=01;35:*.mp4=01;35:*.m4v=01;35:*.mp4v=01;35:*.vob=01;35:*.qt=01;35:*.nuv=01;35:*.wmv=01;35:*.asf=01;35:*.rm=01;35:*.rmvb=01;35:*.flc=01;35:*.avi=01;35:*.fli=01;35:*.flv=01;35:*.gl=01;35:*.dl=01;35:*.xcf=01;35:*.xwd=01;35:*.yuv=01;35:*.cgm=01;35:*.emf=01;35:*.ogv=01;35:*.ogx=01;35:*.aac=00;36:*.au=00;36:*.flac=00;36:*.m4a=00;36:*.mid=00;36:*.midi=00;36:*.mka=00;36:*.mp3=00;36:*.mpc=00;36:*.ogg=00;36:*.ra=00;36:*.wav=00;36:*.oga=00;36:*.opus=00;36:*.spx=00;36:*.xspf=00;36:'), ('AMENT_PREFIX_PATH', '/root/common/indy-ros2/install/indy_description:/opt/ros/humble'), ('DEBIAN_FRONTEND', 'noninteractive'), ('LIBUVC_BACKEND', 'libusb'), ('NV_NVTX_VERSION', '11.8.86-1'), ('NV_LIBNPP_VERSION', '11.8.0.86-1'), ('PWD', '/root/common/indy-ros2/build/indy_driver'), ('PYTHONPATH', '/opt/ros/humble/local/lib/python3.10/dist-packages:/opt/ros/humble/lib/python3.10/site-packages'), ('NVIDIA_VISIBLE_DEVICES', 'all'), ('NCCL_VERSION', '2.15.5-1'), ('DEBCONF_NOWARNINGS', 'yes'), ('COLCON', '1'), ('CMAKE_PREFIX_PATH', '/root/common/indy-ros2/install/indy_description:/opt/ros/humble')]), 'shell': False}
[0.462652] (indy_interfaces) StdoutLine: {'line': b'-- Up-to-date: /root/common/indy-ros2/install/indy_interfaces/local/lib/python3.10/dist-packages/indy_interfaces/indy_interfaces_s__rosidl_typesupport_fastrtps_c.cpython-310-x86_64-linux-gnu.so\n'}
[0.462987] (indy_interfaces) StdoutLine: {'line': b'-- Up-to-date: /root/common/indy-ros2/install/indy_interfaces/local/lib/python3.10/dist-packages/indy_interfaces/indy_interfaces_s__rosidl_typesupport_introspection_c.cpython-310-x86_64-linux-gnu.so\n'}
[0.463125] (indy_interfaces) StdoutLine: {'line': b'-- Up-to-date: /root/common/indy-ros2/install/indy_interfaces/local/lib/python3.10/dist-packages/indy_interfaces/indy_interfaces_s__rosidl_typesupport_c.cpython-310-x86_64-linux-gnu.so\n'}
[0.463258] (indy_interfaces) StdoutLine: {'line': b'-- Up-to-date: /root/common/indy-ros2/install/indy_interfaces/lib/libindy_interfaces__rosidl_generator_py.so\n'}
[0.463388] (indy_interfaces) StdoutLine: {'line': b'-- Up-to-date: /root/common/indy-ros2/install/indy_interfaces/share/indy_interfaces/srv/IndyService.idl\n'}
[0.463516] (indy_interfaces) StdoutLine: {'line': b'-- Up-to-date: /root/common/indy-ros2/install/indy_interfaces/share/indy_interfaces/msg/ServoTx.idl\n'}
[0.463637] (indy_interfaces) StdoutLine: {'line': b'-- Up-to-date: /root/common/indy-ros2/install/indy_interfaces/share/indy_interfaces/msg/ServoRx.idl\n'}
[0.463747] (indy_interfaces) StdoutLine: {'line': b'-- Up-to-date: /root/common/indy-ros2/install/indy_interfaces/share/indy_interfaces/msg/ServoDataArray.idl\n'}
[0.463849] (indy_interfaces) StdoutLine: {'line': b'-- Up-to-date: /root/common/indy-ros2/install/indy_interfaces/share/indy_interfaces/srv/IndyService.srv\n'}
[0.463936] (indy_interfaces) StdoutLine: {'line': b'-- Up-to-date: /root/common/indy-ros2/install/indy_interfaces/share/indy_interfaces/srv/IndyService_Request.msg\n'}
[0.464022] (indy_interfaces) StdoutLine: {'line': b'-- Up-to-date: /root/common/indy-ros2/install/indy_interfaces/share/indy_interfaces/srv/IndyService_Response.msg\n'}
[0.464107] (indy_interfaces) StdoutLine: {'line': b'-- Up-to-date: /root/common/indy-ros2/install/indy_interfaces/share/indy_interfaces/msg/ServoTx.msg\n'}
[0.464220] (indy_interfaces) StdoutLine: {'line': b'-- Up-to-date: /root/common/indy-ros2/install/indy_interfaces/share/indy_interfaces/msg/ServoRx.msg\n'}
[0.464326] (indy_interfaces) StdoutLine: {'line': b'-- Up-to-date: /root/common/indy-ros2/install/indy_interfaces/share/indy_interfaces/msg/ServoDataArray.msg\n'}
[0.464502] (indy_interfaces) StdoutLine: {'line': b'-- Up-to-date: /root/common/indy-ros2/install/indy_interfaces/share/ament_index/resource_index/package_run_dependencies/indy_interfaces\n'}
[0.464703] (indy_interfaces) StdoutLine: {'line': b'-- Up-to-date: /root/common/indy-ros2/install/indy_interfaces/share/ament_index/resource_index/parent_prefix_path/indy_interfaces\n'}
[0.464881] (indy_interfaces) StdoutLine: {'line': b'-- Up-to-date: /root/common/indy-ros2/install/indy_interfaces/share/indy_interfaces/environment/ament_prefix_path.sh\n'}
[0.465151] (indy_interfaces) StdoutLine: {'line': b'-- Up-to-date: /root/common/indy-ros2/install/indy_interfaces/share/indy_interfaces/environment/ament_prefix_path.dsv\n'}
[0.465331] (indy_interfaces) StdoutLine: {'line': b'-- Up-to-date: /root/common/indy-ros2/install/indy_interfaces/share/indy_interfaces/environment/path.sh\n'}
[0.465461] (indy_interfaces) StdoutLine: {'line': b'-- Up-to-date: /root/common/indy-ros2/install/indy_interfaces/share/indy_interfaces/environment/path.dsv\n'}
[0.465716] (indy_interfaces) StdoutLine: {'line': b'-- Up-to-date: /root/common/indy-ros2/install/indy_interfaces/share/indy_interfaces/local_setup.bash\n'}
[0.465812] (indy_interfaces) StdoutLine: {'line': b'-- Up-to-date: /root/common/indy-ros2/install/indy_interfaces/share/indy_interfaces/local_setup.sh\n'}
[0.465898] (indy_interfaces) StdoutLine: {'line': b'-- Up-to-date: /root/common/indy-ros2/install/indy_interfaces/share/indy_interfaces/local_setup.zsh\n'}
[0.465983] (indy_interfaces) StdoutLine: {'line': b'-- Up-to-date: /root/common/indy-ros2/install/indy_interfaces/share/indy_interfaces/local_setup.dsv\n'}
[0.466068] (indy_interfaces) StdoutLine: {'line': b'-- Installing: /root/common/indy-ros2/install/indy_interfaces/share/indy_interfaces/package.dsv\n'}
[0.466156] (indy_interfaces) StdoutLine: {'line': b'-- Up-to-date: /root/common/indy-ros2/install/indy_interfaces/share/ament_index/resource_index/packages/indy_interfaces\n'}
[0.466241] (indy_interfaces) StdoutLine: {'line': b'-- Up-to-date: /root/common/indy-ros2/install/indy_interfaces/share/indy_interfaces/cmake/export_indy_interfaces__rosidl_generator_cExport.cmake\n'}
[0.466327] (indy_interfaces) StdoutLine: {'line': b'-- Up-to-date: /root/common/indy-ros2/install/indy_interfaces/share/indy_interfaces/cmake/export_indy_interfaces__rosidl_generator_cExport-noconfig.cmake\n'}
[0.466412] (indy_interfaces) StdoutLine: {'line': b'-- Up-to-date: /root/common/indy-ros2/install/indy_interfaces/share/indy_interfaces/cmake/export_indy_interfaces__rosidl_typesupport_fastrtps_cExport.cmake\n'}
[0.466498] (indy_interfaces) StdoutLine: {'line': b'-- Up-to-date: /root/common/indy-ros2/install/indy_interfaces/share/indy_interfaces/cmake/export_indy_interfaces__rosidl_typesupport_fastrtps_cExport-noconfig.cmake\n'}
[0.466584] (indy_driver) StdoutLine: {'line': b'-- Install configuration: ""\n'}
[0.466797] (indy_interfaces) StdoutLine: {'line': b'-- Up-to-date: /root/common/indy-ros2/install/indy_interfaces/share/indy_interfaces/cmake/indy_interfaces__rosidl_typesupport_introspection_cExport.cmake\n'}
[0.467017] (indy_moveit) StdoutLine: {'line': b'Built target ament_cmake_python_build_indy_moveit_egg\n'}
[0.467412] (indy_interfaces) StdoutLine: {'line': b'-- Up-to-date: /root/common/indy-ros2/install/indy_interfaces/share/indy_interfaces/cmake/indy_interfaces__rosidl_typesupport_introspection_cExport-noconfig.cmake\n'}
[0.467888] (indy_driver) StdoutLine: {'line': b'-- Up-to-date: /root/common/indy-ros2/install/indy_driver/share/indy_driver//launch\n'}
[0.468114] (indy_interfaces) StdoutLine: {'line': b'-- Up-to-date: /root/common/indy-ros2/install/indy_interfaces/share/indy_interfaces/cmake/indy_interfaces__rosidl_typesupport_cExport.cmake\n'}
[0.468191] (indy_interfaces) StdoutLine: {'line': b'-- Up-to-date: /root/common/indy-ros2/install/indy_interfaces/share/indy_interfaces/cmake/indy_interfaces__rosidl_typesupport_cExport-noconfig.cmake\n'}
[0.468264] (indy_driver) StdoutLine: {'line': b'-- Up-to-date: /root/common/indy-ros2/install/indy_driver/share/indy_driver//launch/indy_bringup.launch.py\n'}
[0.468334] (indy_driver) StdoutLine: {'line': b'-- Up-to-date: /root/common/indy-ros2/install/indy_driver/share/indy_driver//controller\n'}
[0.468443] (indy_driver) StdoutLine: {'line': b'-- Up-to-date: /root/common/indy-ros2/install/indy_driver/share/indy_driver//controller/indy_controllers_7dof.yaml\n'}
[0.468546] (indy_driver) StdoutLine: {'line': b'-- Up-to-date: /root/common/indy-ros2/install/indy_driver/share/indy_driver//controller/indy_controllers_6dof.yaml\n'}
[0.468647] (indy_interfaces) StdoutLine: {'line': b'-- Up-to-date: /root/common/indy-ros2/install/indy_interfaces/share/indy_interfaces/cmake/export_indy_interfaces__rosidl_generator_cppExport.cmake\n'}
[0.468753] (indy_driver) StdoutLine: {'line': b'-- Up-to-date: /root/common/indy-ros2/install/indy_driver/lib/indy_driver/indy_driver.py\n'}
[0.468876] (indy_driver) StdoutLine: {'line': b'-- Up-to-date: /root/common/indy-ros2/install/indy_driver/lib/indy_driver/servo_joy_input.py\n'}
[0.468983] (indy_interfaces) StdoutLine: {'line': b'-- Up-to-date: /root/common/indy-ros2/install/indy_interfaces/share/indy_interfaces/cmake/export_indy_interfaces__rosidl_typesupport_fastrtps_cppExport.cmake\n'}
[0.469081] (indy_interfaces) StdoutLine: {'line': b'-- Up-to-date: /root/common/indy-ros2/install/indy_interfaces/share/indy_interfaces/cmake/export_indy_interfaces__rosidl_typesupport_fastrtps_cppExport-noconfig.cmake\n'}
[0.469182] (indy_driver) StdoutLine: {'line': b'-- Up-to-date: /root/common/indy-ros2/install/indy_driver/lib/indy_driver/servo_keyboard_input.py\n'}
[0.469283] (indy_driver) StdoutLine: {'line': b'-- Up-to-date: /root/common/indy-ros2/install/indy_driver/lib/indy_driver/indy_define.py\n'}
[0.469385] (indy_driver) StdoutLine: {'line': b'-- Up-to-date: /root/common/indy-ros2/install/indy_driver/share/indy_driver/environment/pythonpath.sh\n'}
[0.469483] (indy_driver) StdoutLine: {'line': b'-- Up-to-date: /root/common/indy-ros2/install/indy_driver/share/indy_driver/environment/pythonpath.dsv\n'}
[0.469586] (indy_interfaces) StdoutLine: {'line': b'-- Up-to-date: /root/common/indy-ros2/install/indy_interfaces/share/indy_interfaces/cmake/indy_interfaces__rosidl_typesupport_introspection_cppExport.cmake\n'}
[0.469687] (indy_interfaces) StdoutLine: {'line': b'-- Up-to-date: /root/common/indy-ros2/install/indy_interfaces/share/indy_interfaces/cmake/indy_interfaces__rosidl_typesupport_introspection_cppExport-noconfig.cmake\n'}
[0.469814] (indy_driver) StdoutLine: {'line': b'-- Up-to-date: /root/common/indy-ros2/install/indy_driver/local/lib/python3.10/dist-packages/indy_driver-1.0.0-py3.10.egg-info\n'}
[0.469908] (indy_interfaces) StdoutLine: {'line': b'-- Up-to-date: /root/common/indy-ros2/install/indy_interfaces/share/indy_interfaces/cmake/indy_interfaces__rosidl_typesupport_cppExport.cmake\n'}
[0.469987] (indy_driver) StdoutLine: {'line': b'-- Installing: /root/common/indy-ros2/install/indy_driver/local/lib/python3.10/dist-packages/indy_driver-1.0.0-py3.10.egg-info/SOURCES.txt\n'}
[0.470063] (indy_interfaces) StdoutLine: {'line': b'-- Up-to-date: /root/common/indy-ros2/install/indy_interfaces/share/indy_interfaces/cmake/indy_interfaces__rosidl_typesupport_cppExport-noconfig.cmake\n'}
[0.470146] (indy_driver) StdoutLine: {'line': b'-- Installing: /root/common/indy-ros2/install/indy_driver/local/lib/python3.10/dist-packages/indy_driver-1.0.0-py3.10.egg-info/PKG-INFO\n'}
[0.470229] (indy_interfaces) StdoutLine: {'line': b'-- Up-to-date: /root/common/indy-ros2/install/indy_interfaces/share/indy_interfaces/cmake/export_indy_interfaces__rosidl_generator_pyExport.cmake\n'}
[0.470306] (indy_driver) StdoutLine: {'line': b'-- Installing: /root/common/indy-ros2/install/indy_driver/local/lib/python3.10/dist-packages/indy_driver-1.0.0-py3.10.egg-info/dependency_links.txt\n'}
[0.470380] (indy_interfaces) StdoutLine: {'line': b'-- Up-to-date: /root/common/indy-ros2/install/indy_interfaces/share/indy_interfaces/cmake/export_indy_interfaces__rosidl_generator_pyExport-noconfig.cmake\n'}
[0.470455] (indy_interfaces) StdoutLine: {'line': b'-- Up-to-date: /root/common/indy-ros2/install/indy_interfaces/share/indy_interfaces/cmake/rosidl_cmake-extras.cmake\n'}
[0.470536] (indy_driver) StdoutLine: {'line': b'-- Installing: /root/common/indy-ros2/install/indy_driver/local/lib/python3.10/dist-packages/indy_driver-1.0.0-py3.10.egg-info/top_level.txt\n'}
[0.470617] (indy_interfaces) StdoutLine: {'line': b'-- Up-to-date: /root/common/indy-ros2/install/indy_interfaces/share/indy_interfaces/cmake/ament_cmake_export_include_directories-extras.cmake\n'}
[0.470701] (indy_interfaces) StdoutLine: {'line': b'-- Up-to-date: /root/common/indy-ros2/install/indy_interfaces/share/indy_interfaces/cmake/ament_cmake_export_libraries-extras.cmake\n'}
[0.470788] (indy_interfaces) StdoutLine: {'line': b'-- Up-to-date: /root/common/indy-ros2/install/indy_interfaces/share/indy_interfaces/cmake/ament_cmake_export_targets-extras.cmake\n'}
[0.470865] (indy_interfaces) StdoutLine: {'line': b'-- Up-to-date: /root/common/indy-ros2/install/indy_interfaces/share/indy_interfaces/cmake/rosidl_cmake_export_typesupport_targets-extras.cmake\n'}
[0.470949] (indy_interfaces) StdoutLine: {'line': b'-- Up-to-date: /root/common/indy-ros2/install/indy_interfaces/share/indy_interfaces/cmake/ament_cmake_export_dependencies-extras.cmake\n'}
[0.471022] (indy_driver) StdoutLine: {'line': b'-- Up-to-date: /root/common/indy-ros2/install/indy_driver/local/lib/python3.10/dist-packages/indy_driver\n'}
[0.471095] (indy_driver) StdoutLine: {'line': b'-- Up-to-date: /root/common/indy-ros2/install/indy_driver/local/lib/python3.10/dist-packages/indy_driver/__init__.py\n'}
[0.471176] (indy_driver) StdoutLine: {'line': b'-- Up-to-date: /root/common/indy-ros2/install/indy_driver/local/lib/python3.10/dist-packages/indy_driver/indy_driver.py\n'}
[0.471250] (indy_interfaces) StdoutLine: {'line': b'-- Up-to-date: /root/common/indy-ros2/install/indy_interfaces/share/indy_interfaces/cmake/rosidl_cmake_export_typesupport_libraries-extras.cmake\n'}
[0.471321] (indy_driver) StdoutLine: {'line': b'-- Up-to-date: /root/common/indy-ros2/install/indy_driver/local/lib/python3.10/dist-packages/indy_driver/servo_keyboard_input.py\n'}
[0.471405] (indy_interfaces) StdoutLine: {'line': b'-- Up-to-date: /root/common/indy-ros2/install/indy_interfaces/share/indy_interfaces/cmake/indy_interfacesConfig.cmake\n'}
[0.471516] (indy_interfaces) StdoutLine: {'line': b'-- Up-to-date: /root/common/indy-ros2/install/indy_interfaces/share/indy_interfaces/cmake/indy_interfacesConfig-version.cmake\n'}
[0.472051] (indy_driver) StdoutLine: {'line': b'-- Up-to-date: /root/common/indy-ros2/install/indy_driver/local/lib/python3.10/dist-packages/indy_driver/indy_define.py\n'}
[0.472225] (indy_driver) StdoutLine: {'line': b'-- Up-to-date: /root/common/indy-ros2/install/indy_driver/local/lib/python3.10/dist-packages/indy_driver/servo_joy_input.py\n'}
[0.472323] (indy_interfaces) StdoutLine: {'line': b'-- Up-to-date: /root/common/indy-ros2/install/indy_interfaces/share/indy_interfaces/package.xml\n'}
[0.472470] (indy_interfaces) CommandEnded: {'returncode': 0}
[0.477567] (indy_moveit) CommandEnded: {'returncode': 0}
[0.493108] (indy_moveit) JobProgress: {'identifier': 'indy_moveit', 'progress': 'install'}
[0.493317] (indy_moveit) Command: {'cmd': ['/usr/bin/cmake', '--install', '/root/common/indy-ros2/build/indy_moveit'], 'cwd': '/root/common/indy-ros2/build/indy_moveit', 'env': OrderedDict([('NV_LIBCUBLAS_VERSION', '11.11.3.6-1'), ('NV_CUDA_COMPAT_PACKAGE', 'cuda-compat-11-8'), ('HOSTNAME', 'idim'), ('SHLVL', '1'), ('LD_LIBRARY_PATH', '/opt/ros/humble/lib'), ('NV_LIBNCCL_PACKAGE_VERSION', '2.15.5-1'), ('AMENT_CPPCHECK_ALLOW_SLOW_VERSIONS', '1'), ('HOME', '/root'), ('OLDPWD', '/root/common'), ('ROS_PYTHON_VERSION', '3'), ('PS1', '\\[\x1b[0;33m\\]idim \\W $ \\[\x1b[0m\\]'), ('NV_LIBNPP_PACKAGE', 'libnpp-11-8=11.8.0.86-1'), ('CUDA_VERSION', '11.8.0'), ('COLCON_PREFIX_PATH', '/opt/ros/humble'), ('ROS_DISTRO', 'humble'), ('NV_LIBCUBLAS_PACKAGE_NAME', 'libcublas-11-8'), ('NVIDIA_REQUIRE_CUDA', 'cuda>=11.8 brand=tesla,driver>=470,driver<471 brand=unknown,driver>=470,driver<471 brand=nvidia,driver>=470,driver<471 brand=nvidiartx,driver>=470,driver<471 brand=geforce,driver>=470,driver<471 brand=geforcertx,driver>=470,driver<471 brand=quadro,driver>=470,driver<471 brand=quadrortx,driver>=470,driver<471 brand=titan,driver>=470,driver<471 brand=titanrtx,driver>=470,driver<471'), ('_', '/usr/bin/colcon'), ('ROS_VERSION', '2'), ('NV_LIBCUSPARSE_VERSION', '11.7.5.86-1'), ('NVIDIA_DRIVER_CAPABILITIES', 'graphics,utility,compute'), ('NV_CUDA_LIB_VERSION', '11.8.0-1'), ('NV_LIBNCCL_PACKAGE_NAME', 'libnccl2'), ('TERM', 'xterm'), ('NV_CUDA_CUDART_VERSION', '11.8.89-1'), ('QT_X11_NO_MITSHM', '1'), ('PATH', '/opt/ros/humble/bin:/usr/local/nvidia/bin:/usr/local/cuda/bin:/usr/local/sbin:/usr/local/bin:/usr/sbin:/usr/bin:/sbin:/bin'), ('NV_LIBCUBLAS_PACKAGE', 'libcublas-11-8=11.11.3.6-1'), ('NVARCH', 'x86_64'), ('DISPLAY', ':1'), ('NV_LIBNCCL_PACKAGE', 'libnccl2=2.15.5-1+cuda11.8'), ('NVIDIA_PRODUCT_NAME', 'CUDA'), ('LANG', 'en_US.UTF-8'), ('XAUTHORITY', '/tmp/.docker.xauth'), ('LS_COLORS', 'rs=0:di=01;34:ln=01;36:mh=00:pi=40;33:so=01;35:do=01;35:bd=40;33;01:cd=40;33;01:or=40;31;01:mi=00:su=37;41:sg=30;43:ca=30;41:tw=30;42:ow=34;42:st=37;44:ex=01;32:*.tar=01;31:*.tgz=01;31:*.arc=01;31:*.arj=01;31:*.taz=01;31:*.lha=01;31:*.lz4=01;31:*.lzh=01;31:*.lzma=01;31:*.tlz=01;31:*.txz=01;31:*.tzo=01;31:*.t7z=01;31:*.zip=01;31:*.z=01;31:*.dz=01;31:*.gz=01;31:*.lrz=01;31:*.lz=01;31:*.lzo=01;31:*.xz=01;31:*.zst=01;31:*.tzst=01;31:*.bz2=01;31:*.bz=01;31:*.tbz=01;31:*.tbz2=01;31:*.tz=01;31:*.deb=01;31:*.rpm=01;31:*.jar=01;31:*.war=01;31:*.ear=01;31:*.sar=01;31:*.rar=01;31:*.alz=01;31:*.ace=01;31:*.zoo=01;31:*.cpio=01;31:*.7z=01;31:*.rz=01;31:*.cab=01;31:*.wim=01;31:*.swm=01;31:*.dwm=01;31:*.esd=01;31:*.jpg=01;35:*.jpeg=01;35:*.mjpg=01;35:*.mjpeg=01;35:*.gif=01;35:*.bmp=01;35:*.pbm=01;35:*.pgm=01;35:*.ppm=01;35:*.tga=01;35:*.xbm=01;35:*.xpm=01;35:*.tif=01;35:*.tiff=01;35:*.png=01;35:*.svg=01;35:*.svgz=01;35:*.mng=01;35:*.pcx=01;35:*.mov=01;35:*.mpg=01;35:*.mpeg=01;35:*.m2v=01;35:*.mkv=01;35:*.webm=01;35:*.webp=01;35:*.ogm=01;35:*.mp4=01;35:*.m4v=01;35:*.mp4v=01;35:*.vob=01;35:*.qt=01;35:*.nuv=01;35:*.wmv=01;35:*.asf=01;35:*.rm=01;35:*.rmvb=01;35:*.flc=01;35:*.avi=01;35:*.fli=01;35:*.flv=01;35:*.gl=01;35:*.dl=01;35:*.xcf=01;35:*.xwd=01;35:*.yuv=01;35:*.cgm=01;35:*.emf=01;35:*.ogv=01;35:*.ogx=01;35:*.aac=00;36:*.au=00;36:*.flac=00;36:*.m4a=00;36:*.mid=00;36:*.midi=00;36:*.mka=00;36:*.mp3=00;36:*.mpc=00;36:*.ogg=00;36:*.ra=00;36:*.wav=00;36:*.oga=00;36:*.opus=00;36:*.spx=00;36:*.xspf=00;36:'), ('AMENT_PREFIX_PATH', '/root/common/indy-ros2/install/indy_description:/opt/ros/humble'), ('DEBIAN_FRONTEND', 'noninteractive'), ('LIBUVC_BACKEND', 'libusb'), ('NV_NVTX_VERSION', '11.8.86-1'), ('NV_LIBNPP_VERSION', '11.8.0.86-1'), ('PWD', '/root/common/indy-ros2/build/indy_moveit'), ('PYTHONPATH', '/opt/ros/humble/local/lib/python3.10/dist-packages:/opt/ros/humble/lib/python3.10/site-packages'), ('NVIDIA_VISIBLE_DEVICES', 'all'), ('NCCL_VERSION', '2.15.5-1'), ('DEBCONF_NOWARNINGS', 'yes'), ('COLCON', '1'), ('CMAKE_PREFIX_PATH', '/root/common/indy-ros2/install/indy_description:/opt/ros/humble')]), 'shell': False}
[0.494779] (indy_driver) StdoutLine: {'line': b"Listing '/root/common/indy-ros2/install/indy_driver/local/lib/python3.10/dist-packages/indy_driver'...\n"}
[0.496733] (indy_moveit) StdoutLine: {'line': b'-- Install configuration: ""\n'}
[0.496876] (indy_moveit) StdoutLine: {'line': b'-- Up-to-date: /root/common/indy-ros2/install/indy_moveit/share/indy_moveit//launch\n'}
[0.497185] (indy_moveit) StdoutLine: {'line': b'-- Up-to-date: /root/common/indy-ros2/install/indy_moveit/share/indy_moveit//launch/moveit.launch.py\n'}
[0.497437] (indy_moveit) StdoutLine: {'line': b'-- Up-to-date: /root/common/indy-ros2/install/indy_moveit/share/indy_moveit//launch/indy_moveit_real_robot.launch.py\n'}
[0.497653] (indy_moveit) StdoutLine: {'line': b'-- Up-to-date: /root/common/indy-ros2/install/indy_moveit/share/indy_moveit//launch/indy_moveit_gazebo.launch.py\n'}
[0.497809] (indy_moveit) StdoutLine: {'line': b'-- Up-to-date: /root/common/indy-ros2/install/indy_moveit/share/indy_moveit//moveit_config\n'}
[0.497956] (indy_moveit) StdoutLine: {'line': b'-- Up-to-date: /root/common/indy-ros2/install/indy_moveit/share/indy_moveit//moveit_config/controllers_6dof.yaml\n'}
[0.498080] (indy_moveit) StdoutLine: {'line': b'-- Up-to-date: /root/common/indy-ros2/install/indy_moveit/share/indy_moveit//moveit_config/ompl_planning.yaml\n'}
[0.498218] (indy_moveit) StdoutLine: {'line': b'-- Up-to-date: /root/common/indy-ros2/install/indy_moveit/share/indy_moveit//moveit_config/controllers_7dof.yaml\n'}
[0.498395] (indy_moveit) StdoutLine: {'line': b'-- Up-to-date: /root/common/indy-ros2/install/indy_moveit/share/indy_moveit//moveit_config/indy_servo.yaml\n'}
[0.498481] (indy_moveit) StdoutLine: {'line': b'-- Up-to-date: /root/common/indy-ros2/install/indy_moveit/share/indy_moveit//moveit_config/kinematics.yaml\n'}
[0.498580] (indy_moveit) StdoutLine: {'line': b'-- Up-to-date: /root/common/indy-ros2/install/indy_moveit/share/indy_moveit//rviz_config\n'}
[0.498797] (indy_moveit) StdoutLine: {'line': b'-- Up-to-date: /root/common/indy-ros2/install/indy_moveit/share/indy_moveit//rviz_config/indy_moveit.rviz\n'}
[0.499125] (indy_moveit) StdoutLine: {'line': b'-- Up-to-date: /root/common/indy-ros2/install/indy_moveit/share/indy_moveit//rviz_config/indy_servo.rviz\n'}
[0.499320] (indy_moveit) StdoutLine: {'line': b'-- Up-to-date: /root/common/indy-ros2/install/indy_moveit/share/indy_moveit//srdf\n'}
[0.499558] (indy_moveit) StdoutLine: {'line': b'-- Up-to-date: /root/common/indy-ros2/install/indy_moveit/share/indy_moveit//srdf/indy.srdf.xacro\n'}
[0.499727] (indy_moveit) StdoutLine: {'line': b'-- Up-to-date: /root/common/indy-ros2/install/indy_moveit/share/indy_moveit//srdf/indy_macro.srdf.xacro\n'}
[0.499815] (indy_moveit) StdoutLine: {'line': b'-- Up-to-date: /root/common/indy-ros2/install/indy_moveit/share/indy_moveit/environment/pythonpath.sh\n'}
[0.499916] (indy_moveit) StdoutLine: {'line': b'-- Up-to-date: /root/common/indy-ros2/install/indy_moveit/share/indy_moveit/environment/pythonpath.dsv\n'}
[0.500104] (-) TimerEvent: {}
[0.500217] (indy_moveit) StdoutLine: {'line': b'-- Up-to-date: /root/common/indy-ros2/install/indy_moveit/local/lib/python3.10/dist-packages/indy_moveit-1.0.0-py3.10.egg-info\n'}
[0.500342] (indy_moveit) StdoutLine: {'line': b'-- Installing: /root/common/indy-ros2/install/indy_moveit/local/lib/python3.10/dist-packages/indy_moveit-1.0.0-py3.10.egg-info/SOURCES.txt\n'}
[0.500709] (indy_moveit) StdoutLine: {'line': b'-- Installing: /root/common/indy-ros2/install/indy_moveit/local/lib/python3.10/dist-packages/indy_moveit-1.0.0-py3.10.egg-info/PKG-INFO\n'}
[0.501170] (indy_moveit) StdoutLine: {'line': b'-- Installing: /root/common/indy-ros2/install/indy_moveit/local/lib/python3.10/dist-packages/indy_moveit-1.0.0-py3.10.egg-info/dependency_links.txt\n'}
[0.501784] (indy_moveit) StdoutLine: {'line': b'-- Installing: /root/common/indy-ros2/install/indy_moveit/local/lib/python3.10/dist-packages/indy_moveit-1.0.0-py3.10.egg-info/top_level.txt\n'}
[0.501920] (indy_moveit) StdoutLine: {'line': b'-- Up-to-date: /root/common/indy-ros2/install/indy_moveit/local/lib/python3.10/dist-packages/indy_moveit\n'}
[0.502050] (indy_moveit) StdoutLine: {'line': b'-- Up-to-date: /root/common/indy-ros2/install/indy_moveit/local/lib/python3.10/dist-packages/indy_moveit/__init__.py\n'}
[0.502198] (indy_moveit) StdoutLine: {'line': b'-- Up-to-date: /root/common/indy-ros2/install/indy_moveit/local/lib/python3.10/dist-packages/indy_moveit/launch_common.py\n'}
[0.502329] (indy_driver) StdoutLine: {'line': b'-- Up-to-date: /root/common/indy-ros2/install/indy_driver/share/ament_index/resource_index/package_run_dependencies/indy_driver\n'}
[0.502429] (indy_driver) StdoutLine: {'line': b'-- Up-to-date: /root/common/indy-ros2/install/indy_driver/share/ament_index/resource_index/parent_prefix_path/indy_driver\n'}
[0.502563] (indy_driver) StdoutLine: {'line': b'-- Up-to-date: /root/common/indy-ros2/install/indy_driver/share/indy_driver/environment/ament_prefix_path.sh\n'}
[0.502701] (indy_driver) StdoutLine: {'line': b'-- Up-to-date: /root/common/indy-ros2/install/indy_driver/share/indy_driver/environment/ament_prefix_path.dsv\n'}
[0.502837] (indy_driver) StdoutLine: {'line': b'-- Up-to-date: /root/common/indy-ros2/install/indy_driver/share/indy_driver/environment/path.sh\n'}
[0.502969] (indy_driver) StdoutLine: {'line': b'-- Up-to-date: /root/common/indy-ros2/install/indy_driver/share/indy_driver/environment/path.dsv\n'}
[0.503151] (indy_driver) StdoutLine: {'line': b'-- Up-to-date: /root/common/indy-ros2/install/indy_driver/share/indy_driver/local_setup.bash\n'}
[0.503295] (indy_driver) StdoutLine: {'line': b'-- Up-to-date: /root/common/indy-ros2/install/indy_driver/share/indy_driver/local_setup.sh\n'}
[0.503418] (indy_driver) StdoutLine: {'line': b'-- Up-to-date: /root/common/indy-ros2/install/indy_driver/share/indy_driver/local_setup.zsh\n'}
[0.503540] (indy_driver) StdoutLine: {'line': b'-- Up-to-date: /root/common/indy-ros2/install/indy_driver/share/indy_driver/local_setup.dsv\n'}
[0.503734] (indy_driver) StdoutLine: {'line': b'-- Installing: /root/common/indy-ros2/install/indy_driver/share/indy_driver/package.dsv\n'}
[0.503840] (indy_driver) StdoutLine: {'line': b'-- Up-to-date: /root/common/indy-ros2/install/indy_driver/share/ament_index/resource_index/packages/indy_driver\n'}
[0.503929] (indy_driver) StdoutLine: {'line': b'-- Up-to-date: /root/common/indy-ros2/install/indy_driver/share/indy_driver/cmake/indy_driverConfig.cmake\n'}
[0.504019] (indy_driver) StdoutLine: {'line': b'-- Up-to-date: /root/common/indy-ros2/install/indy_driver/share/indy_driver/cmake/indy_driverConfig-version.cmake\n'}
[0.504153] (indy_driver) StdoutLine: {'line': b'-- Up-to-date: /root/common/indy-ros2/install/indy_driver/share/indy_driver/package.xml\n'}
[0.504287] (indy_driver) CommandEnded: {'returncode': 0}
[0.523574] (indy_moveit) StdoutLine: {'line': b"Listing '/root/common/indy-ros2/install/indy_moveit/local/lib/python3.10/dist-packages/indy_moveit'...\n"}
[0.526814] (indy_moveit) StdoutLine: {'line': b'-- Up-to-date: /root/common/indy-ros2/install/indy_moveit/local/lib/python3.10/dist-packages/launch_common.py\n'}
[0.527944] (indy_driver) JobEnded: {'identifier': 'indy_driver', 'rc': 0}
[0.555360] (indy_moveit) StdoutLine: {'line': b'-- Up-to-date: /root/common/indy-ros2/install/indy_moveit/share/ament_index/resource_index/package_run_dependencies/indy_moveit\n'}
[0.555645] (indy_moveit) StdoutLine: {'line': b'-- Up-to-date: /root/common/indy-ros2/install/indy_moveit/share/ament_index/resource_index/parent_prefix_path/indy_moveit\n'}
[0.555934] (indy_moveit) StdoutLine: {'line': b'-- Up-to-date: /root/common/indy-ros2/install/indy_moveit/share/indy_moveit/environment/ament_prefix_path.sh\n'}
[0.555996] (indy_moveit) StdoutLine: {'line': b'-- Up-to-date: /root/common/indy-ros2/install/indy_moveit/share/indy_moveit/environment/ament_prefix_path.dsv\n'}
[0.556152] (indy_moveit) StdoutLine: {'line': b'-- Up-to-date: /root/common/indy-ros2/install/indy_moveit/share/indy_moveit/environment/path.sh\n'}
[0.556205] (indy_moveit) StdoutLine: {'line': b'-- Up-to-date: /root/common/indy-ros2/install/indy_moveit/share/indy_moveit/environment/path.dsv\n'}
[0.556265] (indy_moveit) StdoutLine: {'line': b'-- Up-to-date: /root/common/indy-ros2/install/indy_moveit/share/indy_moveit/local_setup.bash\n'}
[0.556315] (indy_moveit) StdoutLine: {'line': b'-- Up-to-date: /root/common/indy-ros2/install/indy_moveit/share/indy_moveit/local_setup.sh\n'}
[0.556364] (indy_moveit) StdoutLine: {'line': b'-- Up-to-date: /root/common/indy-ros2/install/indy_moveit/share/indy_moveit/local_setup.zsh\n'}
[0.556414] (indy_moveit) StdoutLine: {'line': b'-- Up-to-date: /root/common/indy-ros2/install/indy_moveit/share/indy_moveit/local_setup.dsv\n'}
[0.556463] (indy_moveit) StdoutLine: {'line': b'-- Installing: /root/common/indy-ros2/install/indy_moveit/share/indy_moveit/package.dsv\n'}
[0.556554] (indy_moveit) StdoutLine: {'line': b'-- Up-to-date: /root/common/indy-ros2/install/indy_moveit/share/ament_index/resource_index/packages/indy_moveit\n'}
[0.556780] (indy_moveit) StdoutLine: {'line': b'-- Up-to-date: /root/common/indy-ros2/install/indy_moveit/share/indy_moveit/cmake/indy_moveitConfig.cmake\n'}
[0.557002] (indy_moveit) StdoutLine: {'line': b'-- Up-to-date: /root/common/indy-ros2/install/indy_moveit/share/indy_moveit/cmake/indy_moveitConfig-version.cmake\n'}
[0.557172] (indy_moveit) StdoutLine: {'line': b'-- Up-to-date: /root/common/indy-ros2/install/indy_moveit/share/indy_moveit/package.xml\n'}
[0.557877] (indy_moveit) CommandEnded: {'returncode': 0}
[0.569251] (indy_interfaces) JobEnded: {'identifier': 'indy_interfaces', 'rc': 0}
[0.579899] (indy_moveit) JobEnded: {'identifier': 'indy_moveit', 'rc': 0}
[0.580777] (-) EventReactorShutdown: {}
