[0.000000] (-) TimerEvent: {}
[0.000093] (indy_description) JobQueued: {'identifier': 'indy_description', 'dependencies': OrderedDict()}
[0.000118] (indy_interfaces) JobQueued: {'identifier': 'indy_interfaces', 'dependencies': OrderedDict()}
[0.000136] (indy_driver) JobQueued: {'identifier': 'indy_driver', 'dependencies': OrderedDict([('indy_description', '/root/common/indy-ros2/install/indy_description')])}
[0.000154] (indy_gazebo) JobQueued: {'identifier': 'indy_gazebo', 'dependencies': OrderedDict([('indy_description', '/root/common/indy-ros2/install/indy_description')])}
[0.000169] (indy_moveit) JobQueued: {'identifier': 'indy_moveit', 'dependencies': OrderedDict([('indy_description', '/root/common/indy-ros2/install/indy_description')])}
[0.000444] (indy_description) JobStarted: {'identifier': 'indy_description'}
[0.013990] (indy_interfaces) JobStarted: {'identifier': 'indy_interfaces'}
[0.018766] (indy_description) JobProgress: {'identifier': 'indy_description', 'progress': 'cmake'}
[0.019218] (indy_description) JobProgress: {'identifier': 'indy_description', 'progress': 'build'}
[0.019780] (indy_description) Command: {'cmd': ['/usr/bin/cmake', '--build', '/root/common/indy-ros2/build/indy_description', '--', '-j12', '-l12'], 'cwd': '/root/common/indy-ros2/build/indy_description', 'env': OrderedDict([('NV_LIBCUBLAS_VERSION', '11.11.3.6-1'), ('NV_CUDA_COMPAT_PACKAGE', 'cuda-compat-11-8'), ('HOSTNAME', 'idim'), ('SHLVL', '1'), ('LD_LIBRARY_PATH', '/usr/lib/x86_64-linux-gnu/gazebo-11/plugins:/opt/ros/humble/opt/rviz_ogre_vendor/lib:/opt/ros/humble/lib/x86_64-linux-gnu:/opt/ros/humble/lib'), ('NV_LIBNCCL_PACKAGE_VERSION', '2.15.5-1'), ('AMENT_CPPCHECK_ALLOW_SLOW_VERSIONS', '1'), ('HOME', '/root'), ('OLDPWD', '/root/ros2_ws/src'), ('ROS_PYTHON_VERSION', '3'), ('PS1', '\\[\x1b[0;33m\\]idim \\W $ \\[\x1b[0m\\]'), ('NV_LIBNPP_PACKAGE', 'libnpp-11-8=11.8.0.86-1'), ('CUDA_VERSION', '11.8.0'), ('COLCON_PREFIX_PATH', '/root/ros2_ws/install:/opt/ros/humble'), ('ROS_DISTRO', 'humble'), ('NV_LIBCUBLAS_PACKAGE_NAME', 'libcublas-11-8'), ('NVIDIA_REQUIRE_CUDA', 'cuda>=11.8 brand=tesla,driver>=470,driver<471 brand=unknown,driver>=470,driver<471 brand=nvidia,driver>=470,driver<471 brand=nvidiartx,driver>=470,driver<471 brand=geforce,driver>=470,driver<471 brand=geforcertx,driver>=470,driver<471 brand=quadro,driver>=470,driver<471 brand=quadrortx,driver>=470,driver<471 brand=titan,driver>=470,driver<471 brand=titanrtx,driver>=470,driver<471'), ('_', '/usr/bin/colcon'), ('ROS_VERSION', '2'), ('NV_LIBCUSPARSE_VERSION', '11.7.5.86-1'), ('NVIDIA_DRIVER_CAPABILITIES', 'graphics,utility,compute'), ('NV_CUDA_LIB_VERSION', '11.8.0-1'), ('NV_LIBNCCL_PACKAGE_NAME', 'libnccl2'), ('TERM', 'xterm'), ('NV_CUDA_CUDART_VERSION', '11.8.89-1'), ('ROS_LOCALHOST_ONLY', '0'), ('QT_X11_NO_MITSHM', '1'), ('PATH', '/opt/ros/humble/bin:/usr/local/nvidia/bin:/usr/local/cuda/bin:/usr/local/sbin:/usr/local/bin:/usr/sbin:/usr/bin:/sbin:/bin'), ('NV_LIBCUBLAS_PACKAGE', 'libcublas-11-8=11.11.3.6-1'), ('NVARCH', 'x86_64'), ('DISPLAY', ':1'), ('NV_LIBNCCL_PACKAGE', 'libnccl2=2.15.5-1+cuda11.8'), ('NVIDIA_PRODUCT_NAME', 'CUDA'), ('LANG', 'en_US.UTF-8'), ('XAUTHORITY', '/tmp/.docker.xauth'), ('LS_COLORS', 'rs=0:di=01;34:ln=01;36:mh=00:pi=40;33:so=01;35:do=01;35:bd=40;33;01:cd=40;33;01:or=40;31;01:mi=00:su=37;41:sg=30;43:ca=30;41:tw=30;42:ow=34;42:st=37;44:ex=01;32:*.tar=01;31:*.tgz=01;31:*.arc=01;31:*.arj=01;31:*.taz=01;31:*.lha=01;31:*.lz4=01;31:*.lzh=01;31:*.lzma=01;31:*.tlz=01;31:*.txz=01;31:*.tzo=01;31:*.t7z=01;31:*.zip=01;31:*.z=01;31:*.dz=01;31:*.gz=01;31:*.lrz=01;31:*.lz=01;31:*.lzo=01;31:*.xz=01;31:*.zst=01;31:*.tzst=01;31:*.bz2=01;31:*.bz=01;31:*.tbz=01;31:*.tbz2=01;31:*.tz=01;31:*.deb=01;31:*.rpm=01;31:*.jar=01;31:*.war=01;31:*.ear=01;31:*.sar=01;31:*.rar=01;31:*.alz=01;31:*.ace=01;31:*.zoo=01;31:*.cpio=01;31:*.7z=01;31:*.rz=01;31:*.cab=01;31:*.wim=01;31:*.swm=01;31:*.dwm=01;31:*.esd=01;31:*.jpg=01;35:*.jpeg=01;35:*.mjpg=01;35:*.mjpeg=01;35:*.gif=01;35:*.bmp=01;35:*.pbm=01;35:*.pgm=01;35:*.ppm=01;35:*.tga=01;35:*.xbm=01;35:*.xpm=01;35:*.tif=01;35:*.tiff=01;35:*.png=01;35:*.svg=01;35:*.svgz=01;35:*.mng=01;35:*.pcx=01;35:*.mov=01;35:*.mpg=01;35:*.mpeg=01;35:*.m2v=01;35:*.mkv=01;35:*.webm=01;35:*.webp=01;35:*.ogm=01;35:*.mp4=01;35:*.m4v=01;35:*.mp4v=01;35:*.vob=01;35:*.qt=01;35:*.nuv=01;35:*.wmv=01;35:*.asf=01;35:*.rm=01;35:*.rmvb=01;35:*.flc=01;35:*.avi=01;35:*.fli=01;35:*.flv=01;35:*.gl=01;35:*.dl=01;35:*.xcf=01;35:*.xwd=01;35:*.yuv=01;35:*.cgm=01;35:*.emf=01;35:*.ogv=01;35:*.ogx=01;35:*.aac=00;36:*.au=00;36:*.flac=00;36:*.m4a=00;36:*.mid=00;36:*.midi=00;36:*.mka=00;36:*.mp3=00;36:*.mpc=00;36:*.ogg=00;36:*.ra=00;36:*.wav=00;36:*.oga=00;36:*.opus=00;36:*.spx=00;36:*.xspf=00;36:'), ('AMENT_PREFIX_PATH', '/opt/ros/humble'), ('DEBIAN_FRONTEND', 'noninteractive'), ('NV_NVTX_VERSION', '11.8.86-1'), ('NV_LIBNPP_VERSION', '11.8.0.86-1'), ('PWD', '/root/common/indy-ros2/build/indy_description'), ('PYTHONPATH', '/opt/ros/humble/local/lib/python3.10/dist-packages:/opt/ros/humble/lib/python3.10/site-packages'), ('NVIDIA_VISIBLE_DEVICES', 'all'), ('NCCL_VERSION', '2.15.5-1'), ('DEBCONF_NOWARNINGS', 'yes'), ('COLCON', '1'), ('CMAKE_PREFIX_PATH', '/opt/ros/humble')]), 'shell': False}
[0.022430] (indy_interfaces) JobProgress: {'identifier': 'indy_interfaces', 'progress': 'cmake'}
[0.023415] (indy_interfaces) JobProgress: {'identifier': 'indy_interfaces', 'progress': 'build'}
[0.023530] (indy_interfaces) Command: {'cmd': ['/usr/bin/cmake', '--build', '/root/common/indy-ros2/build/indy_interfaces', '--', '-j12', '-l12'], 'cwd': '/root/common/indy-ros2/build/indy_interfaces', 'env': OrderedDict([('NV_LIBCUBLAS_VERSION', '11.11.3.6-1'), ('NV_CUDA_COMPAT_PACKAGE', 'cuda-compat-11-8'), ('HOSTNAME', 'idim'), ('SHLVL', '1'), ('LD_LIBRARY_PATH', '/usr/lib/x86_64-linux-gnu/gazebo-11/plugins:/opt/ros/humble/opt/rviz_ogre_vendor/lib:/opt/ros/humble/lib/x86_64-linux-gnu:/opt/ros/humble/lib'), ('NV_LIBNCCL_PACKAGE_VERSION', '2.15.5-1'), ('AMENT_CPPCHECK_ALLOW_SLOW_VERSIONS', '1'), ('HOME', '/root'), ('OLDPWD', '/root/ros2_ws/src'), ('ROS_PYTHON_VERSION', '3'), ('PS1', '\\[\x1b[0;33m\\]idim \\W $ \\[\x1b[0m\\]'), ('NV_LIBNPP_PACKAGE', 'libnpp-11-8=11.8.0.86-1'), ('CUDA_VERSION', '11.8.0'), ('COLCON_PREFIX_PATH', '/root/ros2_ws/install:/opt/ros/humble'), ('ROS_DISTRO', 'humble'), ('NV_LIBCUBLAS_PACKAGE_NAME', 'libcublas-11-8'), ('NVIDIA_REQUIRE_CUDA', 'cuda>=11.8 brand=tesla,driver>=470,driver<471 brand=unknown,driver>=470,driver<471 brand=nvidia,driver>=470,driver<471 brand=nvidiartx,driver>=470,driver<471 brand=geforce,driver>=470,driver<471 brand=geforcertx,driver>=470,driver<471 brand=quadro,driver>=470,driver<471 brand=quadrortx,driver>=470,driver<471 brand=titan,driver>=470,driver<471 brand=titanrtx,driver>=470,driver<471'), ('_', '/usr/bin/colcon'), ('ROS_VERSION', '2'), ('NV_LIBCUSPARSE_VERSION', '11.7.5.86-1'), ('NVIDIA_DRIVER_CAPABILITIES', 'graphics,utility,compute'), ('NV_CUDA_LIB_VERSION', '11.8.0-1'), ('NV_LIBNCCL_PACKAGE_NAME', 'libnccl2'), ('TERM', 'xterm'), ('NV_CUDA_CUDART_VERSION', '11.8.89-1'), ('ROS_LOCALHOST_ONLY', '0'), ('QT_X11_NO_MITSHM', '1'), ('PATH', '/opt/ros/humble/bin:/usr/local/nvidia/bin:/usr/local/cuda/bin:/usr/local/sbin:/usr/local/bin:/usr/sbin:/usr/bin:/sbin:/bin'), ('NV_LIBCUBLAS_PACKAGE', 'libcublas-11-8=11.11.3.6-1'), ('NVARCH', 'x86_64'), ('DISPLAY', ':1'), ('NV_LIBNCCL_PACKAGE', 'libnccl2=2.15.5-1+cuda11.8'), ('NVIDIA_PRODUCT_NAME', 'CUDA'), ('LANG', 'en_US.UTF-8'), ('XAUTHORITY', '/tmp/.docker.xauth'), ('LS_COLORS', 'rs=0:di=01;34:ln=01;36:mh=00:pi=40;33:so=01;35:do=01;35:bd=40;33;01:cd=40;33;01:or=40;31;01:mi=00:su=37;41:sg=30;43:ca=30;41:tw=30;42:ow=34;42:st=37;44:ex=01;32:*.tar=01;31:*.tgz=01;31:*.arc=01;31:*.arj=01;31:*.taz=01;31:*.lha=01;31:*.lz4=01;31:*.lzh=01;31:*.lzma=01;31:*.tlz=01;31:*.txz=01;31:*.tzo=01;31:*.t7z=01;31:*.zip=01;31:*.z=01;31:*.dz=01;31:*.gz=01;31:*.lrz=01;31:*.lz=01;31:*.lzo=01;31:*.xz=01;31:*.zst=01;31:*.tzst=01;31:*.bz2=01;31:*.bz=01;31:*.tbz=01;31:*.tbz2=01;31:*.tz=01;31:*.deb=01;31:*.rpm=01;31:*.jar=01;31:*.war=01;31:*.ear=01;31:*.sar=01;31:*.rar=01;31:*.alz=01;31:*.ace=01;31:*.zoo=01;31:*.cpio=01;31:*.7z=01;31:*.rz=01;31:*.cab=01;31:*.wim=01;31:*.swm=01;31:*.dwm=01;31:*.esd=01;31:*.jpg=01;35:*.jpeg=01;35:*.mjpg=01;35:*.mjpeg=01;35:*.gif=01;35:*.bmp=01;35:*.pbm=01;35:*.pgm=01;35:*.ppm=01;35:*.tga=01;35:*.xbm=01;35:*.xpm=01;35:*.tif=01;35:*.tiff=01;35:*.png=01;35:*.svg=01;35:*.svgz=01;35:*.mng=01;35:*.pcx=01;35:*.mov=01;35:*.mpg=01;35:*.mpeg=01;35:*.m2v=01;35:*.mkv=01;35:*.webm=01;35:*.webp=01;35:*.ogm=01;35:*.mp4=01;35:*.m4v=01;35:*.mp4v=01;35:*.vob=01;35:*.qt=01;35:*.nuv=01;35:*.wmv=01;35:*.asf=01;35:*.rm=01;35:*.rmvb=01;35:*.flc=01;35:*.avi=01;35:*.fli=01;35:*.flv=01;35:*.gl=01;35:*.dl=01;35:*.xcf=01;35:*.xwd=01;35:*.yuv=01;35:*.cgm=01;35:*.emf=01;35:*.ogv=01;35:*.ogx=01;35:*.aac=00;36:*.au=00;36:*.flac=00;36:*.m4a=00;36:*.mid=00;36:*.midi=00;36:*.mka=00;36:*.mp3=00;36:*.mpc=00;36:*.ogg=00;36:*.ra=00;36:*.wav=00;36:*.oga=00;36:*.opus=00;36:*.spx=00;36:*.xspf=00;36:'), ('AMENT_PREFIX_PATH', '/opt/ros/humble'), ('DEBIAN_FRONTEND', 'noninteractive'), ('NV_NVTX_VERSION', '11.8.86-1'), ('NV_LIBNPP_VERSION', '11.8.0.86-1'), ('PWD', '/root/common/indy-ros2/build/indy_interfaces'), ('PYTHONPATH', '/opt/ros/humble/local/lib/python3.10/dist-packages:/opt/ros/humble/lib/python3.10/site-packages'), ('NVIDIA_VISIBLE_DEVICES', 'all'), ('NCCL_VERSION', '2.15.5-1'), ('DEBCONF_NOWARNINGS', 'yes'), ('COLCON', '1'), ('CMAKE_PREFIX_PATH', '/opt/ros/humble')]), 'shell': False}
[0.037346] (indy_description) CommandEnded: {'returncode': 0}
[0.049408] (indy_interfaces) StdoutLine: {'line': b'[  1%] Built target indy_interfaces__cpp\n'}
[0.049867] (indy_interfaces) StdoutLine: {'line': b'[ 12%] Built target indy_interfaces__rosidl_generator_c\n'}
[0.052891] (indy_description) JobProgress: {'identifier': 'indy_description', 'progress': 'install'}
[0.055101] (indy_interfaces) StdoutLine: {'line': b'[ 12%] Built target ament_cmake_python_copy_indy_interfaces\n'}
[0.057333] (indy_description) Command: {'cmd': ['/usr/bin/cmake', '--install', '/root/common/indy-ros2/build/indy_description'], 'cwd': '/root/common/indy-ros2/build/indy_description', 'env': OrderedDict([('NV_LIBCUBLAS_VERSION', '11.11.3.6-1'), ('NV_CUDA_COMPAT_PACKAGE', 'cuda-compat-11-8'), ('HOSTNAME', 'idim'), ('SHLVL', '1'), ('LD_LIBRARY_PATH', '/usr/lib/x86_64-linux-gnu/gazebo-11/plugins:/opt/ros/humble/opt/rviz_ogre_vendor/lib:/opt/ros/humble/lib/x86_64-linux-gnu:/opt/ros/humble/lib'), ('NV_LIBNCCL_PACKAGE_VERSION', '2.15.5-1'), ('AMENT_CPPCHECK_ALLOW_SLOW_VERSIONS', '1'), ('HOME', '/root'), ('OLDPWD', '/root/ros2_ws/src'), ('ROS_PYTHON_VERSION', '3'), ('PS1', '\\[\x1b[0;33m\\]idim \\W $ \\[\x1b[0m\\]'), ('NV_LIBNPP_PACKAGE', 'libnpp-11-8=11.8.0.86-1'), ('CUDA_VERSION', '11.8.0'), ('COLCON_PREFIX_PATH', '/root/ros2_ws/install:/opt/ros/humble'), ('ROS_DISTRO', 'humble'), ('NV_LIBCUBLAS_PACKAGE_NAME', 'libcublas-11-8'), ('NVIDIA_REQUIRE_CUDA', 'cuda>=11.8 brand=tesla,driver>=470,driver<471 brand=unknown,driver>=470,driver<471 brand=nvidia,driver>=470,driver<471 brand=nvidiartx,driver>=470,driver<471 brand=geforce,driver>=470,driver<471 brand=geforcertx,driver>=470,driver<471 brand=quadro,driver>=470,driver<471 brand=quadrortx,driver>=470,driver<471 brand=titan,driver>=470,driver<471 brand=titanrtx,driver>=470,driver<471'), ('_', '/usr/bin/colcon'), ('ROS_VERSION', '2'), ('NV_LIBCUSPARSE_VERSION', '11.7.5.86-1'), ('NVIDIA_DRIVER_CAPABILITIES', 'graphics,utility,compute'), ('NV_CUDA_LIB_VERSION', '11.8.0-1'), ('NV_LIBNCCL_PACKAGE_NAME', 'libnccl2'), ('TERM', 'xterm'), ('NV_CUDA_CUDART_VERSION', '11.8.89-1'), ('ROS_LOCALHOST_ONLY', '0'), ('QT_X11_NO_MITSHM', '1'), ('PATH', '/opt/ros/humble/bin:/usr/local/nvidia/bin:/usr/local/cuda/bin:/usr/local/sbin:/usr/local/bin:/usr/sbin:/usr/bin:/sbin:/bin'), ('NV_LIBCUBLAS_PACKAGE', 'libcublas-11-8=11.11.3.6-1'), ('NVARCH', 'x86_64'), ('DISPLAY', ':1'), ('NV_LIBNCCL_PACKAGE', 'libnccl2=2.15.5-1+cuda11.8'), ('NVIDIA_PRODUCT_NAME', 'CUDA'), ('LANG', 'en_US.UTF-8'), ('XAUTHORITY', '/tmp/.docker.xauth'), ('LS_COLORS', 'rs=0:di=01;34:ln=01;36:mh=00:pi=40;33:so=01;35:do=01;35:bd=40;33;01:cd=40;33;01:or=40;31;01:mi=00:su=37;41:sg=30;43:ca=30;41:tw=30;42:ow=34;42:st=37;44:ex=01;32:*.tar=01;31:*.tgz=01;31:*.arc=01;31:*.arj=01;31:*.taz=01;31:*.lha=01;31:*.lz4=01;31:*.lzh=01;31:*.lzma=01;31:*.tlz=01;31:*.txz=01;31:*.tzo=01;31:*.t7z=01;31:*.zip=01;31:*.z=01;31:*.dz=01;31:*.gz=01;31:*.lrz=01;31:*.lz=01;31:*.lzo=01;31:*.xz=01;31:*.zst=01;31:*.tzst=01;31:*.bz2=01;31:*.bz=01;31:*.tbz=01;31:*.tbz2=01;31:*.tz=01;31:*.deb=01;31:*.rpm=01;31:*.jar=01;31:*.war=01;31:*.ear=01;31:*.sar=01;31:*.rar=01;31:*.alz=01;31:*.ace=01;31:*.zoo=01;31:*.cpio=01;31:*.7z=01;31:*.rz=01;31:*.cab=01;31:*.wim=01;31:*.swm=01;31:*.dwm=01;31:*.esd=01;31:*.jpg=01;35:*.jpeg=01;35:*.mjpg=01;35:*.mjpeg=01;35:*.gif=01;35:*.bmp=01;35:*.pbm=01;35:*.pgm=01;35:*.ppm=01;35:*.tga=01;35:*.xbm=01;35:*.xpm=01;35:*.tif=01;35:*.tiff=01;35:*.png=01;35:*.svg=01;35:*.svgz=01;35:*.mng=01;35:*.pcx=01;35:*.mov=01;35:*.mpg=01;35:*.mpeg=01;35:*.m2v=01;35:*.mkv=01;35:*.webm=01;35:*.webp=01;35:*.ogm=01;35:*.mp4=01;35:*.m4v=01;35:*.mp4v=01;35:*.vob=01;35:*.qt=01;35:*.nuv=01;35:*.wmv=01;35:*.asf=01;35:*.rm=01;35:*.rmvb=01;35:*.flc=01;35:*.avi=01;35:*.fli=01;35:*.flv=01;35:*.gl=01;35:*.dl=01;35:*.xcf=01;35:*.xwd=01;35:*.yuv=01;35:*.cgm=01;35:*.emf=01;35:*.ogv=01;35:*.ogx=01;35:*.aac=00;36:*.au=00;36:*.flac=00;36:*.m4a=00;36:*.mid=00;36:*.midi=00;36:*.mka=00;36:*.mp3=00;36:*.mpc=00;36:*.ogg=00;36:*.ra=00;36:*.wav=00;36:*.oga=00;36:*.opus=00;36:*.spx=00;36:*.xspf=00;36:'), ('AMENT_PREFIX_PATH', '/opt/ros/humble'), ('DEBIAN_FRONTEND', 'noninteractive'), ('NV_NVTX_VERSION', '11.8.86-1'), ('NV_LIBNPP_VERSION', '11.8.0.86-1'), ('PWD', '/root/common/indy-ros2/build/indy_description'), ('PYTHONPATH', '/opt/ros/humble/local/lib/python3.10/dist-packages:/opt/ros/humble/lib/python3.10/site-packages'), ('NVIDIA_VISIBLE_DEVICES', 'all'), ('NCCL_VERSION', '2.15.5-1'), ('DEBCONF_NOWARNINGS', 'yes'), ('COLCON', '1'), ('CMAKE_PREFIX_PATH', '/opt/ros/humble')]), 'shell': False}
[0.060364] (indy_description) StdoutLine: {'line': b'-- Install configuration: ""\n'}
[0.060685] (indy_description) StdoutLine: {'line': b'-- Up-to-date: /root/common/indy-ros2/install/indy_description/share/indy_description//launch\n'}
[0.060873] (indy_description) StdoutLine: {'line': b'-- Up-to-date: /root/common/indy-ros2/install/indy_description/share/indy_description//launch/indy_display.launch.py\n'}
[0.060998] (indy_description) StdoutLine: {'line': b'-- Up-to-date: /root/common/indy-ros2/install/indy_description/share/indy_description//meshes\n'}
[0.061123] (indy_description) StdoutLine: {'line': b'-- Up-to-date: /root/common/indy-ros2/install/indy_description/share/indy_description//meshes/indy12\n'}
[0.061290] (indy_description) StdoutLine: {'line': b'-- Up-to-date: /root/common/indy-ros2/install/indy_description/share/indy_description//meshes/indy12/collision\n'}
[0.061435] (indy_description) StdoutLine: {'line': b'-- Up-to-date: /root/common/indy-ros2/install/indy_description/share/indy_description//meshes/indy12/collision/Indy12_3.stl\n'}
[0.061564] (indy_description) StdoutLine: {'line': b'-- Up-to-date: /root/common/indy-ros2/install/indy_description/share/indy_description//meshes/indy12/collision/Indy12_1.stl\n'}
[0.061689] (indy_description) StdoutLine: {'line': b'-- Up-to-date: /root/common/indy-ros2/install/indy_description/share/indy_description//meshes/indy12/collision/Indy12_0.stl\n'}
[0.061805] (indy_description) StdoutLine: {'line': b'-- Up-to-date: /root/common/indy-ros2/install/indy_description/share/indy_description//meshes/indy12/collision/Indy12_4.stl\n'}
[0.061931] (indy_description) StdoutLine: {'line': b'-- Up-to-date: /root/common/indy-ros2/install/indy_description/share/indy_description//meshes/indy12/collision/Indy12_6.stl\n'}
[0.062188] (indy_description) StdoutLine: {'line': b'-- Up-to-date: /root/common/indy-ros2/install/indy_description/share/indy_description//meshes/indy12/collision/Indy12_2.stl\n'}
[0.062412] (indy_description) StdoutLine: {'line': b'-- Up-to-date: /root/common/indy-ros2/install/indy_description/share/indy_description//meshes/indy12/collision/Indy12_5.stl\n'}
[0.062645] (indy_description) StdoutLine: {'line': b'-- Up-to-date: /root/common/indy-ros2/install/indy_description/share/indy_description//meshes/indy12/visual\n'}
[0.062835] (indy_description) StdoutLine: {'line': b'-- Up-to-date: /root/common/indy-ros2/install/indy_description/share/indy_description//meshes/indy12/visual/Indy12_3.stl\n'}
[0.063092] (indy_description) StdoutLine: {'line': b'-- Up-to-date: /root/common/indy-ros2/install/indy_description/share/indy_description//meshes/indy12/visual/Indy12_1.stl\n'}
[0.063542] (indy_description) StdoutLine: {'line': b'-- Up-to-date: /root/common/indy-ros2/install/indy_description/share/indy_description//meshes/indy12/visual/Indy12_0.stl\n'}
[0.063772] (indy_description) StdoutLine: {'line': b'-- Up-to-date: /root/common/indy-ros2/install/indy_description/share/indy_description//meshes/indy12/visual/Indy12_4.stl\n'}
[0.064028] (indy_description) StdoutLine: {'line': b'-- Up-to-date: /root/common/indy-ros2/install/indy_description/share/indy_description//meshes/indy12/visual/Indy12_6.stl\n'}
[0.064221] (indy_description) StdoutLine: {'line': b'-- Up-to-date: /root/common/indy-ros2/install/indy_description/share/indy_description//meshes/indy12/visual/Indy12_2.stl\n'}
[0.064441] (indy_description) StdoutLine: {'line': b'-- Up-to-date: /root/common/indy-ros2/install/indy_description/share/indy_description//meshes/indy12/visual/Indy12_5.stl\n'}
[0.064641] (indy_description) StdoutLine: {'line': b'-- Up-to-date: /root/common/indy-ros2/install/indy_description/share/indy_description//meshes/indyrp2\n'}
[0.064814] (indy_description) StdoutLine: {'line': b'-- Up-to-date: /root/common/indy-ros2/install/indy_description/share/indy_description//meshes/indyrp2/collision\n'}
[0.065021] (indy_description) StdoutLine: {'line': b'-- Up-to-date: /root/common/indy-ros2/install/indy_description/share/indy_description//meshes/indyrp2/collision/IndyRP2_6.stl\n'}
[0.065373] (indy_description) StdoutLine: {'line': b'-- Up-to-date: /root/common/indy-ros2/install/indy_description/share/indy_description//meshes/indyrp2/collision/IndyRP2_3.stl\n'}
[0.065580] (indy_description) StdoutLine: {'line': b'-- Up-to-date: /root/common/indy-ros2/install/indy_description/share/indy_description//meshes/indyrp2/collision/IndyRP2_0.stl\n'}
[0.065782] (indy_description) StdoutLine: {'line': b'-- Up-to-date: /root/common/indy-ros2/install/indy_description/share/indy_description//meshes/indyrp2/collision/IndyRP2_2.stl\n'}
[0.065995] (indy_description) StdoutLine: {'line': b'-- Up-to-date: /root/common/indy-ros2/install/indy_description/share/indy_description//meshes/indyrp2/collision/IndyRP2_1.stl\n'}
[0.066197] (indy_description) StdoutLine: {'line': b'-- Up-to-date: /root/common/indy-ros2/install/indy_description/share/indy_description//meshes/indyrp2/collision/IndyRP2_5.stl\n'}
[0.066380] (indy_description) StdoutLine: {'line': b'-- Up-to-date: /root/common/indy-ros2/install/indy_description/share/indy_description//meshes/indyrp2/collision/IndyRP2_7.stl\n'}
[0.066599] (indy_description) StdoutLine: {'line': b'-- Up-to-date: /root/common/indy-ros2/install/indy_description/share/indy_description//meshes/indyrp2/collision/IndyRP2_eye_7.stl\n'}
[0.066817] (indy_description) StdoutLine: {'line': b'-- Up-to-date: /root/common/indy-ros2/install/indy_description/share/indy_description//meshes/indyrp2/collision/IndyRP2_4.stl\n'}
[0.067002] (indy_description) StdoutLine: {'line': b'-- Up-to-date: /root/common/indy-ros2/install/indy_description/share/indy_description//meshes/indyrp2/visual\n'}
[0.067188] (indy_description) StdoutLine: {'line': b'-- Up-to-date: /root/common/indy-ros2/install/indy_description/share/indy_description//meshes/indyrp2/visual/IndyRP2_6.stl\n'}
[0.067424] (indy_description) StdoutLine: {'line': b'-- Up-to-date: /root/common/indy-ros2/install/indy_description/share/indy_description//meshes/indyrp2/visual/IndyRP2_3.stl\n'}
[0.067680] (indy_description) StdoutLine: {'line': b'-- Up-to-date: /root/common/indy-ros2/install/indy_description/share/indy_description//meshes/indyrp2/visual/IndyRP2_0.stl\n'}
[0.067898] (indy_description) StdoutLine: {'line': b'-- Up-to-date: /root/common/indy-ros2/install/indy_description/share/indy_description//meshes/indyrp2/visual/IndyRP2_2.stl\n'}
[0.068132] (indy_description) StdoutLine: {'line': b'-- Up-to-date: /root/common/indy-ros2/install/indy_description/share/indy_description//meshes/indyrp2/visual/IndyRP2_1.stl\n'}
[0.068392] (indy_description) StdoutLine: {'line': b'-- Up-to-date: /root/common/indy-ros2/install/indy_description/share/indy_description//meshes/indyrp2/visual/IndyRP2_5.stl\n'}
[0.068626] (indy_description) StdoutLine: {'line': b'-- Up-to-date: /root/common/indy-ros2/install/indy_description/share/indy_description//meshes/indyrp2/visual/IndyRP2_7.stl\n'}
[0.068860] (indy_description) StdoutLine: {'line': b'-- Up-to-date: /root/common/indy-ros2/install/indy_description/share/indy_description//meshes/indyrp2/visual/IndyRP2_eye_7.stl\n'}
[0.069112] (indy_description) StdoutLine: {'line': b'-- Up-to-date: /root/common/indy-ros2/install/indy_description/share/indy_description//meshes/indyrp2/visual/IndyRP2_4.stl\n'}
[0.069348] (indy_description) StdoutLine: {'line': b'-- Up-to-date: /root/common/indy-ros2/install/indy_description/share/indy_description//meshes/opti5\n'}
[0.069475] (indy_description) StdoutLine: {'line': b'-- Up-to-date: /root/common/indy-ros2/install/indy_description/share/indy_description//meshes/opti5/collision\n'}
[0.069638] (indy_description) StdoutLine: {'line': b'-- Up-to-date: /root/common/indy-ros2/install/indy_description/share/indy_description//meshes/opti5/collision/Opti5_5.stl\n'}
[0.069808] (indy_description) StdoutLine: {'line': b'-- Up-to-date: /root/common/indy-ros2/install/indy_description/share/indy_description//meshes/opti5/collision/Opti5_6.stl\n'}
[0.069897] (indy_description) StdoutLine: {'line': b'-- Up-to-date: /root/common/indy-ros2/install/indy_description/share/indy_description//meshes/opti5/collision/Opti5_2.stl\n'}
[0.070047] (indy_description) StdoutLine: {'line': b'-- Up-to-date: /root/common/indy-ros2/install/indy_description/share/indy_description//meshes/opti5/collision/Opti5_3.stl\n'}
[0.070201] (indy_description) StdoutLine: {'line': b'-- Up-to-date: /root/common/indy-ros2/install/indy_description/share/indy_description//meshes/opti5/collision/Opti5_4.stl\n'}
[0.070315] (indy_description) StdoutLine: {'line': b'-- Up-to-date: /root/common/indy-ros2/install/indy_description/share/indy_description//meshes/opti5/collision/Opti5_0.stl\n'}
[0.070427] (indy_description) StdoutLine: {'line': b'-- Up-to-date: /root/common/indy-ros2/install/indy_description/share/indy_description//meshes/opti5/collision/Opti5_1.stl\n'}
[0.070521] (indy_description) StdoutLine: {'line': b'-- Up-to-date: /root/common/indy-ros2/install/indy_description/share/indy_description//meshes/opti5/visual\n'}
[0.070608] (indy_description) StdoutLine: {'line': b'-- Up-to-date: /root/common/indy-ros2/install/indy_description/share/indy_description//meshes/opti5/visual/Opti5_5.stl\n'}
[0.070814] (indy_description) StdoutLine: {'line': b'-- Up-to-date: /root/common/indy-ros2/install/indy_description/share/indy_description//meshes/opti5/visual/Opti5_6.stl\n'}
[0.070915] (indy_description) StdoutLine: {'line': b'-- Up-to-date: /root/common/indy-ros2/install/indy_description/share/indy_description//meshes/opti5/visual/Opti5_2.stl\n'}
[0.071166] (indy_description) StdoutLine: {'line': b'-- Up-to-date: /root/common/indy-ros2/install/indy_description/share/indy_description//meshes/opti5/visual/Opti5_3.stl\n'}
[0.071672] (indy_description) StdoutLine: {'line': b'-- Up-to-date: /root/common/indy-ros2/install/indy_description/share/indy_description//meshes/opti5/visual/Opti5_4.stl\n'}
[0.072014] (indy_description) StdoutLine: {'line': b'-- Up-to-date: /root/common/indy-ros2/install/indy_description/share/indy_description//meshes/opti5/visual/Opti5_0.stl\n'}
[0.072234] (indy_description) StdoutLine: {'line': b'-- Up-to-date: /root/common/indy-ros2/install/indy_description/share/indy_description//meshes/opti5/visual/Opti5_1.stl\n'}
[0.072389] (indy_description) StdoutLine: {'line': b'-- Up-to-date: /root/common/indy-ros2/install/indy_description/share/indy_description//meshes/indy7\n'}
[0.072495] (indy_description) StdoutLine: {'line': b'-- Up-to-date: /root/common/indy-ros2/install/indy_description/share/indy_description//meshes/indy7/collision\n'}
[0.072610] (indy_description) StdoutLine: {'line': b'-- Up-to-date: /root/common/indy-ros2/install/indy_description/share/indy_description//meshes/indy7/collision/Indy7_6.stl\n'}
[0.072811] (indy_description) StdoutLine: {'line': b'-- Up-to-date: /root/common/indy-ros2/install/indy_description/share/indy_description//meshes/indy7/collision/Indy7_2.stl\n'}
[0.072955] (indy_description) StdoutLine: {'line': b'-- Up-to-date: /root/common/indy-ros2/install/indy_description/share/indy_description//meshes/indy7/collision/Indy7_1.stl\n'}
[0.073069] (indy_interfaces) StdoutLine: {'line': b'[ 23%] Built target indy_interfaces__rosidl_typesupport_introspection_cpp\n'}
[0.073295] (indy_description) StdoutLine: {'line': b'-- Up-to-date: /root/common/indy-ros2/install/indy_description/share/indy_description//meshes/indy7/collision/Indy7_3.stl\n'}
[0.073443] (indy_description) StdoutLine: {'line': b'-- Up-to-date: /root/common/indy-ros2/install/indy_description/share/indy_description//meshes/indy7/collision/Indy7_5.stl\n'}
[0.073591] (indy_description) StdoutLine: {'line': b'-- Up-to-date: /root/common/indy-ros2/install/indy_description/share/indy_description//meshes/indy7/collision/Indy7_0.stl\n'}
[0.073779] (indy_description) StdoutLine: {'line': b'-- Up-to-date: /root/common/indy-ros2/install/indy_description/share/indy_description//meshes/indy7/collision/Indy7_4.stl\n'}
[0.073913] (indy_description) StdoutLine: {'line': b'-- Up-to-date: /root/common/indy-ros2/install/indy_description/share/indy_description//meshes/indy7/collision/Indy7_eye_6.stl\n'}
[0.074105] (indy_description) StdoutLine: {'line': b'-- Up-to-date: /root/common/indy-ros2/install/indy_description/share/indy_description//meshes/indy7/visual\n'}
[0.074321] (indy_description) StdoutLine: {'line': b'-- Up-to-date: /root/common/indy-ros2/install/indy_description/share/indy_description//meshes/indy7/visual/Indy7_6.stl\n'}
[0.074448] (indy_description) StdoutLine: {'line': b'-- Up-to-date: /root/common/indy-ros2/install/indy_description/share/indy_description//meshes/indy7/visual/Indy7_2.stl\n'}
[0.074658] (indy_description) StdoutLine: {'line': b'-- Up-to-date: /root/common/indy-ros2/install/indy_description/share/indy_description//meshes/indy7/visual/Indy7_1.stl\n'}
[0.074923] (indy_description) StdoutLine: {'line': b'-- Up-to-date: /root/common/indy-ros2/install/indy_description/share/indy_description//meshes/indy7/visual/Indy7_3.stl\n'}
[0.075311] (indy_description) StdoutLine: {'line': b'-- Up-to-date: /root/common/indy-ros2/install/indy_description/share/indy_description//meshes/indy7/visual/Indy7_5.stl\n'}
[0.075543] (indy_description) StdoutLine: {'line': b'-- Up-to-date: /root/common/indy-ros2/install/indy_description/share/indy_description//meshes/indy7/visual/Indy7_0.stl\n'}
[0.075670] (indy_description) StdoutLine: {'line': b'-- Up-to-date: /root/common/indy-ros2/install/indy_description/share/indy_description//meshes/indy7/visual/Indy7_4.stl\n'}
[0.075776] (indy_description) StdoutLine: {'line': b'-- Up-to-date: /root/common/indy-ros2/install/indy_description/share/indy_description//meshes/indy7/visual/Indy7_eye_6.stl\n'}
[0.075894] (indy_description) StdoutLine: {'line': b'-- Up-to-date: /root/common/indy-ros2/install/indy_description/share/indy_description//meshes/indy7_v2\n'}
[0.075970] (indy_description) StdoutLine: {'line': b'-- Up-to-date: /root/common/indy-ros2/install/indy_description/share/indy_description//meshes/indy7_v2/collision\n'}
[0.076151] (indy_interfaces) StdoutLine: {'line': b'[ 34%] Built target indy_interfaces__rosidl_typesupport_cpp\n'}
[0.076281] (indy_description) StdoutLine: {'line': b'-- Up-to-date: /root/common/indy-ros2/install/indy_description/share/indy_description//meshes/indy7_v2/collision/Indy7_v2_1.stl\n'}
[0.076362] (indy_description) StdoutLine: {'line': b'-- Up-to-date: /root/common/indy-ros2/install/indy_description/share/indy_description//meshes/indy7_v2/collision/Indy7_v2_3.stl\n'}
[0.076490] (indy_description) StdoutLine: {'line': b'-- Up-to-date: /root/common/indy-ros2/install/indy_description/share/indy_description//meshes/indy7_v2/collision/Indy7_v2_eye_6.stl\n'}
[0.076606] (indy_description) StdoutLine: {'line': b'-- Up-to-date: /root/common/indy-ros2/install/indy_description/share/indy_description//meshes/indy7_v2/collision/Indy7_v2_5.stl\n'}
[0.076690] (indy_description) StdoutLine: {'line': b'-- Up-to-date: /root/common/indy-ros2/install/indy_description/share/indy_description//meshes/indy7_v2/collision/Indy7_v2_6.stl\n'}
[0.076853] (indy_description) StdoutLine: {'line': b'-- Up-to-date: /root/common/indy-ros2/install/indy_description/share/indy_description//meshes/indy7_v2/collision/Indy7_v2_2.stl\n'}
[0.076926] (indy_description) StdoutLine: {'line': b'-- Up-to-date: /root/common/indy-ros2/install/indy_description/share/indy_description//meshes/indy7_v2/collision/Indy7_v2_0.stl\n'}
[0.076997] (indy_description) StdoutLine: {'line': b'-- Up-to-date: /root/common/indy-ros2/install/indy_description/share/indy_description//meshes/indy7_v2/collision/Indy7_v2_4.stl\n'}
[0.077052] (indy_description) StdoutLine: {'line': b'-- Up-to-date: /root/common/indy-ros2/install/indy_description/share/indy_description//meshes/indy7_v2/visual\n'}
[0.077135] (indy_description) StdoutLine: {'line': b'-- Up-to-date: /root/common/indy-ros2/install/indy_description/share/indy_description//meshes/indy7_v2/visual/Indy7_v2_1.stl\n'}
[0.077264] (indy_description) StdoutLine: {'line': b'-- Up-to-date: /root/common/indy-ros2/install/indy_description/share/indy_description//meshes/indy7_v2/visual/Indy7_v2_3.stl\n'}
[0.077424] (indy_description) StdoutLine: {'line': b'-- Up-to-date: /root/common/indy-ros2/install/indy_description/share/indy_description//meshes/indy7_v2/visual/Indy7_v2_eye_6.stl\n'}
[0.077526] (indy_description) StdoutLine: {'line': b'-- Up-to-date: /root/common/indy-ros2/install/indy_description/share/indy_description//meshes/indy7_v2/visual/Indy7_v2_5.stl\n'}
[0.077647] (indy_description) StdoutLine: {'line': b'-- Up-to-date: /root/common/indy-ros2/install/indy_description/share/indy_description//meshes/indy7_v2/visual/Indy7_v2_6.stl\n'}
[0.077809] (indy_description) StdoutLine: {'line': b'-- Up-to-date: /root/common/indy-ros2/install/indy_description/share/indy_description//meshes/indy7_v2/visual/Indy7_v2_2.stl\n'}
[0.077931] (indy_description) StdoutLine: {'line': b'-- Up-to-date: /root/common/indy-ros2/install/indy_description/share/indy_description//meshes/indy7_v2/visual/Indy7_v2_0.stl\n'}
[0.078008] (indy_description) StdoutLine: {'line': b'-- Up-to-date: /root/common/indy-ros2/install/indy_description/share/indy_description//meshes/indy7_v2/visual/Indy7_v2_4.stl\n'}
[0.078509] (indy_description) StdoutLine: {'line': b'-- Up-to-date: /root/common/indy-ros2/install/indy_description/share/indy_description//meshes/nuri4s\n'}
[0.078611] (indy_description) StdoutLine: {'line': b'-- Up-to-date: /root/common/indy-ros2/install/indy_description/share/indy_description//meshes/nuri4s/collision\n'}
[0.078714] (indy_description) StdoutLine: {'line': b'-- Up-to-date: /root/common/indy-ros2/install/indy_description/share/indy_description//meshes/nuri4s/collision/Nuri4s_0.stl\n'}
[0.078840] (indy_description) StdoutLine: {'line': b'-- Up-to-date: /root/common/indy-ros2/install/indy_description/share/indy_description//meshes/nuri4s/collision/Nuri4s_5.stl\n'}
[0.078963] (indy_description) StdoutLine: {'line': b'-- Up-to-date: /root/common/indy-ros2/install/indy_description/share/indy_description//meshes/nuri4s/collision/Nuri4s_3.stl\n'}
[0.079063] (indy_description) StdoutLine: {'line': b'-- Up-to-date: /root/common/indy-ros2/install/indy_description/share/indy_description//meshes/nuri4s/collision/Nuri4s_6.stl\n'}
[0.079159] (indy_description) StdoutLine: {'line': b'-- Up-to-date: /root/common/indy-ros2/install/indy_description/share/indy_description//meshes/nuri4s/collision/Nuri4s_4.stl\n'}
[0.079252] (indy_description) StdoutLine: {'line': b'-- Up-to-date: /root/common/indy-ros2/install/indy_description/share/indy_description//meshes/nuri4s/collision/Nuri4s_2.stl\n'}
[0.079350] (indy_description) StdoutLine: {'line': b'-- Up-to-date: /root/common/indy-ros2/install/indy_description/share/indy_description//meshes/nuri4s/collision/Nuri4s_1.stl\n'}
[0.079446] (indy_description) StdoutLine: {'line': b'-- Up-to-date: /root/common/indy-ros2/install/indy_description/share/indy_description//meshes/nuri4s/visual\n'}
[0.079540] (indy_description) StdoutLine: {'line': b'-- Up-to-date: /root/common/indy-ros2/install/indy_description/share/indy_description//meshes/nuri4s/visual/Nuri4s_0.stl\n'}
[0.079672] (indy_description) StdoutLine: {'line': b'-- Up-to-date: /root/common/indy-ros2/install/indy_description/share/indy_description//meshes/nuri4s/visual/Nuri4s_5.stl\n'}
[0.079832] (indy_description) StdoutLine: {'line': b'-- Up-to-date: /root/common/indy-ros2/install/indy_description/share/indy_description//meshes/nuri4s/visual/Nuri4s_3.stl\n'}
[0.079919] (indy_description) StdoutLine: {'line': b'-- Up-to-date: /root/common/indy-ros2/install/indy_description/share/indy_description//meshes/nuri4s/visual/Nuri4s_6.stl\n'}
[0.080003] (indy_description) StdoutLine: {'line': b'-- Up-to-date: /root/common/indy-ros2/install/indy_description/share/indy_description//meshes/nuri4s/visual/Nuri4s_4.stl\n'}
[0.080086] (indy_description) StdoutLine: {'line': b'-- Up-to-date: /root/common/indy-ros2/install/indy_description/share/indy_description//meshes/nuri4s/visual/Nuri4s_2.stl\n'}
[0.080168] (indy_description) StdoutLine: {'line': b'-- Up-to-date: /root/common/indy-ros2/install/indy_description/share/indy_description//meshes/nuri4s/visual/Nuri4s_1.stl\n'}
[0.080246] (indy_description) StdoutLine: {'line': b'-- Up-to-date: /root/common/indy-ros2/install/indy_description/share/indy_description//meshes/nuri20c\n'}
[0.080321] (indy_description) StdoutLine: {'line': b'-- Up-to-date: /root/common/indy-ros2/install/indy_description/share/indy_description//meshes/nuri20c/collision\n'}
[0.080404] (indy_description) StdoutLine: {'line': b'-- Up-to-date: /root/common/indy-ros2/install/indy_description/share/indy_description//meshes/nuri20c/collision/Nuri20c_3.stl\n'}
[0.080492] (indy_description) StdoutLine: {'line': b'-- Up-to-date: /root/common/indy-ros2/install/indy_description/share/indy_description//meshes/nuri20c/collision/Nuri20c_0.stl\n'}
[0.080593] (indy_description) StdoutLine: {'line': b'-- Up-to-date: /root/common/indy-ros2/install/indy_description/share/indy_description//meshes/nuri20c/collision/Nuri20c_2.stl\n'}
[0.080676] (indy_description) StdoutLine: {'line': b'-- Up-to-date: /root/common/indy-ros2/install/indy_description/share/indy_description//meshes/nuri20c/collision/Nuri20c_1.stl\n'}
[0.080765] (indy_description) StdoutLine: {'line': b'-- Up-to-date: /root/common/indy-ros2/install/indy_description/share/indy_description//meshes/nuri20c/collision/Nuri20c_4.stl\n'}
[0.080851] (indy_description) StdoutLine: {'line': b'-- Up-to-date: /root/common/indy-ros2/install/indy_description/share/indy_description//meshes/nuri20c/collision/Nuri20c_6.stl\n'}
[0.080933] (indy_description) StdoutLine: {'line': b'-- Up-to-date: /root/common/indy-ros2/install/indy_description/share/indy_description//meshes/nuri20c/collision/Nuri20c_5.stl\n'}
[0.081010] (indy_description) StdoutLine: {'line': b'-- Up-to-date: /root/common/indy-ros2/install/indy_description/share/indy_description//meshes/nuri20c/visual\n'}
[0.081089] (indy_description) StdoutLine: {'line': b'-- Up-to-date: /root/common/indy-ros2/install/indy_description/share/indy_description//meshes/nuri20c/visual/Nuri20c_3.stl\n'}
[0.081283] (indy_description) StdoutLine: {'line': b'-- Up-to-date: /root/common/indy-ros2/install/indy_description/share/indy_description//meshes/nuri20c/visual/Nuri20c_0.stl\n'}
[0.081392] (indy_description) StdoutLine: {'line': b'-- Up-to-date: /root/common/indy-ros2/install/indy_description/share/indy_description//meshes/nuri20c/visual/Nuri20c_2.stl\n'}
[0.081483] (indy_description) StdoutLine: {'line': b'-- Up-to-date: /root/common/indy-ros2/install/indy_description/share/indy_description//meshes/nuri20c/visual/Nuri20c_1.stl\n'}
[0.081584] (indy_description) StdoutLine: {'line': b'-- Up-to-date: /root/common/indy-ros2/install/indy_description/share/indy_description//meshes/nuri20c/visual/Nuri20c_4.stl\n'}
[0.081679] (indy_description) StdoutLine: {'line': b'-- Up-to-date: /root/common/indy-ros2/install/indy_description/share/indy_description//meshes/nuri20c/visual/Nuri20c_6.stl\n'}
[0.081754] (indy_description) StdoutLine: {'line': b'-- Up-to-date: /root/common/indy-ros2/install/indy_description/share/indy_description//meshes/nuri20c/visual/Nuri20c_5.stl\n'}
[0.081841] (indy_description) StdoutLine: {'line': b'-- Up-to-date: /root/common/indy-ros2/install/indy_description/share/indy_description//meshes/indyrp2_v2\n'}
[0.081916] (indy_description) StdoutLine: {'line': b'-- Up-to-date: /root/common/indy-ros2/install/indy_description/share/indy_description//meshes/indyrp2_v2/collision\n'}
[0.081994] (indy_description) StdoutLine: {'line': b'-- Up-to-date: /root/common/indy-ros2/install/indy_description/share/indy_description//meshes/indyrp2_v2/collision/IndyRP2_v2_2.stl\n'}
[0.082070] (indy_description) StdoutLine: {'line': b'-- Up-to-date: /root/common/indy-ros2/install/indy_description/share/indy_description//meshes/indyrp2_v2/collision/IndyRP2_v2_5.stl\n'}
[0.082158] (indy_description) StdoutLine: {'line': b'-- Up-to-date: /root/common/indy-ros2/install/indy_description/share/indy_description//meshes/indyrp2_v2/collision/IndyRP2_v2_7.stl\n'}
[0.082236] (indy_description) StdoutLine: {'line': b'-- Up-to-date: /root/common/indy-ros2/install/indy_description/share/indy_description//meshes/indyrp2_v2/collision/IndyRP2_v2_0.stl\n'}
[0.082318] (indy_description) StdoutLine: {'line': b'-- Up-to-date: /root/common/indy-ros2/install/indy_description/share/indy_description//meshes/indyrp2_v2/collision/IndyRP2_v2_3.stl\n'}
[0.082404] (indy_interfaces) StdoutLine: {'line': b'[ 45%] Built target indy_interfaces__rosidl_typesupport_fastrtps_cpp\n'}
[0.082491] (indy_description) StdoutLine: {'line': b'-- Up-to-date: /root/common/indy-ros2/install/indy_description/share/indy_description//meshes/indyrp2_v2/collision/IndyRP2_v2_4.stl\n'}
[0.082572] (indy_description) StdoutLine: {'line': b'-- Up-to-date: /root/common/indy-ros2/install/indy_description/share/indy_description//meshes/indyrp2_v2/collision/IndyRP2_v2_6.stl\n'}
[0.082652] (indy_description) StdoutLine: {'line': b'-- Up-to-date: /root/common/indy-ros2/install/indy_description/share/indy_description//meshes/indyrp2_v2/collision/IndyRP2_v2_eye_7.stl\n'}
[0.082727] (indy_description) StdoutLine: {'line': b'-- Up-to-date: /root/common/indy-ros2/install/indy_description/share/indy_description//meshes/indyrp2_v2/collision/IndyRP2_v2_1.stl\n'}
[0.082803] (indy_description) StdoutLine: {'line': b'-- Up-to-date: /root/common/indy-ros2/install/indy_description/share/indy_description//meshes/indyrp2_v2/visual\n'}
[0.082878] (indy_description) StdoutLine: {'line': b'-- Up-to-date: /root/common/indy-ros2/install/indy_description/share/indy_description//meshes/indyrp2_v2/visual/IndyRP2_v2_2.stl\n'}
[0.082956] (indy_description) StdoutLine: {'line': b'-- Up-to-date: /root/common/indy-ros2/install/indy_description/share/indy_description//meshes/indyrp2_v2/visual/IndyRP2_v2_5.stl\n'}
[0.083030] (indy_description) StdoutLine: {'line': b'-- Up-to-date: /root/common/indy-ros2/install/indy_description/share/indy_description//meshes/indyrp2_v2/visual/IndyRP2_v2_7.stl\n'}
[0.083105] (indy_description) StdoutLine: {'line': b'-- Up-to-date: /root/common/indy-ros2/install/indy_description/share/indy_description//meshes/indyrp2_v2/visual/IndyRP2_v2_0.stl\n'}
[0.083221] (indy_description) StdoutLine: {'line': b'-- Up-to-date: /root/common/indy-ros2/install/indy_description/share/indy_description//meshes/indyrp2_v2/visual/IndyRP2_v2_3.stl\n'}
[0.083294] (indy_description) StdoutLine: {'line': b'-- Up-to-date: /root/common/indy-ros2/install/indy_description/share/indy_description//meshes/indyrp2_v2/visual/IndyRP2_v2_4.stl\n'}
[0.083370] (indy_description) StdoutLine: {'line': b'-- Up-to-date: /root/common/indy-ros2/install/indy_description/share/indy_description//meshes/indyrp2_v2/visual/IndyRP2_v2_6.stl\n'}
[0.083448] (indy_description) StdoutLine: {'line': b'-- Up-to-date: /root/common/indy-ros2/install/indy_description/share/indy_description//meshes/indyrp2_v2/visual/IndyRP2_v2_eye_7.stl\n'}
[0.083523] (indy_description) StdoutLine: {'line': b'-- Up-to-date: /root/common/indy-ros2/install/indy_description/share/indy_description//meshes/indyrp2_v2/visual/IndyRP2_v2_1.stl\n'}
[0.083635] (indy_description) StdoutLine: {'line': b'-- Up-to-date: /root/common/indy-ros2/install/indy_description/share/indy_description//meshes/icon3\n'}
[0.083799] (indy_description) StdoutLine: {'line': b'-- Up-to-date: /root/common/indy-ros2/install/indy_description/share/indy_description//meshes/icon3/collision\n'}
[0.083961] (indy_description) StdoutLine: {'line': b'-- Up-to-date: /root/common/indy-ros2/install/indy_description/share/indy_description//meshes/icon3/collision/ICoN3_2.stl\n'}
[0.084140] (indy_description) StdoutLine: {'line': b'-- Up-to-date: /root/common/indy-ros2/install/indy_description/share/indy_description//meshes/icon3/collision/ICoN3_0.stl\n'}
[0.084288] (indy_description) StdoutLine: {'line': b'-- Up-to-date: /root/common/indy-ros2/install/indy_description/share/indy_description//meshes/icon3/collision/ICoN3_6.stl\n'}
[0.084424] (indy_description) StdoutLine: {'line': b'-- Up-to-date: /root/common/indy-ros2/install/indy_description/share/indy_description//meshes/icon3/collision/ICoN3_1.stl\n'}
[0.084564] (indy_description) StdoutLine: {'line': b'-- Up-to-date: /root/common/indy-ros2/install/indy_description/share/indy_description//meshes/icon3/collision/ICoN3_3.stl\n'}
[0.084708] (indy_description) StdoutLine: {'line': b'-- Up-to-date: /root/common/indy-ros2/install/indy_description/share/indy_description//meshes/icon3/collision/ICoN3_5.stl\n'}
[0.084835] (indy_description) StdoutLine: {'line': b'-- Up-to-date: /root/common/indy-ros2/install/indy_description/share/indy_description//meshes/icon3/collision/ICoN3_4.stl\n'}
[0.084965] (indy_description) StdoutLine: {'line': b'-- Up-to-date: /root/common/indy-ros2/install/indy_description/share/indy_description//meshes/icon3/visual\n'}
[0.085063] (indy_description) StdoutLine: {'line': b'-- Up-to-date: /root/common/indy-ros2/install/indy_description/share/indy_description//meshes/icon3/visual/ICoN3_2.stl\n'}
[0.085157] (indy_description) StdoutLine: {'line': b'-- Up-to-date: /root/common/indy-ros2/install/indy_description/share/indy_description//meshes/icon3/visual/ICoN3_0.stl\n'}
[0.085233] (indy_description) StdoutLine: {'line': b'-- Up-to-date: /root/common/indy-ros2/install/indy_description/share/indy_description//meshes/icon3/visual/ICoN3_6.stl\n'}
[0.085321] (indy_description) StdoutLine: {'line': b'-- Up-to-date: /root/common/indy-ros2/install/indy_description/share/indy_description//meshes/icon3/visual/ICoN3_1.stl\n'}
[0.085404] (indy_description) StdoutLine: {'line': b'-- Up-to-date: /root/common/indy-ros2/install/indy_description/share/indy_description//meshes/icon3/visual/ICoN3_3.stl\n'}
[0.085478] (indy_description) StdoutLine: {'line': b'-- Up-to-date: /root/common/indy-ros2/install/indy_description/share/indy_description//meshes/icon3/visual/ICoN3_5.stl\n'}
[0.085555] (indy_description) StdoutLine: {'line': b'-- Up-to-date: /root/common/indy-ros2/install/indy_description/share/indy_description//meshes/icon3/visual/ICoN3_4.stl\n'}
[0.085633] (indy_description) StdoutLine: {'line': b'-- Up-to-date: /root/common/indy-ros2/install/indy_description/share/indy_description//meshes/nuri3s\n'}
[0.085703] (indy_description) StdoutLine: {'line': b'-- Up-to-date: /root/common/indy-ros2/install/indy_description/share/indy_description//meshes/nuri3s/collision\n'}
[0.085784] (indy_description) StdoutLine: {'line': b'-- Up-to-date: /root/common/indy-ros2/install/indy_description/share/indy_description//meshes/nuri3s/collision/Nuri3s_0.stl\n'}
[0.085861] (indy_description) StdoutLine: {'line': b'-- Up-to-date: /root/common/indy-ros2/install/indy_description/share/indy_description//meshes/nuri3s/collision/Nuri3s_1.stl\n'}
[0.085936] (indy_description) StdoutLine: {'line': b'-- Up-to-date: /root/common/indy-ros2/install/indy_description/share/indy_description//meshes/nuri3s/collision/Nuri3s_6.stl\n'}
[0.086015] (indy_description) StdoutLine: {'line': b'-- Up-to-date: /root/common/indy-ros2/install/indy_description/share/indy_description//meshes/nuri3s/collision/Nuri3s_5.stl\n'}
[0.086089] (indy_description) StdoutLine: {'line': b'-- Up-to-date: /root/common/indy-ros2/install/indy_description/share/indy_description//meshes/nuri3s/collision/Nuri3s_3.stl\n'}
[0.086211] (indy_description) StdoutLine: {'line': b'-- Up-to-date: /root/common/indy-ros2/install/indy_description/share/indy_description//meshes/nuri3s/collision/Nuri3s_4.stl\n'}
[0.086285] (indy_description) StdoutLine: {'line': b'-- Up-to-date: /root/common/indy-ros2/install/indy_description/share/indy_description//meshes/nuri3s/collision/Nuri3s_2.stl\n'}
[0.086357] (indy_description) StdoutLine: {'line': b'-- Up-to-date: /root/common/indy-ros2/install/indy_description/share/indy_description//meshes/nuri3s/visual\n'}
[0.086440] (indy_description) StdoutLine: {'line': b'-- Up-to-date: /root/common/indy-ros2/install/indy_description/share/indy_description//meshes/nuri3s/visual/Nuri3s_0.stl\n'}
[0.086517] (indy_description) StdoutLine: {'line': b'-- Up-to-date: /root/common/indy-ros2/install/indy_description/share/indy_description//meshes/nuri3s/visual/Nuri3s_1.stl\n'}
[0.086588] (indy_description) StdoutLine: {'line': b'-- Up-to-date: /root/common/indy-ros2/install/indy_description/share/indy_description//meshes/nuri3s/visual/Nuri3s_6.stl\n'}
[0.086666] (indy_description) StdoutLine: {'line': b'-- Up-to-date: /root/common/indy-ros2/install/indy_description/share/indy_description//meshes/nuri3s/visual/Nuri3s_5.stl\n'}
[0.086745] (indy_description) StdoutLine: {'line': b'-- Up-to-date: /root/common/indy-ros2/install/indy_description/share/indy_description//meshes/nuri3s/visual/Nuri3s_3.stl\n'}
[0.086822] (indy_description) StdoutLine: {'line': b'-- Up-to-date: /root/common/indy-ros2/install/indy_description/share/indy_description//meshes/nuri3s/visual/Nuri3s_4.stl\n'}
[0.086893] (indy_description) StdoutLine: {'line': b'-- Up-to-date: /root/common/indy-ros2/install/indy_description/share/indy_description//meshes/nuri3s/visual/Nuri3s_2.stl\n'}
[0.086969] (indy_description) StdoutLine: {'line': b'-- Up-to-date: /root/common/indy-ros2/install/indy_description/share/indy_description//meshes/nuri7c\n'}
[0.087045] (indy_description) StdoutLine: {'line': b'-- Up-to-date: /root/common/indy-ros2/install/indy_description/share/indy_description//meshes/nuri7c/collision\n'}
[0.087117] (indy_description) StdoutLine: {'line': b'-- Up-to-date: /root/common/indy-ros2/install/indy_description/share/indy_description//meshes/nuri7c/collision/Nuri7c_5.stl\n'}
[0.087189] (indy_description) StdoutLine: {'line': b'-- Up-to-date: /root/common/indy-ros2/install/indy_description/share/indy_description//meshes/nuri7c/collision/Nuri7c_2.stl\n'}
[0.087260] (indy_description) StdoutLine: {'line': b'-- Up-to-date: /root/common/indy-ros2/install/indy_description/share/indy_description//meshes/nuri7c/collision/Nuri7c_4.stl\n'}
[0.087339] (indy_description) StdoutLine: {'line': b'-- Up-to-date: /root/common/indy-ros2/install/indy_description/share/indy_description//meshes/nuri7c/collision/Nuri7c_0.stl\n'}
[0.087411] (indy_description) StdoutLine: {'line': b'-- Up-to-date: /root/common/indy-ros2/install/indy_description/share/indy_description//meshes/nuri7c/collision/Nuri7c_3.stl\n'}
[0.087487] (indy_description) StdoutLine: {'line': b'-- Up-to-date: /root/common/indy-ros2/install/indy_description/share/indy_description//meshes/nuri7c/collision/Nuri7c_6.stl\n'}
[0.087558] (indy_description) StdoutLine: {'line': b'-- Up-to-date: /root/common/indy-ros2/install/indy_description/share/indy_description//meshes/nuri7c/collision/Nuri7c_1.stl\n'}
[0.087635] (indy_description) StdoutLine: {'line': b'-- Up-to-date: /root/common/indy-ros2/install/indy_description/share/indy_description//meshes/nuri7c/visual\n'}
[0.087705] (indy_description) StdoutLine: {'line': b'-- Up-to-date: /root/common/indy-ros2/install/indy_description/share/indy_description//meshes/nuri7c/visual/Nuri7c_5.stl\n'}
[0.088417] (indy_description) StdoutLine: {'line': b'-- Up-to-date: /root/common/indy-ros2/install/indy_description/share/indy_description//meshes/nuri7c/visual/Nuri7c_2.stl\n'}
[0.088842] (indy_description) StdoutLine: {'line': b'-- Up-to-date: /root/common/indy-ros2/install/indy_description/share/indy_description//meshes/nuri7c/visual/Nuri7c_4.stl\n'}
[0.088942] (indy_description) StdoutLine: {'line': b'-- Up-to-date: /root/common/indy-ros2/install/indy_description/share/indy_description//meshes/nuri7c/visual/Nuri7c_0.stl\n'}
[0.089038] (indy_description) StdoutLine: {'line': b'-- Up-to-date: /root/common/indy-ros2/install/indy_description/share/indy_description//meshes/nuri7c/visual/Nuri7c_3.stl\n'}
[0.089204] (indy_description) StdoutLine: {'line': b'-- Up-to-date: /root/common/indy-ros2/install/indy_description/share/indy_description//meshes/nuri7c/visual/Nuri7c_6.stl\n'}
[0.089291] (indy_description) StdoutLine: {'line': b'-- Up-to-date: /root/common/indy-ros2/install/indy_description/share/indy_description//meshes/nuri7c/visual/Nuri7c_1.stl\n'}
[0.089624] (indy_description) StdoutLine: {'line': b'-- Up-to-date: /root/common/indy-ros2/install/indy_description/share/indy_description//meshes/indy12_v2\n'}
[0.089701] (indy_description) StdoutLine: {'line': b'-- Up-to-date: /root/common/indy-ros2/install/indy_description/share/indy_description//meshes/indy12_v2/collision\n'}
[0.089794] (indy_description) StdoutLine: {'line': b'-- Up-to-date: /root/common/indy-ros2/install/indy_description/share/indy_description//meshes/indy12_v2/collision/Indy12_v2_3.stl\n'}
[0.090161] (indy_description) StdoutLine: {'line': b'-- Up-to-date: /root/common/indy-ros2/install/indy_description/share/indy_description//meshes/indy12_v2/collision/Indy12_v2_6.stl\n'}
[0.090380] (indy_description) StdoutLine: {'line': b'-- Up-to-date: /root/common/indy-ros2/install/indy_description/share/indy_description//meshes/indy12_v2/collision/Indy12_v2_5.stl\n'}
[0.090551] (indy_description) StdoutLine: {'line': b'-- Up-to-date: /root/common/indy-ros2/install/indy_description/share/indy_description//meshes/indy12_v2/collision/Indy12_v2_4.stl\n'}
[0.090678] (indy_description) StdoutLine: {'line': b'-- Up-to-date: /root/common/indy-ros2/install/indy_description/share/indy_description//meshes/indy12_v2/collision/Indy12_v2_1.stl\n'}
[0.090754] (indy_description) StdoutLine: {'line': b'-- Up-to-date: /root/common/indy-ros2/install/indy_description/share/indy_description//meshes/indy12_v2/collision/Indy12_v2_0.stl\n'}
[0.092057] (indy_description) StdoutLine: {'line': b'-- Up-to-date: /root/common/indy-ros2/install/indy_description/share/indy_description//meshes/indy12_v2/collision/Indy12_v2_2.stl\n'}
[0.092930] (indy_description) StdoutLine: {'line': b'-- Up-to-date: /root/common/indy-ros2/install/indy_description/share/indy_description//meshes/indy12_v2/visual\n'}
[0.093593] (indy_description) StdoutLine: {'line': b'-- Up-to-date: /root/common/indy-ros2/install/indy_description/share/indy_description//meshes/indy12_v2/visual/Indy12_v2_3.stl\n'}
[0.093722] (indy_description) StdoutLine: {'line': b'-- Up-to-date: /root/common/indy-ros2/install/indy_description/share/indy_description//meshes/indy12_v2/visual/Indy12_v2_6.stl\n'}
[0.093926] (indy_description) StdoutLine: {'line': b'-- Up-to-date: /root/common/indy-ros2/install/indy_description/share/indy_description//meshes/indy12_v2/visual/Indy12_v2_5.stl\n'}
[0.094041] (indy_description) StdoutLine: {'line': b'-- Up-to-date: /root/common/indy-ros2/install/indy_description/share/indy_description//meshes/indy12_v2/visual/Indy12_v2_4.stl\n'}
[0.094481] (indy_description) StdoutLine: {'line': b'-- Up-to-date: /root/common/indy-ros2/install/indy_description/share/indy_description//meshes/indy12_v2/visual/Indy12_v2_1.stl\n'}
[0.094606] (indy_description) StdoutLine: {'line': b'-- Up-to-date: /root/common/indy-ros2/install/indy_description/share/indy_description//meshes/indy12_v2/visual/Indy12_v2_0.stl\n'}
[0.094817] (indy_description) StdoutLine: {'line': b'-- Up-to-date: /root/common/indy-ros2/install/indy_description/share/indy_description//meshes/indy12_v2/visual/Indy12_v2_2.stl\n'}
[0.094938] (indy_description) StdoutLine: {'line': b'-- Up-to-date: /root/common/indy-ros2/install/indy_description/share/indy_description//meshes/dual_icon3\n'}
[0.095419] (indy_description) StdoutLine: {'line': b'-- Up-to-date: /root/common/indy-ros2/install/indy_description/share/indy_description//meshes/dual_icon3/collision\n'}
[0.095508] (indy_description) StdoutLine: {'line': b'-- Up-to-date: /root/common/indy-ros2/install/indy_description/share/indy_description//meshes/dual_icon3/collision/Body_base.stl\n'}
[0.095672] (indy_description) StdoutLine: {'line': b'-- Up-to-date: /root/common/indy-ros2/install/indy_description/share/indy_description//meshes/dual_icon3/collision/Body_cover.stl\n'}
[0.095801] (indy_description) StdoutLine: {'line': b'-- Up-to-date: /root/common/indy-ros2/install/indy_description/share/indy_description//meshes/dual_icon3/collision/Body_frame.stl\n'}
[0.096218] (indy_description) StdoutLine: {'line': b'-- Up-to-date: /root/common/indy-ros2/install/indy_description/share/indy_description//meshes/dual_icon3/visual\n'}
[0.096311] (indy_description) StdoutLine: {'line': b'-- Up-to-date: /root/common/indy-ros2/install/indy_description/share/indy_description//meshes/dual_icon3/visual/Body_base.stl\n'}
[0.096404] (indy_description) StdoutLine: {'line': b'-- Up-to-date: /root/common/indy-ros2/install/indy_description/share/indy_description//meshes/dual_icon3/visual/Body_cover.stl\n'}
[0.096569] (indy_description) StdoutLine: {'line': b'-- Up-to-date: /root/common/indy-ros2/install/indy_description/share/indy_description//meshes/dual_icon3/visual/Body_frame.stl\n'}
[0.096662] (indy_description) StdoutLine: {'line': b'-- Up-to-date: /root/common/indy-ros2/install/indy_description/share/indy_description//meshes/icon7l\n'}
[0.097043] (indy_description) StdoutLine: {'line': b'-- Up-to-date: /root/common/indy-ros2/install/indy_description/share/indy_description//meshes/icon7l/collision\n'}
[0.097139] (indy_description) StdoutLine: {'line': b'-- Up-to-date: /root/common/indy-ros2/install/indy_description/share/indy_description//meshes/icon7l/collision/ICoN7L_3.stl\n'}
[0.097363] (indy_description) StdoutLine: {'line': b'-- Up-to-date: /root/common/indy-ros2/install/indy_description/share/indy_description//meshes/icon7l/collision/ICoN7L_1.stl\n'}
[0.097498] (indy_description) StdoutLine: {'line': b'-- Up-to-date: /root/common/indy-ros2/install/indy_description/share/indy_description//meshes/icon7l/collision/ICoN7L_2.stl\n'}
[0.097584] (indy_description) StdoutLine: {'line': b'-- Up-to-date: /root/common/indy-ros2/install/indy_description/share/indy_description//meshes/icon7l/collision/ICoN7L_0.stl\n'}
[0.097786] (indy_description) StdoutLine: {'line': b'-- Up-to-date: /root/common/indy-ros2/install/indy_description/share/indy_description//meshes/icon7l/collision/ICoN7L_4.stl\n'}
[0.098162] (indy_description) StdoutLine: {'line': b'-- Up-to-date: /root/common/indy-ros2/install/indy_description/share/indy_description//meshes/icon7l/collision/ICoN7L_5.stl\n'}
[0.098652] (indy_description) StdoutLine: {'line': b'-- Up-to-date: /root/common/indy-ros2/install/indy_description/share/indy_description//meshes/icon7l/collision/ICoN7L_6.stl\n'}
[0.098896] (indy_description) StdoutLine: {'line': b'-- Up-to-date: /root/common/indy-ros2/install/indy_description/share/indy_description//meshes/icon7l/visual\n'}
[0.098978] (indy_description) StdoutLine: {'line': b'-- Up-to-date: /root/common/indy-ros2/install/indy_description/share/indy_description//meshes/icon7l/visual/ICoN7L_3.stl\n'}
[0.099050] (indy_description) StdoutLine: {'line': b'-- Up-to-date: /root/common/indy-ros2/install/indy_description/share/indy_description//meshes/icon7l/visual/ICoN7L_1.stl\n'}
[0.099103] (indy_description) StdoutLine: {'line': b'-- Up-to-date: /root/common/indy-ros2/install/indy_description/share/indy_description//meshes/icon7l/visual/ICoN7L_2.stl\n'}
[0.099158] (indy_description) StdoutLine: {'line': b'-- Up-to-date: /root/common/indy-ros2/install/indy_description/share/indy_description//meshes/icon7l/visual/ICoN7L_0.stl\n'}
[0.099209] (indy_description) StdoutLine: {'line': b'-- Up-to-date: /root/common/indy-ros2/install/indy_description/share/indy_description//meshes/icon7l/visual/ICoN7L_4.stl\n'}
[0.099259] (indy_description) StdoutLine: {'line': b'-- Up-to-date: /root/common/indy-ros2/install/indy_description/share/indy_description//meshes/icon7l/visual/ICoN7L_5.stl\n'}
[0.099308] (indy_description) StdoutLine: {'line': b'-- Up-to-date: /root/common/indy-ros2/install/indy_description/share/indy_description//meshes/icon7l/visual/ICoN7L_6.stl\n'}
[0.099358] (indy_description) StdoutLine: {'line': b'-- Up-to-date: /root/common/indy-ros2/install/indy_description/share/indy_description//rviz_config\n'}
[0.099408] (indy_description) StdoutLine: {'line': b'-- Up-to-date: /root/common/indy-ros2/install/indy_description/share/indy_description//rviz_config/indy.rviz\n'}
[0.099457] (indy_description) StdoutLine: {'line': b'-- Up-to-date: /root/common/indy-ros2/install/indy_description/share/indy_description//urdf\n'}
[0.099508] (-) TimerEvent: {}
[0.099583] (indy_description) StdoutLine: {'line': b'-- Up-to-date: /root/common/indy-ros2/install/indy_description/share/indy_description//urdf/generate_all_urdfs.sh\n'}
[0.099690] (indy_description) StdoutLine: {'line': b'-- Up-to-date: /root/common/indy-ros2/install/indy_description/share/indy_description//urdf/indy.urdf.xacro\n'}
[0.099780] (indy_description) StdoutLine: {'line': b'-- Up-to-date: /root/common/indy-ros2/install/indy_description/share/indy_description//urdf/indy_macro.xacro\n'}
[0.099842] (indy_description) StdoutLine: {'line': b'-- Up-to-date: /root/common/indy-ros2/install/indy_description/share/indy_description//urdf/indy.ros2_control.xacro\n'}
[0.099893] (indy_description) StdoutLine: {'line': b'-- Up-to-date: /root/common/indy-ros2/install/indy_description/share/indy_description//urdf/materials.xacro\n'}
[0.099943] (indy_description) StdoutLine: {'line': b'-- Up-to-date: /root/common/indy-ros2/install/indy_description/share/indy_description//urdf/indy_common.xacro\n'}
[0.099992] (indy_description) StdoutLine: {'line': b'-- Up-to-date: /root/common/indy-ros2/install/indy_description/share/indy_description//urdf/indy_transmissions.xacro\n'}
[0.100042] (indy_description) StdoutLine: {'line': b'-- Up-to-date: /root/common/indy-ros2/install/indy_description/share/indy_description//urdf/config\n'}
[0.100091] (indy_description) StdoutLine: {'line': b'-- Up-to-date: /root/common/indy-ros2/install/indy_description/share/indy_description//urdf/config/indy12\n'}
[0.100140] (indy_description) StdoutLine: {'line': b'-- Up-to-date: /root/common/indy-ros2/install/indy_description/share/indy_description//urdf/config/indy12/visual_parameters.yaml\n'}
[0.100190] (indy_description) StdoutLine: {'line': b'-- Up-to-date: /root/common/indy-ros2/install/indy_description/share/indy_description//urdf/config/indy12/physical_parameters.yaml\n'}
[0.100239] (indy_description) StdoutLine: {'line': b'-- Up-to-date: /root/common/indy-ros2/install/indy_description/share/indy_description//urdf/config/indy12/joint_axes.yaml\n'}
[0.100287] (indy_description) StdoutLine: {'line': b'-- Up-to-date: /root/common/indy-ros2/install/indy_description/share/indy_description//urdf/config/indy12/kinematics.yaml\n'}
[0.100336] (indy_description) StdoutLine: {'line': b'-- Up-to-date: /root/common/indy-ros2/install/indy_description/share/indy_description//urdf/config/indy12/joint_limits.yaml\n'}
[0.100384] (indy_description) StdoutLine: {'line': b'-- Up-to-date: /root/common/indy-ros2/install/indy_description/share/indy_description//urdf/config/indyrp2\n'}
[0.100433] (indy_description) StdoutLine: {'line': b'-- Up-to-date: /root/common/indy-ros2/install/indy_description/share/indy_description//urdf/config/indyrp2/visual_parameters.yaml\n'}
[0.100487] (indy_description) StdoutLine: {'line': b'-- Up-to-date: /root/common/indy-ros2/install/indy_description/share/indy_description//urdf/config/indyrp2/physical_parameters.yaml\n'}
[0.100536] (indy_description) StdoutLine: {'line': b'-- Up-to-date: /root/common/indy-ros2/install/indy_description/share/indy_description//urdf/config/indyrp2/joint_axes.yaml\n'}
[0.100585] (indy_description) StdoutLine: {'line': b'-- Up-to-date: /root/common/indy-ros2/install/indy_description/share/indy_description//urdf/config/indyrp2/kinematics.yaml\n'}
[0.100633] (indy_description) StdoutLine: {'line': b'-- Up-to-date: /root/common/indy-ros2/install/indy_description/share/indy_description//urdf/config/indyrp2/joint_limits.yaml\n'}
[0.100682] (indy_description) StdoutLine: {'line': b'-- Up-to-date: /root/common/indy-ros2/install/indy_description/share/indy_description//urdf/config/opti5\n'}
[0.100731] (indy_description) StdoutLine: {'line': b'-- Up-to-date: /root/common/indy-ros2/install/indy_description/share/indy_description//urdf/config/opti5/visual_parameters.yaml\n'}
[0.100780] (indy_description) StdoutLine: {'line': b'-- Up-to-date: /root/common/indy-ros2/install/indy_description/share/indy_description//urdf/config/opti5/physical_parameters.yaml\n'}
[0.100828] (indy_description) StdoutLine: {'line': b'-- Up-to-date: /root/common/indy-ros2/install/indy_description/share/indy_description//urdf/config/opti5/joint_axes.yaml\n'}
[0.100883] (indy_description) StdoutLine: {'line': b'-- Up-to-date: /root/common/indy-ros2/install/indy_description/share/indy_description//urdf/config/opti5/kinematics.yaml\n'}
[0.100932] (indy_description) StdoutLine: {'line': b'-- Up-to-date: /root/common/indy-ros2/install/indy_description/share/indy_description//urdf/config/opti5/joint_limits.yaml\n'}
[0.100980] (indy_description) StdoutLine: {'line': b'-- Up-to-date: /root/common/indy-ros2/install/indy_description/share/indy_description//urdf/config/indy7\n'}
[0.101029] (indy_description) StdoutLine: {'line': b'-- Up-to-date: /root/common/indy-ros2/install/indy_description/share/indy_description//urdf/config/indy7/visual_parameters.yaml\n'}
[0.101078] (indy_description) StdoutLine: {'line': b'-- Up-to-date: /root/common/indy-ros2/install/indy_description/share/indy_description//urdf/config/indy7/physical_parameters.yaml\n'}
[0.101127] (indy_description) StdoutLine: {'line': b'-- Up-to-date: /root/common/indy-ros2/install/indy_description/share/indy_description//urdf/config/indy7/joint_axes.yaml\n'}
[0.101176] (indy_description) StdoutLine: {'line': b'-- Up-to-date: /root/common/indy-ros2/install/indy_description/share/indy_description//urdf/config/indy7/kinematics.yaml\n'}
[0.101224] (indy_description) StdoutLine: {'line': b'-- Up-to-date: /root/common/indy-ros2/install/indy_description/share/indy_description//urdf/config/indy7/joint_limits.yaml\n'}
[0.101276] (indy_description) StdoutLine: {'line': b'-- Up-to-date: /root/common/indy-ros2/install/indy_description/share/indy_description//urdf/config/indy7_v2\n'}
[0.101326] (indy_description) StdoutLine: {'line': b'-- Up-to-date: /root/common/indy-ros2/install/indy_description/share/indy_description//urdf/config/indy7_v2/visual_parameters.yaml\n'}
[0.101375] (indy_description) StdoutLine: {'line': b'-- Up-to-date: /root/common/indy-ros2/install/indy_description/share/indy_description//urdf/config/indy7_v2/physical_parameters.yaml\n'}
[0.101423] (indy_description) StdoutLine: {'line': b'-- Up-to-date: /root/common/indy-ros2/install/indy_description/share/indy_description//urdf/config/indy7_v2/joint_axes.yaml\n'}
[0.101472] (indy_description) StdoutLine: {'line': b'-- Up-to-date: /root/common/indy-ros2/install/indy_description/share/indy_description//urdf/config/indy7_v2/kinematics.yaml\n'}
[0.101522] (indy_description) StdoutLine: {'line': b'-- Up-to-date: /root/common/indy-ros2/install/indy_description/share/indy_description//urdf/config/indy7_v2/joint_limits.yaml\n'}
[0.101571] (indy_description) StdoutLine: {'line': b'-- Up-to-date: /root/common/indy-ros2/install/indy_description/share/indy_description//urdf/config/nuri4s\n'}
[0.101623] (indy_description) StdoutLine: {'line': b'-- Up-to-date: /root/common/indy-ros2/install/indy_description/share/indy_description//urdf/config/nuri4s/visual_parameters.yaml\n'}
[0.101672] (indy_description) StdoutLine: {'line': b'-- Up-to-date: /root/common/indy-ros2/install/indy_description/share/indy_description//urdf/config/nuri4s/physical_parameters.yaml\n'}
[0.101721] (indy_description) StdoutLine: {'line': b'-- Up-to-date: /root/common/indy-ros2/install/indy_description/share/indy_description//urdf/config/nuri4s/joint_axes.yaml\n'}
[0.101771] (indy_description) StdoutLine: {'line': b'-- Up-to-date: /root/common/indy-ros2/install/indy_description/share/indy_description//urdf/config/nuri4s/kinematics.yaml\n'}
[0.101819] (indy_description) StdoutLine: {'line': b'-- Up-to-date: /root/common/indy-ros2/install/indy_description/share/indy_description//urdf/config/nuri4s/joint_limits.yaml\n'}
[0.101869] (indy_description) StdoutLine: {'line': b'-- Up-to-date: /root/common/indy-ros2/install/indy_description/share/indy_description//urdf/config/nuri20c\n'}
[0.101918] (indy_description) StdoutLine: {'line': b'-- Up-to-date: /root/common/indy-ros2/install/indy_description/share/indy_description//urdf/config/nuri20c/visual_parameters.yaml\n'}
[0.101968] (indy_description) StdoutLine: {'line': b'-- Up-to-date: /root/common/indy-ros2/install/indy_description/share/indy_description//urdf/config/nuri20c/physical_parameters.yaml\n'}
[0.102018] (indy_description) StdoutLine: {'line': b'-- Up-to-date: /root/common/indy-ros2/install/indy_description/share/indy_description//urdf/config/nuri20c/joint_axes.yaml\n'}
[0.102067] (indy_description) StdoutLine: {'line': b'-- Up-to-date: /root/common/indy-ros2/install/indy_description/share/indy_description//urdf/config/nuri20c/kinematics.yaml\n'}
[0.102172] (indy_description) StdoutLine: {'line': b'-- Up-to-date: /root/common/indy-ros2/install/indy_description/share/indy_description//urdf/config/nuri20c/joint_limits.yaml\n'}
[0.102225] (indy_description) StdoutLine: {'line': b'-- Up-to-date: /root/common/indy-ros2/install/indy_description/share/indy_description//urdf/config/indyrp2_v2\n'}
[0.102274] (indy_description) StdoutLine: {'line': b'-- Up-to-date: /root/common/indy-ros2/install/indy_description/share/indy_description//urdf/config/indyrp2_v2/visual_parameters.yaml\n'}
[0.102324] (indy_description) StdoutLine: {'line': b'-- Up-to-date: /root/common/indy-ros2/install/indy_description/share/indy_description//urdf/config/indyrp2_v2/physical_parameters.yaml\n'}
[0.102377] (indy_description) StdoutLine: {'line': b'-- Up-to-date: /root/common/indy-ros2/install/indy_description/share/indy_description//urdf/config/indyrp2_v2/joint_axes.yaml\n'}
[0.102536] (indy_description) StdoutLine: {'line': b'-- Up-to-date: /root/common/indy-ros2/install/indy_description/share/indy_description//urdf/config/indyrp2_v2/kinematics.yaml\n'}
[0.102656] (indy_description) StdoutLine: {'line': b'-- Up-to-date: /root/common/indy-ros2/install/indy_description/share/indy_description//urdf/config/indyrp2_v2/joint_limits.yaml\n'}
[0.102784] (indy_description) StdoutLine: {'line': b'-- Up-to-date: /root/common/indy-ros2/install/indy_description/share/indy_description//urdf/config/icon3\n'}
[0.102912] (indy_description) StdoutLine: {'line': b'-- Up-to-date: /root/common/indy-ros2/install/indy_description/share/indy_description//urdf/config/icon3/visual_parameters.yaml\n'}
[0.103026] (indy_description) StdoutLine: {'line': b'-- Up-to-date: /root/common/indy-ros2/install/indy_description/share/indy_description//urdf/config/icon3/physical_parameters.yaml\n'}
[0.103171] (indy_description) StdoutLine: {'line': b'-- Up-to-date: /root/common/indy-ros2/install/indy_description/share/indy_description//urdf/config/icon3/joint_axes.yaml\n'}
[0.103276] (indy_description) StdoutLine: {'line': b'-- Up-to-date: /root/common/indy-ros2/install/indy_description/share/indy_description//urdf/config/icon3/kinematics.yaml\n'}
[0.103329] (indy_description) StdoutLine: {'line': b'-- Up-to-date: /root/common/indy-ros2/install/indy_description/share/indy_description//urdf/config/icon3/joint_limits.yaml\n'}
[0.103384] (indy_description) StdoutLine: {'line': b'-- Up-to-date: /root/common/indy-ros2/install/indy_description/share/indy_description//urdf/config/nuri3s\n'}
[0.103438] (indy_description) StdoutLine: {'line': b'-- Up-to-date: /root/common/indy-ros2/install/indy_description/share/indy_description//urdf/config/nuri3s/visual_parameters.yaml\n'}
[0.103488] (indy_description) StdoutLine: {'line': b'-- Up-to-date: /root/common/indy-ros2/install/indy_description/share/indy_description//urdf/config/nuri3s/physical_parameters.yaml\n'}
[0.103537] (indy_description) StdoutLine: {'line': b'-- Up-to-date: /root/common/indy-ros2/install/indy_description/share/indy_description//urdf/config/nuri3s/joint_axes.yaml\n'}
[0.103587] (indy_description) StdoutLine: {'line': b'-- Up-to-date: /root/common/indy-ros2/install/indy_description/share/indy_description//urdf/config/nuri3s/kinematics.yaml\n'}
[0.103637] (indy_description) StdoutLine: {'line': b'-- Up-to-date: /root/common/indy-ros2/install/indy_description/share/indy_description//urdf/config/nuri3s/joint_limits.yaml\n'}
[0.103736] (indy_description) StdoutLine: {'line': b'-- Up-to-date: /root/common/indy-ros2/install/indy_description/share/indy_description//urdf/config/nuri7c\n'}
[0.103787] (indy_description) StdoutLine: {'line': b'-- Up-to-date: /root/common/indy-ros2/install/indy_description/share/indy_description//urdf/config/nuri7c/visual_parameters.yaml\n'}
[0.103836] (indy_description) StdoutLine: {'line': b'-- Up-to-date: /root/common/indy-ros2/install/indy_description/share/indy_description//urdf/config/nuri7c/physical_parameters.yaml\n'}
[0.103885] (indy_description) StdoutLine: {'line': b'-- Up-to-date: /root/common/indy-ros2/install/indy_description/share/indy_description//urdf/config/nuri7c/joint_axes.yaml\n'}
[0.103934] (indy_description) StdoutLine: {'line': b'-- Up-to-date: /root/common/indy-ros2/install/indy_description/share/indy_description//urdf/config/nuri7c/kinematics.yaml\n'}
[0.103982] (indy_description) StdoutLine: {'line': b'-- Up-to-date: /root/common/indy-ros2/install/indy_description/share/indy_description//urdf/config/nuri7c/joint_limits.yaml\n'}
[0.104031] (indy_description) StdoutLine: {'line': b'-- Up-to-date: /root/common/indy-ros2/install/indy_description/share/indy_description//urdf/config/indy12_v2\n'}
[0.104079] (indy_description) StdoutLine: {'line': b'-- Up-to-date: /root/common/indy-ros2/install/indy_description/share/indy_description//urdf/config/indy12_v2/visual_parameters.yaml\n'}
[0.104129] (indy_description) StdoutLine: {'line': b'-- Up-to-date: /root/common/indy-ros2/install/indy_description/share/indy_description//urdf/config/indy12_v2/physical_parameters.yaml\n'}
[0.104178] (indy_description) StdoutLine: {'line': b'-- Up-to-date: /root/common/indy-ros2/install/indy_description/share/indy_description//urdf/config/indy12_v2/joint_axes.yaml\n'}
[0.104226] (indy_description) StdoutLine: {'line': b'-- Up-to-date: /root/common/indy-ros2/install/indy_description/share/indy_description//urdf/config/indy12_v2/kinematics.yaml\n'}
[0.104275] (indy_description) StdoutLine: {'line': b'-- Up-to-date: /root/common/indy-ros2/install/indy_description/share/indy_description//urdf/config/indy12_v2/joint_limits.yaml\n'}
[0.104323] (indy_description) StdoutLine: {'line': b'-- Up-to-date: /root/common/indy-ros2/install/indy_description/share/indy_description//urdf/config/dual_icon3\n'}
[0.104377] (indy_description) StdoutLine: {'line': b'-- Up-to-date: /root/common/indy-ros2/install/indy_description/share/indy_description//urdf/config/dual_icon3/visual_parameters.yaml\n'}
[0.104520] (indy_description) StdoutLine: {'line': b'-- Up-to-date: /root/common/indy-ros2/install/indy_description/share/indy_description//urdf/config/dual_icon3/physical_parameters.yaml\n'}
[0.104596] (indy_description) StdoutLine: {'line': b'-- Up-to-date: /root/common/indy-ros2/install/indy_description/share/indy_description//urdf/config/dual_icon3/joint_axes.yaml\n'}
[0.104655] (indy_description) StdoutLine: {'line': b'-- Up-to-date: /root/common/indy-ros2/install/indy_description/share/indy_description//urdf/config/dual_icon3/kinematics.yaml\n'}
[0.104749] (indy_description) StdoutLine: {'line': b'-- Up-to-date: /root/common/indy-ros2/install/indy_description/share/indy_description//urdf/config/dual_icon3/joint_limits.yaml\n'}
[0.104889] (indy_description) StdoutLine: {'line': b'-- Up-to-date: /root/common/indy-ros2/install/indy_description/share/indy_description//urdf/config/icon7l\n'}
[0.104951] (indy_description) StdoutLine: {'line': b'-- Up-to-date: /root/common/indy-ros2/install/indy_description/share/indy_description//urdf/config/icon7l/visual_parameters.yaml\n'}
[0.105008] (indy_description) StdoutLine: {'line': b'-- Up-to-date: /root/common/indy-ros2/install/indy_description/share/indy_description//urdf/config/icon7l/physical_parameters.yaml\n'}
[0.105169] (indy_description) StdoutLine: {'line': b'-- Up-to-date: /root/common/indy-ros2/install/indy_description/share/indy_description//urdf/config/icon7l/joint_axes.yaml\n'}
[0.105236] (indy_description) StdoutLine: {'line': b'-- Up-to-date: /root/common/indy-ros2/install/indy_description/share/indy_description//urdf/config/icon7l/kinematics.yaml\n'}
[0.105302] (indy_description) StdoutLine: {'line': b'-- Up-to-date: /root/common/indy-ros2/install/indy_description/share/indy_description//urdf/config/icon7l/joint_limits.yaml\n'}
[0.105373] (indy_description) StdoutLine: {'line': b'-- Up-to-date: /root/common/indy-ros2/install/indy_description/share/indy_description//urdf/config/initial_positions.yaml\n'}
[0.105436] (indy_description) StdoutLine: {'line': b'-- Up-to-date: /root/common/indy-ros2/install/indy_description/share/ament_index/resource_index/package_run_dependencies/indy_description\n'}
[0.105487] (indy_description) StdoutLine: {'line': b'-- Up-to-date: /root/common/indy-ros2/install/indy_description/share/ament_index/resource_index/parent_prefix_path/indy_description\n'}
[0.105536] (indy_description) StdoutLine: {'line': b'-- Up-to-date: /root/common/indy-ros2/install/indy_description/share/indy_description/environment/ament_prefix_path.sh\n'}
[0.105583] (indy_description) StdoutLine: {'line': b'-- Up-to-date: /root/common/indy-ros2/install/indy_description/share/indy_description/environment/ament_prefix_path.dsv\n'}
[0.105631] (indy_description) StdoutLine: {'line': b'-- Up-to-date: /root/common/indy-ros2/install/indy_description/share/indy_description/environment/path.sh\n'}
[0.105678] (indy_description) StdoutLine: {'line': b'-- Up-to-date: /root/common/indy-ros2/install/indy_description/share/indy_description/environment/path.dsv\n'}
[0.105724] (indy_description) StdoutLine: {'line': b'-- Up-to-date: /root/common/indy-ros2/install/indy_description/share/indy_description/local_setup.bash\n'}
[0.105771] (indy_description) StdoutLine: {'line': b'-- Up-to-date: /root/common/indy-ros2/install/indy_description/share/indy_description/local_setup.sh\n'}
[0.105818] (indy_description) StdoutLine: {'line': b'-- Up-to-date: /root/common/indy-ros2/install/indy_description/share/indy_description/local_setup.zsh\n'}
[0.105864] (indy_description) StdoutLine: {'line': b'-- Up-to-date: /root/common/indy-ros2/install/indy_description/share/indy_description/local_setup.dsv\n'}
[0.105912] (indy_description) StdoutLine: {'line': b'-- Installing: /root/common/indy-ros2/install/indy_description/share/indy_description/package.dsv\n'}
[0.105969] (indy_description) StdoutLine: {'line': b'-- Up-to-date: /root/common/indy-ros2/install/indy_description/share/ament_index/resource_index/packages/indy_description\n'}
[0.106237] (indy_description) StdoutLine: {'line': b'-- Up-to-date: /root/common/indy-ros2/install/indy_description/share/indy_description/cmake/indy_descriptionConfig.cmake\n'}
[0.106369] (indy_description) StdoutLine: {'line': b'-- Up-to-date: /root/common/indy-ros2/install/indy_description/share/indy_description/cmake/indy_descriptionConfig-version.cmake\n'}
[0.106491] (indy_description) StdoutLine: {'line': b'-- Up-to-date: /root/common/indy-ros2/install/indy_description/share/indy_description/package.xml\n'}
[0.106609] (indy_description) CommandEnded: {'returncode': 0}
[0.107017] (indy_interfaces) StdoutLine: {'line': b'[ 56%] Built target indy_interfaces__rosidl_typesupport_fastrtps_c\n'}
[0.107160] (indy_interfaces) StdoutLine: {'line': b'[ 67%] Built target indy_interfaces__rosidl_typesupport_introspection_c\n'}
[0.107366] (indy_interfaces) StdoutLine: {'line': b'[ 78%] Built target indy_interfaces__rosidl_typesupport_c\n'}
[0.107457] (indy_interfaces) StdoutLine: {'line': b'[ 78%] Built target indy_interfaces\n'}
[0.107543] (indy_interfaces) StdoutLine: {'line': b'[ 80%] Built target indy_interfaces__py\n'}
[0.107627] (indy_interfaces) StdoutLine: {'line': b'[ 89%] Built target indy_interfaces__rosidl_generator_py\n'}
[0.117241] (indy_interfaces) StdoutLine: {'line': b'[ 92%] Built target indy_interfaces__rosidl_typesupport_fastrtps_c__pyext\n'}
[0.118380] (indy_interfaces) StdoutLine: {'line': b'[ 96%] Built target indy_interfaces__rosidl_typesupport_introspection_c__pyext\n'}
[0.118681] (indy_interfaces) StdoutLine: {'line': b'[100%] Built target indy_interfaces__rosidl_typesupport_c__pyext\n'}
[0.120350] (indy_description) JobEnded: {'identifier': 'indy_description', 'rc': 0}
[0.121155] (indy_driver) JobStarted: {'identifier': 'indy_driver'}
[0.124964] (indy_gazebo) JobStarted: {'identifier': 'indy_gazebo'}
[0.129562] (indy_moveit) JobStarted: {'identifier': 'indy_moveit'}
[0.133946] (indy_driver) JobProgress: {'identifier': 'indy_driver', 'progress': 'cmake'}
[0.135304] (indy_driver) JobProgress: {'identifier': 'indy_driver', 'progress': 'build'}
[0.135582] (indy_driver) Command: {'cmd': ['/usr/bin/cmake', '--build', '/root/common/indy-ros2/build/indy_driver', '--', '-j12', '-l12'], 'cwd': '/root/common/indy-ros2/build/indy_driver', 'env': OrderedDict([('NV_LIBCUBLAS_VERSION', '11.11.3.6-1'), ('NV_CUDA_COMPAT_PACKAGE', 'cuda-compat-11-8'), ('HOSTNAME', 'idim'), ('SHLVL', '1'), ('LD_LIBRARY_PATH', '/usr/lib/x86_64-linux-gnu/gazebo-11/plugins:/opt/ros/humble/opt/rviz_ogre_vendor/lib:/opt/ros/humble/lib/x86_64-linux-gnu:/opt/ros/humble/lib'), ('NV_LIBNCCL_PACKAGE_VERSION', '2.15.5-1'), ('AMENT_CPPCHECK_ALLOW_SLOW_VERSIONS', '1'), ('HOME', '/root'), ('OLDPWD', '/root/ros2_ws/src'), ('ROS_PYTHON_VERSION', '3'), ('PS1', '\\[\x1b[0;33m\\]idim \\W $ \\[\x1b[0m\\]'), ('NV_LIBNPP_PACKAGE', 'libnpp-11-8=11.8.0.86-1'), ('CUDA_VERSION', '11.8.0'), ('COLCON_PREFIX_PATH', '/root/ros2_ws/install:/opt/ros/humble'), ('ROS_DISTRO', 'humble'), ('NV_LIBCUBLAS_PACKAGE_NAME', 'libcublas-11-8'), ('NVIDIA_REQUIRE_CUDA', 'cuda>=11.8 brand=tesla,driver>=470,driver<471 brand=unknown,driver>=470,driver<471 brand=nvidia,driver>=470,driver<471 brand=nvidiartx,driver>=470,driver<471 brand=geforce,driver>=470,driver<471 brand=geforcertx,driver>=470,driver<471 brand=quadro,driver>=470,driver<471 brand=quadrortx,driver>=470,driver<471 brand=titan,driver>=470,driver<471 brand=titanrtx,driver>=470,driver<471'), ('_', '/usr/bin/colcon'), ('ROS_VERSION', '2'), ('NV_LIBCUSPARSE_VERSION', '11.7.5.86-1'), ('NVIDIA_DRIVER_CAPABILITIES', 'graphics,utility,compute'), ('NV_CUDA_LIB_VERSION', '11.8.0-1'), ('NV_LIBNCCL_PACKAGE_NAME', 'libnccl2'), ('TERM', 'xterm'), ('NV_CUDA_CUDART_VERSION', '11.8.89-1'), ('ROS_LOCALHOST_ONLY', '0'), ('QT_X11_NO_MITSHM', '1'), ('PATH', '/opt/ros/humble/bin:/usr/local/nvidia/bin:/usr/local/cuda/bin:/usr/local/sbin:/usr/local/bin:/usr/sbin:/usr/bin:/sbin:/bin'), ('NV_LIBCUBLAS_PACKAGE', 'libcublas-11-8=11.11.3.6-1'), ('NVARCH', 'x86_64'), ('DISPLAY', ':1'), ('NV_LIBNCCL_PACKAGE', 'libnccl2=2.15.5-1+cuda11.8'), ('NVIDIA_PRODUCT_NAME', 'CUDA'), ('LANG', 'en_US.UTF-8'), ('XAUTHORITY', '/tmp/.docker.xauth'), ('LS_COLORS', 'rs=0:di=01;34:ln=01;36:mh=00:pi=40;33:so=01;35:do=01;35:bd=40;33;01:cd=40;33;01:or=40;31;01:mi=00:su=37;41:sg=30;43:ca=30;41:tw=30;42:ow=34;42:st=37;44:ex=01;32:*.tar=01;31:*.tgz=01;31:*.arc=01;31:*.arj=01;31:*.taz=01;31:*.lha=01;31:*.lz4=01;31:*.lzh=01;31:*.lzma=01;31:*.tlz=01;31:*.txz=01;31:*.tzo=01;31:*.t7z=01;31:*.zip=01;31:*.z=01;31:*.dz=01;31:*.gz=01;31:*.lrz=01;31:*.lz=01;31:*.lzo=01;31:*.xz=01;31:*.zst=01;31:*.tzst=01;31:*.bz2=01;31:*.bz=01;31:*.tbz=01;31:*.tbz2=01;31:*.tz=01;31:*.deb=01;31:*.rpm=01;31:*.jar=01;31:*.war=01;31:*.ear=01;31:*.sar=01;31:*.rar=01;31:*.alz=01;31:*.ace=01;31:*.zoo=01;31:*.cpio=01;31:*.7z=01;31:*.rz=01;31:*.cab=01;31:*.wim=01;31:*.swm=01;31:*.dwm=01;31:*.esd=01;31:*.jpg=01;35:*.jpeg=01;35:*.mjpg=01;35:*.mjpeg=01;35:*.gif=01;35:*.bmp=01;35:*.pbm=01;35:*.pgm=01;35:*.ppm=01;35:*.tga=01;35:*.xbm=01;35:*.xpm=01;35:*.tif=01;35:*.tiff=01;35:*.png=01;35:*.svg=01;35:*.svgz=01;35:*.mng=01;35:*.pcx=01;35:*.mov=01;35:*.mpg=01;35:*.mpeg=01;35:*.m2v=01;35:*.mkv=01;35:*.webm=01;35:*.webp=01;35:*.ogm=01;35:*.mp4=01;35:*.m4v=01;35:*.mp4v=01;35:*.vob=01;35:*.qt=01;35:*.nuv=01;35:*.wmv=01;35:*.asf=01;35:*.rm=01;35:*.rmvb=01;35:*.flc=01;35:*.avi=01;35:*.fli=01;35:*.flv=01;35:*.gl=01;35:*.dl=01;35:*.xcf=01;35:*.xwd=01;35:*.yuv=01;35:*.cgm=01;35:*.emf=01;35:*.ogv=01;35:*.ogx=01;35:*.aac=00;36:*.au=00;36:*.flac=00;36:*.m4a=00;36:*.mid=00;36:*.midi=00;36:*.mka=00;36:*.mp3=00;36:*.mpc=00;36:*.ogg=00;36:*.ra=00;36:*.wav=00;36:*.oga=00;36:*.opus=00;36:*.spx=00;36:*.xspf=00;36:'), ('AMENT_PREFIX_PATH', '/root/common/indy-ros2/install/indy_description:/opt/ros/humble'), ('DEBIAN_FRONTEND', 'noninteractive'), ('NV_NVTX_VERSION', '11.8.86-1'), ('NV_LIBNPP_VERSION', '11.8.0.86-1'), ('PWD', '/root/common/indy-ros2/build/indy_driver'), ('PYTHONPATH', '/opt/ros/humble/local/lib/python3.10/dist-packages:/opt/ros/humble/lib/python3.10/site-packages'), ('NVIDIA_VISIBLE_DEVICES', 'all'), ('NCCL_VERSION', '2.15.5-1'), ('DEBCONF_NOWARNINGS', 'yes'), ('COLCON', '1'), ('CMAKE_PREFIX_PATH', '/root/common/indy-ros2/install/indy_description:/opt/ros/humble')]), 'shell': False}
[0.136353] (indy_gazebo) JobProgress: {'identifier': 'indy_gazebo', 'progress': 'cmake'}
[0.136472] (indy_gazebo) JobProgress: {'identifier': 'indy_gazebo', 'progress': 'build'}
[0.136627] (indy_gazebo) Command: {'cmd': ['/usr/bin/cmake', '--build', '/root/common/indy-ros2/build/indy_gazebo', '--', '-j12', '-l12'], 'cwd': '/root/common/indy-ros2/build/indy_gazebo', 'env': OrderedDict([('NV_LIBCUBLAS_VERSION', '11.11.3.6-1'), ('NV_CUDA_COMPAT_PACKAGE', 'cuda-compat-11-8'), ('HOSTNAME', 'idim'), ('SHLVL', '1'), ('LD_LIBRARY_PATH', '/usr/lib/x86_64-linux-gnu/gazebo-11/plugins:/opt/ros/humble/opt/rviz_ogre_vendor/lib:/opt/ros/humble/lib/x86_64-linux-gnu:/opt/ros/humble/lib'), ('NV_LIBNCCL_PACKAGE_VERSION', '2.15.5-1'), ('AMENT_CPPCHECK_ALLOW_SLOW_VERSIONS', '1'), ('HOME', '/root'), ('OLDPWD', '/root/ros2_ws/src'), ('ROS_PYTHON_VERSION', '3'), ('PS1', '\\[\x1b[0;33m\\]idim \\W $ \\[\x1b[0m\\]'), ('NV_LIBNPP_PACKAGE', 'libnpp-11-8=11.8.0.86-1'), ('CUDA_VERSION', '11.8.0'), ('COLCON_PREFIX_PATH', '/root/ros2_ws/install:/opt/ros/humble'), ('ROS_DISTRO', 'humble'), ('NV_LIBCUBLAS_PACKAGE_NAME', 'libcublas-11-8'), ('NVIDIA_REQUIRE_CUDA', 'cuda>=11.8 brand=tesla,driver>=470,driver<471 brand=unknown,driver>=470,driver<471 brand=nvidia,driver>=470,driver<471 brand=nvidiartx,driver>=470,driver<471 brand=geforce,driver>=470,driver<471 brand=geforcertx,driver>=470,driver<471 brand=quadro,driver>=470,driver<471 brand=quadrortx,driver>=470,driver<471 brand=titan,driver>=470,driver<471 brand=titanrtx,driver>=470,driver<471'), ('_', '/usr/bin/colcon'), ('ROS_VERSION', '2'), ('NV_LIBCUSPARSE_VERSION', '11.7.5.86-1'), ('NVIDIA_DRIVER_CAPABILITIES', 'graphics,utility,compute'), ('NV_CUDA_LIB_VERSION', '11.8.0-1'), ('NV_LIBNCCL_PACKAGE_NAME', 'libnccl2'), ('TERM', 'xterm'), ('NV_CUDA_CUDART_VERSION', '11.8.89-1'), ('ROS_LOCALHOST_ONLY', '0'), ('QT_X11_NO_MITSHM', '1'), ('PATH', '/opt/ros/humble/bin:/usr/local/nvidia/bin:/usr/local/cuda/bin:/usr/local/sbin:/usr/local/bin:/usr/sbin:/usr/bin:/sbin:/bin'), ('NV_LIBCUBLAS_PACKAGE', 'libcublas-11-8=11.11.3.6-1'), ('NVARCH', 'x86_64'), ('DISPLAY', ':1'), ('NV_LIBNCCL_PACKAGE', 'libnccl2=2.15.5-1+cuda11.8'), ('NVIDIA_PRODUCT_NAME', 'CUDA'), ('LANG', 'en_US.UTF-8'), ('XAUTHORITY', '/tmp/.docker.xauth'), ('LS_COLORS', 'rs=0:di=01;34:ln=01;36:mh=00:pi=40;33:so=01;35:do=01;35:bd=40;33;01:cd=40;33;01:or=40;31;01:mi=00:su=37;41:sg=30;43:ca=30;41:tw=30;42:ow=34;42:st=37;44:ex=01;32:*.tar=01;31:*.tgz=01;31:*.arc=01;31:*.arj=01;31:*.taz=01;31:*.lha=01;31:*.lz4=01;31:*.lzh=01;31:*.lzma=01;31:*.tlz=01;31:*.txz=01;31:*.tzo=01;31:*.t7z=01;31:*.zip=01;31:*.z=01;31:*.dz=01;31:*.gz=01;31:*.lrz=01;31:*.lz=01;31:*.lzo=01;31:*.xz=01;31:*.zst=01;31:*.tzst=01;31:*.bz2=01;31:*.bz=01;31:*.tbz=01;31:*.tbz2=01;31:*.tz=01;31:*.deb=01;31:*.rpm=01;31:*.jar=01;31:*.war=01;31:*.ear=01;31:*.sar=01;31:*.rar=01;31:*.alz=01;31:*.ace=01;31:*.zoo=01;31:*.cpio=01;31:*.7z=01;31:*.rz=01;31:*.cab=01;31:*.wim=01;31:*.swm=01;31:*.dwm=01;31:*.esd=01;31:*.jpg=01;35:*.jpeg=01;35:*.mjpg=01;35:*.mjpeg=01;35:*.gif=01;35:*.bmp=01;35:*.pbm=01;35:*.pgm=01;35:*.ppm=01;35:*.tga=01;35:*.xbm=01;35:*.xpm=01;35:*.tif=01;35:*.tiff=01;35:*.png=01;35:*.svg=01;35:*.svgz=01;35:*.mng=01;35:*.pcx=01;35:*.mov=01;35:*.mpg=01;35:*.mpeg=01;35:*.m2v=01;35:*.mkv=01;35:*.webm=01;35:*.webp=01;35:*.ogm=01;35:*.mp4=01;35:*.m4v=01;35:*.mp4v=01;35:*.vob=01;35:*.qt=01;35:*.nuv=01;35:*.wmv=01;35:*.asf=01;35:*.rm=01;35:*.rmvb=01;35:*.flc=01;35:*.avi=01;35:*.fli=01;35:*.flv=01;35:*.gl=01;35:*.dl=01;35:*.xcf=01;35:*.xwd=01;35:*.yuv=01;35:*.cgm=01;35:*.emf=01;35:*.ogv=01;35:*.ogx=01;35:*.aac=00;36:*.au=00;36:*.flac=00;36:*.m4a=00;36:*.mid=00;36:*.midi=00;36:*.mka=00;36:*.mp3=00;36:*.mpc=00;36:*.ogg=00;36:*.ra=00;36:*.wav=00;36:*.oga=00;36:*.opus=00;36:*.spx=00;36:*.xspf=00;36:'), ('AMENT_PREFIX_PATH', '/root/common/indy-ros2/install/indy_description:/opt/ros/humble'), ('DEBIAN_FRONTEND', 'noninteractive'), ('NV_NVTX_VERSION', '11.8.86-1'), ('NV_LIBNPP_VERSION', '11.8.0.86-1'), ('PWD', '/root/common/indy-ros2/build/indy_gazebo'), ('PYTHONPATH', '/opt/ros/humble/local/lib/python3.10/dist-packages:/opt/ros/humble/lib/python3.10/site-packages'), ('NVIDIA_VISIBLE_DEVICES', 'all'), ('NCCL_VERSION', '2.15.5-1'), ('DEBCONF_NOWARNINGS', 'yes'), ('COLCON', '1'), ('CMAKE_PREFIX_PATH', '/root/common/indy-ros2/install/indy_description:/opt/ros/humble')]), 'shell': False}
[0.139539] (indy_moveit) JobProgress: {'identifier': 'indy_moveit', 'progress': 'cmake'}
[0.140315] (indy_moveit) JobProgress: {'identifier': 'indy_moveit', 'progress': 'build'}
[0.140529] (indy_moveit) Command: {'cmd': ['/usr/bin/cmake', '--build', '/root/common/indy-ros2/build/indy_moveit', '--', '-j12', '-l12'], 'cwd': '/root/common/indy-ros2/build/indy_moveit', 'env': OrderedDict([('NV_LIBCUBLAS_VERSION', '11.11.3.6-1'), ('NV_CUDA_COMPAT_PACKAGE', 'cuda-compat-11-8'), ('HOSTNAME', 'idim'), ('SHLVL', '1'), ('LD_LIBRARY_PATH', '/usr/lib/x86_64-linux-gnu/gazebo-11/plugins:/opt/ros/humble/opt/rviz_ogre_vendor/lib:/opt/ros/humble/lib/x86_64-linux-gnu:/opt/ros/humble/lib'), ('NV_LIBNCCL_PACKAGE_VERSION', '2.15.5-1'), ('AMENT_CPPCHECK_ALLOW_SLOW_VERSIONS', '1'), ('HOME', '/root'), ('OLDPWD', '/root/ros2_ws/src'), ('ROS_PYTHON_VERSION', '3'), ('PS1', '\\[\x1b[0;33m\\]idim \\W $ \\[\x1b[0m\\]'), ('NV_LIBNPP_PACKAGE', 'libnpp-11-8=11.8.0.86-1'), ('CUDA_VERSION', '11.8.0'), ('COLCON_PREFIX_PATH', '/root/ros2_ws/install:/opt/ros/humble'), ('ROS_DISTRO', 'humble'), ('NV_LIBCUBLAS_PACKAGE_NAME', 'libcublas-11-8'), ('NVIDIA_REQUIRE_CUDA', 'cuda>=11.8 brand=tesla,driver>=470,driver<471 brand=unknown,driver>=470,driver<471 brand=nvidia,driver>=470,driver<471 brand=nvidiartx,driver>=470,driver<471 brand=geforce,driver>=470,driver<471 brand=geforcertx,driver>=470,driver<471 brand=quadro,driver>=470,driver<471 brand=quadrortx,driver>=470,driver<471 brand=titan,driver>=470,driver<471 brand=titanrtx,driver>=470,driver<471'), ('_', '/usr/bin/colcon'), ('ROS_VERSION', '2'), ('NV_LIBCUSPARSE_VERSION', '11.7.5.86-1'), ('NVIDIA_DRIVER_CAPABILITIES', 'graphics,utility,compute'), ('NV_CUDA_LIB_VERSION', '11.8.0-1'), ('NV_LIBNCCL_PACKAGE_NAME', 'libnccl2'), ('TERM', 'xterm'), ('NV_CUDA_CUDART_VERSION', '11.8.89-1'), ('ROS_LOCALHOST_ONLY', '0'), ('QT_X11_NO_MITSHM', '1'), ('PATH', '/opt/ros/humble/bin:/usr/local/nvidia/bin:/usr/local/cuda/bin:/usr/local/sbin:/usr/local/bin:/usr/sbin:/usr/bin:/sbin:/bin'), ('NV_LIBCUBLAS_PACKAGE', 'libcublas-11-8=11.11.3.6-1'), ('NVARCH', 'x86_64'), ('DISPLAY', ':1'), ('NV_LIBNCCL_PACKAGE', 'libnccl2=2.15.5-1+cuda11.8'), ('NVIDIA_PRODUCT_NAME', 'CUDA'), ('LANG', 'en_US.UTF-8'), ('XAUTHORITY', '/tmp/.docker.xauth'), ('LS_COLORS', 'rs=0:di=01;34:ln=01;36:mh=00:pi=40;33:so=01;35:do=01;35:bd=40;33;01:cd=40;33;01:or=40;31;01:mi=00:su=37;41:sg=30;43:ca=30;41:tw=30;42:ow=34;42:st=37;44:ex=01;32:*.tar=01;31:*.tgz=01;31:*.arc=01;31:*.arj=01;31:*.taz=01;31:*.lha=01;31:*.lz4=01;31:*.lzh=01;31:*.lzma=01;31:*.tlz=01;31:*.txz=01;31:*.tzo=01;31:*.t7z=01;31:*.zip=01;31:*.z=01;31:*.dz=01;31:*.gz=01;31:*.lrz=01;31:*.lz=01;31:*.lzo=01;31:*.xz=01;31:*.zst=01;31:*.tzst=01;31:*.bz2=01;31:*.bz=01;31:*.tbz=01;31:*.tbz2=01;31:*.tz=01;31:*.deb=01;31:*.rpm=01;31:*.jar=01;31:*.war=01;31:*.ear=01;31:*.sar=01;31:*.rar=01;31:*.alz=01;31:*.ace=01;31:*.zoo=01;31:*.cpio=01;31:*.7z=01;31:*.rz=01;31:*.cab=01;31:*.wim=01;31:*.swm=01;31:*.dwm=01;31:*.esd=01;31:*.jpg=01;35:*.jpeg=01;35:*.mjpg=01;35:*.mjpeg=01;35:*.gif=01;35:*.bmp=01;35:*.pbm=01;35:*.pgm=01;35:*.ppm=01;35:*.tga=01;35:*.xbm=01;35:*.xpm=01;35:*.tif=01;35:*.tiff=01;35:*.png=01;35:*.svg=01;35:*.svgz=01;35:*.mng=01;35:*.pcx=01;35:*.mov=01;35:*.mpg=01;35:*.mpeg=01;35:*.m2v=01;35:*.mkv=01;35:*.webm=01;35:*.webp=01;35:*.ogm=01;35:*.mp4=01;35:*.m4v=01;35:*.mp4v=01;35:*.vob=01;35:*.qt=01;35:*.nuv=01;35:*.wmv=01;35:*.asf=01;35:*.rm=01;35:*.rmvb=01;35:*.flc=01;35:*.avi=01;35:*.fli=01;35:*.flv=01;35:*.gl=01;35:*.dl=01;35:*.xcf=01;35:*.xwd=01;35:*.yuv=01;35:*.cgm=01;35:*.emf=01;35:*.ogv=01;35:*.ogx=01;35:*.aac=00;36:*.au=00;36:*.flac=00;36:*.m4a=00;36:*.mid=00;36:*.midi=00;36:*.mka=00;36:*.mp3=00;36:*.mpc=00;36:*.ogg=00;36:*.ra=00;36:*.wav=00;36:*.oga=00;36:*.opus=00;36:*.spx=00;36:*.xspf=00;36:'), ('AMENT_PREFIX_PATH', '/root/common/indy-ros2/install/indy_description:/opt/ros/humble'), ('DEBIAN_FRONTEND', 'noninteractive'), ('NV_NVTX_VERSION', '11.8.86-1'), ('NV_LIBNPP_VERSION', '11.8.0.86-1'), ('PWD', '/root/common/indy-ros2/build/indy_moveit'), ('PYTHONPATH', '/opt/ros/humble/local/lib/python3.10/dist-packages:/opt/ros/humble/lib/python3.10/site-packages'), ('NVIDIA_VISIBLE_DEVICES', 'all'), ('NCCL_VERSION', '2.15.5-1'), ('DEBCONF_NOWARNINGS', 'yes'), ('COLCON', '1'), ('CMAKE_PREFIX_PATH', '/root/common/indy-ros2/install/indy_description:/opt/ros/humble')]), 'shell': False}
[0.153644] (indy_gazebo) CommandEnded: {'returncode': 0}
[0.160810] (indy_driver) StdoutLine: {'line': b'Built target ament_cmake_python_copy_indy_driver\n'}
[0.170411] (indy_gazebo) JobProgress: {'identifier': 'indy_gazebo', 'progress': 'install'}
[0.171280] (indy_gazebo) Command: {'cmd': ['/usr/bin/cmake', '--install', '/root/common/indy-ros2/build/indy_gazebo'], 'cwd': '/root/common/indy-ros2/build/indy_gazebo', 'env': OrderedDict([('NV_LIBCUBLAS_VERSION', '11.11.3.6-1'), ('NV_CUDA_COMPAT_PACKAGE', 'cuda-compat-11-8'), ('HOSTNAME', 'idim'), ('SHLVL', '1'), ('LD_LIBRARY_PATH', '/usr/lib/x86_64-linux-gnu/gazebo-11/plugins:/opt/ros/humble/opt/rviz_ogre_vendor/lib:/opt/ros/humble/lib/x86_64-linux-gnu:/opt/ros/humble/lib'), ('NV_LIBNCCL_PACKAGE_VERSION', '2.15.5-1'), ('AMENT_CPPCHECK_ALLOW_SLOW_VERSIONS', '1'), ('HOME', '/root'), ('OLDPWD', '/root/ros2_ws/src'), ('ROS_PYTHON_VERSION', '3'), ('PS1', '\\[\x1b[0;33m\\]idim \\W $ \\[\x1b[0m\\]'), ('NV_LIBNPP_PACKAGE', 'libnpp-11-8=11.8.0.86-1'), ('CUDA_VERSION', '11.8.0'), ('COLCON_PREFIX_PATH', '/root/ros2_ws/install:/opt/ros/humble'), ('ROS_DISTRO', 'humble'), ('NV_LIBCUBLAS_PACKAGE_NAME', 'libcublas-11-8'), ('NVIDIA_REQUIRE_CUDA', 'cuda>=11.8 brand=tesla,driver>=470,driver<471 brand=unknown,driver>=470,driver<471 brand=nvidia,driver>=470,driver<471 brand=nvidiartx,driver>=470,driver<471 brand=geforce,driver>=470,driver<471 brand=geforcertx,driver>=470,driver<471 brand=quadro,driver>=470,driver<471 brand=quadrortx,driver>=470,driver<471 brand=titan,driver>=470,driver<471 brand=titanrtx,driver>=470,driver<471'), ('_', '/usr/bin/colcon'), ('ROS_VERSION', '2'), ('NV_LIBCUSPARSE_VERSION', '11.7.5.86-1'), ('NVIDIA_DRIVER_CAPABILITIES', 'graphics,utility,compute'), ('NV_CUDA_LIB_VERSION', '11.8.0-1'), ('NV_LIBNCCL_PACKAGE_NAME', 'libnccl2'), ('TERM', 'xterm'), ('NV_CUDA_CUDART_VERSION', '11.8.89-1'), ('ROS_LOCALHOST_ONLY', '0'), ('QT_X11_NO_MITSHM', '1'), ('PATH', '/opt/ros/humble/bin:/usr/local/nvidia/bin:/usr/local/cuda/bin:/usr/local/sbin:/usr/local/bin:/usr/sbin:/usr/bin:/sbin:/bin'), ('NV_LIBCUBLAS_PACKAGE', 'libcublas-11-8=11.11.3.6-1'), ('NVARCH', 'x86_64'), ('DISPLAY', ':1'), ('NV_LIBNCCL_PACKAGE', 'libnccl2=2.15.5-1+cuda11.8'), ('NVIDIA_PRODUCT_NAME', 'CUDA'), ('LANG', 'en_US.UTF-8'), ('XAUTHORITY', '/tmp/.docker.xauth'), ('LS_COLORS', 'rs=0:di=01;34:ln=01;36:mh=00:pi=40;33:so=01;35:do=01;35:bd=40;33;01:cd=40;33;01:or=40;31;01:mi=00:su=37;41:sg=30;43:ca=30;41:tw=30;42:ow=34;42:st=37;44:ex=01;32:*.tar=01;31:*.tgz=01;31:*.arc=01;31:*.arj=01;31:*.taz=01;31:*.lha=01;31:*.lz4=01;31:*.lzh=01;31:*.lzma=01;31:*.tlz=01;31:*.txz=01;31:*.tzo=01;31:*.t7z=01;31:*.zip=01;31:*.z=01;31:*.dz=01;31:*.gz=01;31:*.lrz=01;31:*.lz=01;31:*.lzo=01;31:*.xz=01;31:*.zst=01;31:*.tzst=01;31:*.bz2=01;31:*.bz=01;31:*.tbz=01;31:*.tbz2=01;31:*.tz=01;31:*.deb=01;31:*.rpm=01;31:*.jar=01;31:*.war=01;31:*.ear=01;31:*.sar=01;31:*.rar=01;31:*.alz=01;31:*.ace=01;31:*.zoo=01;31:*.cpio=01;31:*.7z=01;31:*.rz=01;31:*.cab=01;31:*.wim=01;31:*.swm=01;31:*.dwm=01;31:*.esd=01;31:*.jpg=01;35:*.jpeg=01;35:*.mjpg=01;35:*.mjpeg=01;35:*.gif=01;35:*.bmp=01;35:*.pbm=01;35:*.pgm=01;35:*.ppm=01;35:*.tga=01;35:*.xbm=01;35:*.xpm=01;35:*.tif=01;35:*.tiff=01;35:*.png=01;35:*.svg=01;35:*.svgz=01;35:*.mng=01;35:*.pcx=01;35:*.mov=01;35:*.mpg=01;35:*.mpeg=01;35:*.m2v=01;35:*.mkv=01;35:*.webm=01;35:*.webp=01;35:*.ogm=01;35:*.mp4=01;35:*.m4v=01;35:*.mp4v=01;35:*.vob=01;35:*.qt=01;35:*.nuv=01;35:*.wmv=01;35:*.asf=01;35:*.rm=01;35:*.rmvb=01;35:*.flc=01;35:*.avi=01;35:*.fli=01;35:*.flv=01;35:*.gl=01;35:*.dl=01;35:*.xcf=01;35:*.xwd=01;35:*.yuv=01;35:*.cgm=01;35:*.emf=01;35:*.ogv=01;35:*.ogx=01;35:*.aac=00;36:*.au=00;36:*.flac=00;36:*.m4a=00;36:*.mid=00;36:*.midi=00;36:*.mka=00;36:*.mp3=00;36:*.mpc=00;36:*.ogg=00;36:*.ra=00;36:*.wav=00;36:*.oga=00;36:*.opus=00;36:*.spx=00;36:*.xspf=00;36:'), ('AMENT_PREFIX_PATH', '/root/common/indy-ros2/install/indy_description:/opt/ros/humble'), ('DEBIAN_FRONTEND', 'noninteractive'), ('NV_NVTX_VERSION', '11.8.86-1'), ('NV_LIBNPP_VERSION', '11.8.0.86-1'), ('PWD', '/root/common/indy-ros2/build/indy_gazebo'), ('PYTHONPATH', '/opt/ros/humble/local/lib/python3.10/dist-packages:/opt/ros/humble/lib/python3.10/site-packages'), ('NVIDIA_VISIBLE_DEVICES', 'all'), ('NCCL_VERSION', '2.15.5-1'), ('DEBCONF_NOWARNINGS', 'yes'), ('COLCON', '1'), ('CMAKE_PREFIX_PATH', '/root/common/indy-ros2/install/indy_description:/opt/ros/humble')]), 'shell': False}
[0.172089] (indy_moveit) StdoutLine: {'line': b'Built target ament_cmake_python_copy_indy_moveit\n'}
[0.174497] (indy_gazebo) StdoutLine: {'line': b'-- Install configuration: ""\n'}
[0.174700] (indy_gazebo) StdoutLine: {'line': b'-- Up-to-date: /root/common/indy-ros2/install/indy_gazebo/share/indy_gazebo//launch\n'}
[0.174876] (indy_gazebo) StdoutLine: {'line': b'-- Up-to-date: /root/common/indy-ros2/install/indy_gazebo/share/indy_gazebo//launch/indy_gazebo.launch.py\n'}
[0.175036] (indy_gazebo) StdoutLine: {'line': b'-- Up-to-date: /root/common/indy-ros2/install/indy_gazebo/share/indy_gazebo//controller\n'}
[0.175211] (indy_gazebo) StdoutLine: {'line': b'-- Up-to-date: /root/common/indy-ros2/install/indy_gazebo/share/indy_gazebo//controller/indy_controllers_7dof.yaml\n'}
[0.175322] (indy_gazebo) StdoutLine: {'line': b'-- Up-to-date: /root/common/indy-ros2/install/indy_gazebo/share/indy_gazebo//controller/indy_controllers_6dof.yaml\n'}
[0.175409] (indy_gazebo) StdoutLine: {'line': b'-- Up-to-date: /root/common/indy-ros2/install/indy_gazebo/share/ament_index/resource_index/package_run_dependencies/indy_gazebo\n'}
[0.175581] (indy_gazebo) StdoutLine: {'line': b'-- Up-to-date: /root/common/indy-ros2/install/indy_gazebo/share/ament_index/resource_index/parent_prefix_path/indy_gazebo\n'}
[0.175670] (indy_gazebo) StdoutLine: {'line': b'-- Up-to-date: /root/common/indy-ros2/install/indy_gazebo/share/indy_gazebo/environment/ament_prefix_path.sh\n'}
[0.175761] (indy_gazebo) StdoutLine: {'line': b'-- Up-to-date: /root/common/indy-ros2/install/indy_gazebo/share/indy_gazebo/environment/ament_prefix_path.dsv\n'}
[0.175847] (indy_gazebo) StdoutLine: {'line': b'-- Up-to-date: /root/common/indy-ros2/install/indy_gazebo/share/indy_gazebo/environment/path.sh\n'}
[0.175932] (indy_gazebo) StdoutLine: {'line': b'-- Up-to-date: /root/common/indy-ros2/install/indy_gazebo/share/indy_gazebo/environment/path.dsv\n'}
[0.176016] (indy_gazebo) StdoutLine: {'line': b'-- Up-to-date: /root/common/indy-ros2/install/indy_gazebo/share/indy_gazebo/local_setup.bash\n'}
[0.176101] (indy_gazebo) StdoutLine: {'line': b'-- Up-to-date: /root/common/indy-ros2/install/indy_gazebo/share/indy_gazebo/local_setup.sh\n'}
[0.176310] (indy_gazebo) StdoutLine: {'line': b'-- Up-to-date: /root/common/indy-ros2/install/indy_gazebo/share/indy_gazebo/local_setup.zsh\n'}
[0.176555] (indy_gazebo) StdoutLine: {'line': b'-- Up-to-date: /root/common/indy-ros2/install/indy_gazebo/share/indy_gazebo/local_setup.dsv\n'}
[0.176866] (indy_gazebo) StdoutLine: {'line': b'-- Installing: /root/common/indy-ros2/install/indy_gazebo/share/indy_gazebo/package.dsv\n'}
[0.177454] (indy_gazebo) StdoutLine: {'line': b'-- Up-to-date: /root/common/indy-ros2/install/indy_gazebo/share/ament_index/resource_index/packages/indy_gazebo\n'}
[0.177754] (indy_gazebo) StdoutLine: {'line': b'-- Up-to-date: /root/common/indy-ros2/install/indy_gazebo/share/indy_gazebo/cmake/indy_gazeboConfig.cmake\n'}
[0.177834] (indy_gazebo) StdoutLine: {'line': b'-- Up-to-date: /root/common/indy-ros2/install/indy_gazebo/share/indy_gazebo/cmake/indy_gazeboConfig-version.cmake\n'}
[0.177915] (indy_gazebo) StdoutLine: {'line': b'-- Up-to-date: /root/common/indy-ros2/install/indy_gazebo/share/indy_gazebo/package.xml\n'}
[0.178017] (indy_gazebo) CommandEnded: {'returncode': 0}
[0.199618] (-) TimerEvent: {}
[0.202359] (indy_gazebo) JobEnded: {'identifier': 'indy_gazebo', 'rc': 0}
[0.299730] (-) TimerEvent: {}
[0.316331] (indy_interfaces) StdoutLine: {'line': b'running egg_info\n'}
[0.316934] (indy_interfaces) StdoutLine: {'line': b'writing indy_interfaces.egg-info/PKG-INFO\n'}
[0.317095] (indy_interfaces) StdoutLine: {'line': b'writing dependency_links to indy_interfaces.egg-info/dependency_links.txt\n'}
[0.317214] (indy_interfaces) StdoutLine: {'line': b'writing top-level names to indy_interfaces.egg-info/top_level.txt\n'}
[0.319008] (indy_interfaces) StdoutLine: {'line': b"reading manifest file 'indy_interfaces.egg-info/SOURCES.txt'\n"}
[0.319588] (indy_interfaces) StdoutLine: {'line': b"writing manifest file 'indy_interfaces.egg-info/SOURCES.txt'\n"}
[0.336470] (indy_interfaces) StdoutLine: {'line': b'[100%] Built target ament_cmake_python_build_indy_interfaces_egg\n'}
[0.341016] (indy_interfaces) CommandEnded: {'returncode': 0}
[0.380220] (indy_driver) StdoutLine: {'line': b'running egg_info\n'}
[0.380781] (indy_driver) StdoutLine: {'line': b'writing indy_driver.egg-info/PKG-INFO\n'}
[0.380945] (indy_driver) StdoutLine: {'line': b'writing dependency_links to indy_driver.egg-info/dependency_links.txt\n'}
[0.381092] (indy_driver) StdoutLine: {'line': b'writing top-level names to indy_driver.egg-info/top_level.txt\n'}
[0.383128] (indy_driver) StdoutLine: {'line': b"reading manifest file 'indy_driver.egg-info/SOURCES.txt'\n"}
[0.383836] (indy_driver) StdoutLine: {'line': b"writing manifest file 'indy_driver.egg-info/SOURCES.txt'\n"}
[0.399803] (-) TimerEvent: {}
[0.403555] (indy_driver) StdoutLine: {'line': b'Built target ament_cmake_python_build_indy_driver_egg\n'}
[0.407684] (indy_driver) CommandEnded: {'returncode': 0}
[0.411744] (indy_moveit) StdoutLine: {'line': b'running egg_info\n'}
[0.412637] (indy_moveit) StdoutLine: {'line': b'writing indy_moveit.egg-info/PKG-INFO\n'}
[0.412812] (indy_moveit) StdoutLine: {'line': b'writing dependency_links to indy_moveit.egg-info/dependency_links.txt\n'}
[0.413073] (indy_moveit) StdoutLine: {'line': b'writing top-level names to indy_moveit.egg-info/top_level.txt\n'}
[0.414682] (indy_moveit) StdoutLine: {'line': b"reading manifest file 'indy_moveit.egg-info/SOURCES.txt'\n"}
[0.415264] (indy_moveit) StdoutLine: {'line': b"writing manifest file 'indy_moveit.egg-info/SOURCES.txt'\n"}
[0.423069] (indy_driver) JobProgress: {'identifier': 'indy_driver', 'progress': 'install'}
[0.423434] (indy_driver) Command: {'cmd': ['/usr/bin/cmake', '--install', '/root/common/indy-ros2/build/indy_driver'], 'cwd': '/root/common/indy-ros2/build/indy_driver', 'env': OrderedDict([('NV_LIBCUBLAS_VERSION', '11.11.3.6-1'), ('NV_CUDA_COMPAT_PACKAGE', 'cuda-compat-11-8'), ('HOSTNAME', 'idim'), ('SHLVL', '1'), ('LD_LIBRARY_PATH', '/usr/lib/x86_64-linux-gnu/gazebo-11/plugins:/opt/ros/humble/opt/rviz_ogre_vendor/lib:/opt/ros/humble/lib/x86_64-linux-gnu:/opt/ros/humble/lib'), ('NV_LIBNCCL_PACKAGE_VERSION', '2.15.5-1'), ('AMENT_CPPCHECK_ALLOW_SLOW_VERSIONS', '1'), ('HOME', '/root'), ('OLDPWD', '/root/ros2_ws/src'), ('ROS_PYTHON_VERSION', '3'), ('PS1', '\\[\x1b[0;33m\\]idim \\W $ \\[\x1b[0m\\]'), ('NV_LIBNPP_PACKAGE', 'libnpp-11-8=11.8.0.86-1'), ('CUDA_VERSION', '11.8.0'), ('COLCON_PREFIX_PATH', '/root/ros2_ws/install:/opt/ros/humble'), ('ROS_DISTRO', 'humble'), ('NV_LIBCUBLAS_PACKAGE_NAME', 'libcublas-11-8'), ('NVIDIA_REQUIRE_CUDA', 'cuda>=11.8 brand=tesla,driver>=470,driver<471 brand=unknown,driver>=470,driver<471 brand=nvidia,driver>=470,driver<471 brand=nvidiartx,driver>=470,driver<471 brand=geforce,driver>=470,driver<471 brand=geforcertx,driver>=470,driver<471 brand=quadro,driver>=470,driver<471 brand=quadrortx,driver>=470,driver<471 brand=titan,driver>=470,driver<471 brand=titanrtx,driver>=470,driver<471'), ('_', '/usr/bin/colcon'), ('ROS_VERSION', '2'), ('NV_LIBCUSPARSE_VERSION', '11.7.5.86-1'), ('NVIDIA_DRIVER_CAPABILITIES', 'graphics,utility,compute'), ('NV_CUDA_LIB_VERSION', '11.8.0-1'), ('NV_LIBNCCL_PACKAGE_NAME', 'libnccl2'), ('TERM', 'xterm'), ('NV_CUDA_CUDART_VERSION', '11.8.89-1'), ('ROS_LOCALHOST_ONLY', '0'), ('QT_X11_NO_MITSHM', '1'), ('PATH', '/opt/ros/humble/bin:/usr/local/nvidia/bin:/usr/local/cuda/bin:/usr/local/sbin:/usr/local/bin:/usr/sbin:/usr/bin:/sbin:/bin'), ('NV_LIBCUBLAS_PACKAGE', 'libcublas-11-8=11.11.3.6-1'), ('NVARCH', 'x86_64'), ('DISPLAY', ':1'), ('NV_LIBNCCL_PACKAGE', 'libnccl2=2.15.5-1+cuda11.8'), ('NVIDIA_PRODUCT_NAME', 'CUDA'), ('LANG', 'en_US.UTF-8'), ('XAUTHORITY', '/tmp/.docker.xauth'), ('LS_COLORS', 'rs=0:di=01;34:ln=01;36:mh=00:pi=40;33:so=01;35:do=01;35:bd=40;33;01:cd=40;33;01:or=40;31;01:mi=00:su=37;41:sg=30;43:ca=30;41:tw=30;42:ow=34;42:st=37;44:ex=01;32:*.tar=01;31:*.tgz=01;31:*.arc=01;31:*.arj=01;31:*.taz=01;31:*.lha=01;31:*.lz4=01;31:*.lzh=01;31:*.lzma=01;31:*.tlz=01;31:*.txz=01;31:*.tzo=01;31:*.t7z=01;31:*.zip=01;31:*.z=01;31:*.dz=01;31:*.gz=01;31:*.lrz=01;31:*.lz=01;31:*.lzo=01;31:*.xz=01;31:*.zst=01;31:*.tzst=01;31:*.bz2=01;31:*.bz=01;31:*.tbz=01;31:*.tbz2=01;31:*.tz=01;31:*.deb=01;31:*.rpm=01;31:*.jar=01;31:*.war=01;31:*.ear=01;31:*.sar=01;31:*.rar=01;31:*.alz=01;31:*.ace=01;31:*.zoo=01;31:*.cpio=01;31:*.7z=01;31:*.rz=01;31:*.cab=01;31:*.wim=01;31:*.swm=01;31:*.dwm=01;31:*.esd=01;31:*.jpg=01;35:*.jpeg=01;35:*.mjpg=01;35:*.mjpeg=01;35:*.gif=01;35:*.bmp=01;35:*.pbm=01;35:*.pgm=01;35:*.ppm=01;35:*.tga=01;35:*.xbm=01;35:*.xpm=01;35:*.tif=01;35:*.tiff=01;35:*.png=01;35:*.svg=01;35:*.svgz=01;35:*.mng=01;35:*.pcx=01;35:*.mov=01;35:*.mpg=01;35:*.mpeg=01;35:*.m2v=01;35:*.mkv=01;35:*.webm=01;35:*.webp=01;35:*.ogm=01;35:*.mp4=01;35:*.m4v=01;35:*.mp4v=01;35:*.vob=01;35:*.qt=01;35:*.nuv=01;35:*.wmv=01;35:*.asf=01;35:*.rm=01;35:*.rmvb=01;35:*.flc=01;35:*.avi=01;35:*.fli=01;35:*.flv=01;35:*.gl=01;35:*.dl=01;35:*.xcf=01;35:*.xwd=01;35:*.yuv=01;35:*.cgm=01;35:*.emf=01;35:*.ogv=01;35:*.ogx=01;35:*.aac=00;36:*.au=00;36:*.flac=00;36:*.m4a=00;36:*.mid=00;36:*.midi=00;36:*.mka=00;36:*.mp3=00;36:*.mpc=00;36:*.ogg=00;36:*.ra=00;36:*.wav=00;36:*.oga=00;36:*.opus=00;36:*.spx=00;36:*.xspf=00;36:'), ('AMENT_PREFIX_PATH', '/root/common/indy-ros2/install/indy_description:/opt/ros/humble'), ('DEBIAN_FRONTEND', 'noninteractive'), ('NV_NVTX_VERSION', '11.8.86-1'), ('NV_LIBNPP_VERSION', '11.8.0.86-1'), ('PWD', '/root/common/indy-ros2/build/indy_driver'), ('PYTHONPATH', '/opt/ros/humble/local/lib/python3.10/dist-packages:/opt/ros/humble/lib/python3.10/site-packages'), ('NVIDIA_VISIBLE_DEVICES', 'all'), ('NCCL_VERSION', '2.15.5-1'), ('DEBCONF_NOWARNINGS', 'yes'), ('COLCON', '1'), ('CMAKE_PREFIX_PATH', '/root/common/indy-ros2/install/indy_description:/opt/ros/humble')]), 'shell': False}
[0.426845] (indy_driver) StdoutLine: {'line': b'-- Install configuration: ""\n'}
[0.427099] (indy_driver) StdoutLine: {'line': b'-- Up-to-date: /root/common/indy-ros2/install/indy_driver/share/indy_driver//launch\n'}
[0.427305] (indy_driver) StdoutLine: {'line': b'-- Up-to-date: /root/common/indy-ros2/install/indy_driver/share/indy_driver//launch/indy_bringup.launch.py\n'}
[0.427653] (indy_driver) StdoutLine: {'line': b'-- Up-to-date: /root/common/indy-ros2/install/indy_driver/share/indy_driver//controller\n'}
[0.427779] (indy_driver) StdoutLine: {'line': b'-- Up-to-date: /root/common/indy-ros2/install/indy_driver/share/indy_driver//controller/indy_controllers_7dof.yaml\n'}
[0.427999] (indy_driver) StdoutLine: {'line': b'-- Up-to-date: /root/common/indy-ros2/install/indy_driver/share/indy_driver//controller/indy_controllers_6dof.yaml\n'}
[0.428082] (indy_driver) StdoutLine: {'line': b'-- Up-to-date: /root/common/indy-ros2/install/indy_driver/lib/indy_driver/indy_driver.py\n'}
[0.428221] (indy_driver) StdoutLine: {'line': b'-- Up-to-date: /root/common/indy-ros2/install/indy_driver/lib/indy_driver/servo_joy_input.py\n'}
[0.428275] (indy_driver) StdoutLine: {'line': b'-- Up-to-date: /root/common/indy-ros2/install/indy_driver/lib/indy_driver/servo_keyboard_input.py\n'}
[0.428325] (indy_driver) StdoutLine: {'line': b'-- Up-to-date: /root/common/indy-ros2/install/indy_driver/lib/indy_driver/indy_define.py\n'}
[0.428376] (indy_driver) StdoutLine: {'line': b'-- Up-to-date: /root/common/indy-ros2/install/indy_driver/share/indy_driver/environment/pythonpath.sh\n'}
[0.428425] (indy_driver) StdoutLine: {'line': b'-- Up-to-date: /root/common/indy-ros2/install/indy_driver/share/indy_driver/environment/pythonpath.dsv\n'}
[0.428475] (indy_driver) StdoutLine: {'line': b'-- Up-to-date: /root/common/indy-ros2/install/indy_driver/local/lib/python3.10/dist-packages/indy_driver-1.0.0-py3.10.egg-info\n'}
[0.428527] (indy_driver) StdoutLine: {'line': b'-- Installing: /root/common/indy-ros2/install/indy_driver/local/lib/python3.10/dist-packages/indy_driver-1.0.0-py3.10.egg-info/SOURCES.txt\n'}
[0.428578] (indy_driver) StdoutLine: {'line': b'-- Installing: /root/common/indy-ros2/install/indy_driver/local/lib/python3.10/dist-packages/indy_driver-1.0.0-py3.10.egg-info/PKG-INFO\n'}
[0.428701] (indy_driver) StdoutLine: {'line': b'-- Installing: /root/common/indy-ros2/install/indy_driver/local/lib/python3.10/dist-packages/indy_driver-1.0.0-py3.10.egg-info/dependency_links.txt\n'}
[0.428752] (indy_driver) StdoutLine: {'line': b'-- Installing: /root/common/indy-ros2/install/indy_driver/local/lib/python3.10/dist-packages/indy_driver-1.0.0-py3.10.egg-info/top_level.txt\n'}
[0.428801] (indy_driver) StdoutLine: {'line': b'-- Up-to-date: /root/common/indy-ros2/install/indy_driver/local/lib/python3.10/dist-packages/indy_driver\n'}
[0.428850] (indy_driver) StdoutLine: {'line': b'-- Up-to-date: /root/common/indy-ros2/install/indy_driver/local/lib/python3.10/dist-packages/indy_driver/__init__.py\n'}
[0.428899] (indy_driver) StdoutLine: {'line': b'-- Up-to-date: /root/common/indy-ros2/install/indy_driver/local/lib/python3.10/dist-packages/indy_driver/indy_driver.py\n'}
[0.428948] (indy_driver) StdoutLine: {'line': b'-- Up-to-date: /root/common/indy-ros2/install/indy_driver/local/lib/python3.10/dist-packages/indy_driver/servo_keyboard_input.py\n'}
[0.428997] (indy_driver) StdoutLine: {'line': b'-- Up-to-date: /root/common/indy-ros2/install/indy_driver/local/lib/python3.10/dist-packages/indy_driver/indy_define.py\n'}
[0.429046] (indy_driver) StdoutLine: {'line': b'-- Up-to-date: /root/common/indy-ros2/install/indy_driver/local/lib/python3.10/dist-packages/indy_driver/servo_joy_input.py\n'}
[0.435475] (indy_moveit) StdoutLine: {'line': b'Built target ament_cmake_python_build_indy_moveit_egg\n'}
[0.436224] (indy_interfaces) JobProgress: {'identifier': 'indy_interfaces', 'progress': 'install'}
[0.436824] (indy_interfaces) Command: {'cmd': ['/usr/bin/cmake', '--install', '/root/common/indy-ros2/build/indy_interfaces'], 'cwd': '/root/common/indy-ros2/build/indy_interfaces', 'env': OrderedDict([('NV_LIBCUBLAS_VERSION', '11.11.3.6-1'), ('NV_CUDA_COMPAT_PACKAGE', 'cuda-compat-11-8'), ('HOSTNAME', 'idim'), ('SHLVL', '1'), ('LD_LIBRARY_PATH', '/usr/lib/x86_64-linux-gnu/gazebo-11/plugins:/opt/ros/humble/opt/rviz_ogre_vendor/lib:/opt/ros/humble/lib/x86_64-linux-gnu:/opt/ros/humble/lib'), ('NV_LIBNCCL_PACKAGE_VERSION', '2.15.5-1'), ('AMENT_CPPCHECK_ALLOW_SLOW_VERSIONS', '1'), ('HOME', '/root'), ('OLDPWD', '/root/ros2_ws/src'), ('ROS_PYTHON_VERSION', '3'), ('PS1', '\\[\x1b[0;33m\\]idim \\W $ \\[\x1b[0m\\]'), ('NV_LIBNPP_PACKAGE', 'libnpp-11-8=11.8.0.86-1'), ('CUDA_VERSION', '11.8.0'), ('COLCON_PREFIX_PATH', '/root/ros2_ws/install:/opt/ros/humble'), ('ROS_DISTRO', 'humble'), ('NV_LIBCUBLAS_PACKAGE_NAME', 'libcublas-11-8'), ('NVIDIA_REQUIRE_CUDA', 'cuda>=11.8 brand=tesla,driver>=470,driver<471 brand=unknown,driver>=470,driver<471 brand=nvidia,driver>=470,driver<471 brand=nvidiartx,driver>=470,driver<471 brand=geforce,driver>=470,driver<471 brand=geforcertx,driver>=470,driver<471 brand=quadro,driver>=470,driver<471 brand=quadrortx,driver>=470,driver<471 brand=titan,driver>=470,driver<471 brand=titanrtx,driver>=470,driver<471'), ('_', '/usr/bin/colcon'), ('ROS_VERSION', '2'), ('NV_LIBCUSPARSE_VERSION', '11.7.5.86-1'), ('NVIDIA_DRIVER_CAPABILITIES', 'graphics,utility,compute'), ('NV_CUDA_LIB_VERSION', '11.8.0-1'), ('NV_LIBNCCL_PACKAGE_NAME', 'libnccl2'), ('TERM', 'xterm'), ('NV_CUDA_CUDART_VERSION', '11.8.89-1'), ('ROS_LOCALHOST_ONLY', '0'), ('QT_X11_NO_MITSHM', '1'), ('PATH', '/opt/ros/humble/bin:/usr/local/nvidia/bin:/usr/local/cuda/bin:/usr/local/sbin:/usr/local/bin:/usr/sbin:/usr/bin:/sbin:/bin'), ('NV_LIBCUBLAS_PACKAGE', 'libcublas-11-8=11.11.3.6-1'), ('NVARCH', 'x86_64'), ('DISPLAY', ':1'), ('NV_LIBNCCL_PACKAGE', 'libnccl2=2.15.5-1+cuda11.8'), ('NVIDIA_PRODUCT_NAME', 'CUDA'), ('LANG', 'en_US.UTF-8'), ('XAUTHORITY', '/tmp/.docker.xauth'), ('LS_COLORS', 'rs=0:di=01;34:ln=01;36:mh=00:pi=40;33:so=01;35:do=01;35:bd=40;33;01:cd=40;33;01:or=40;31;01:mi=00:su=37;41:sg=30;43:ca=30;41:tw=30;42:ow=34;42:st=37;44:ex=01;32:*.tar=01;31:*.tgz=01;31:*.arc=01;31:*.arj=01;31:*.taz=01;31:*.lha=01;31:*.lz4=01;31:*.lzh=01;31:*.lzma=01;31:*.tlz=01;31:*.txz=01;31:*.tzo=01;31:*.t7z=01;31:*.zip=01;31:*.z=01;31:*.dz=01;31:*.gz=01;31:*.lrz=01;31:*.lz=01;31:*.lzo=01;31:*.xz=01;31:*.zst=01;31:*.tzst=01;31:*.bz2=01;31:*.bz=01;31:*.tbz=01;31:*.tbz2=01;31:*.tz=01;31:*.deb=01;31:*.rpm=01;31:*.jar=01;31:*.war=01;31:*.ear=01;31:*.sar=01;31:*.rar=01;31:*.alz=01;31:*.ace=01;31:*.zoo=01;31:*.cpio=01;31:*.7z=01;31:*.rz=01;31:*.cab=01;31:*.wim=01;31:*.swm=01;31:*.dwm=01;31:*.esd=01;31:*.jpg=01;35:*.jpeg=01;35:*.mjpg=01;35:*.mjpeg=01;35:*.gif=01;35:*.bmp=01;35:*.pbm=01;35:*.pgm=01;35:*.ppm=01;35:*.tga=01;35:*.xbm=01;35:*.xpm=01;35:*.tif=01;35:*.tiff=01;35:*.png=01;35:*.svg=01;35:*.svgz=01;35:*.mng=01;35:*.pcx=01;35:*.mov=01;35:*.mpg=01;35:*.mpeg=01;35:*.m2v=01;35:*.mkv=01;35:*.webm=01;35:*.webp=01;35:*.ogm=01;35:*.mp4=01;35:*.m4v=01;35:*.mp4v=01;35:*.vob=01;35:*.qt=01;35:*.nuv=01;35:*.wmv=01;35:*.asf=01;35:*.rm=01;35:*.rmvb=01;35:*.flc=01;35:*.avi=01;35:*.fli=01;35:*.flv=01;35:*.gl=01;35:*.dl=01;35:*.xcf=01;35:*.xwd=01;35:*.yuv=01;35:*.cgm=01;35:*.emf=01;35:*.ogv=01;35:*.ogx=01;35:*.aac=00;36:*.au=00;36:*.flac=00;36:*.m4a=00;36:*.mid=00;36:*.midi=00;36:*.mka=00;36:*.mp3=00;36:*.mpc=00;36:*.ogg=00;36:*.ra=00;36:*.wav=00;36:*.oga=00;36:*.opus=00;36:*.spx=00;36:*.xspf=00;36:'), ('AMENT_PREFIX_PATH', '/opt/ros/humble'), ('DEBIAN_FRONTEND', 'noninteractive'), ('NV_NVTX_VERSION', '11.8.86-1'), ('NV_LIBNPP_VERSION', '11.8.0.86-1'), ('PWD', '/root/common/indy-ros2/build/indy_interfaces'), ('PYTHONPATH', '/opt/ros/humble/local/lib/python3.10/dist-packages:/opt/ros/humble/lib/python3.10/site-packages'), ('NVIDIA_VISIBLE_DEVICES', 'all'), ('NCCL_VERSION', '2.15.5-1'), ('DEBCONF_NOWARNINGS', 'yes'), ('COLCON', '1'), ('CMAKE_PREFIX_PATH', '/opt/ros/humble')]), 'shell': False}
[0.439895] (indy_moveit) CommandEnded: {'returncode': 0}
[0.440554] (indy_interfaces) StdoutLine: {'line': b'-- Install configuration: ""\n'}
[0.440826] (indy_interfaces) StdoutLine: {'line': b'-- Up-to-date: /root/common/indy-ros2/install/indy_interfaces/share/ament_index/resource_index/rosidl_interfaces/indy_interfaces\n'}
[0.441395] (indy_interfaces) StdoutLine: {'line': b'-- Up-to-date: /root/common/indy-ros2/install/indy_interfaces/include/indy_interfaces/indy_interfaces\n'}
[0.441815] (indy_interfaces) StdoutLine: {'line': b'-- Up-to-date: /root/common/indy-ros2/install/indy_interfaces/include/indy_interfaces/indy_interfaces/msg\n'}
[0.442142] (indy_interfaces) StdoutLine: {'line': b'-- Up-to-date: /root/common/indy-ros2/install/indy_interfaces/include/indy_interfaces/indy_interfaces/msg/servo_rx.h\n'}
[0.442579] (indy_interfaces) StdoutLine: {'line': b'-- Up-to-date: /root/common/indy-ros2/install/indy_interfaces/include/indy_interfaces/indy_interfaces/msg/detail\n'}
[0.442743] (indy_interfaces) StdoutLine: {'line': b'-- Up-to-date: /root/common/indy-ros2/install/indy_interfaces/include/indy_interfaces/indy_interfaces/msg/detail/servo_rx__functions.c\n'}
[0.442888] (indy_interfaces) StdoutLine: {'line': b'-- Up-to-date: /root/common/indy-ros2/install/indy_interfaces/include/indy_interfaces/indy_interfaces/msg/detail/servo_tx__type_support.h\n'}
[0.443017] (indy_interfaces) StdoutLine: {'line': b'-- Up-to-date: /root/common/indy-ros2/install/indy_interfaces/include/indy_interfaces/indy_interfaces/msg/detail/servo_rx__struct.h\n'}
[0.443148] (indy_interfaces) StdoutLine: {'line': b'-- Up-to-date: /root/common/indy-ros2/install/indy_interfaces/include/indy_interfaces/indy_interfaces/msg/detail/servo_data_array__struct.h\n'}
[0.443301] (indy_interfaces) StdoutLine: {'line': b'-- Up-to-date: /root/common/indy-ros2/install/indy_interfaces/include/indy_interfaces/indy_interfaces/msg/detail/servo_data_array__functions.h\n'}
[0.443436] (indy_interfaces) StdoutLine: {'line': b'-- Up-to-date: /root/common/indy-ros2/install/indy_interfaces/include/indy_interfaces/indy_interfaces/msg/detail/servo_data_array__type_support.h\n'}
[0.443645] (indy_interfaces) StdoutLine: {'line': b'-- Up-to-date: /root/common/indy-ros2/install/indy_interfaces/include/indy_interfaces/indy_interfaces/msg/detail/servo_rx__type_support.h\n'}
[0.443881] (indy_interfaces) StdoutLine: {'line': b'-- Up-to-date: /root/common/indy-ros2/install/indy_interfaces/include/indy_interfaces/indy_interfaces/msg/detail/servo_rx__functions.h\n'}
[0.444079] (indy_interfaces) StdoutLine: {'line': b'-- Up-to-date: /root/common/indy-ros2/install/indy_interfaces/include/indy_interfaces/indy_interfaces/msg/detail/servo_tx__struct.h\n'}
[0.444259] (indy_interfaces) StdoutLine: {'line': b'-- Up-to-date: /root/common/indy-ros2/install/indy_interfaces/include/indy_interfaces/indy_interfaces/msg/detail/servo_data_array__functions.c\n'}
[0.444461] (indy_interfaces) StdoutLine: {'line': b'-- Up-to-date: /root/common/indy-ros2/install/indy_interfaces/include/indy_interfaces/indy_interfaces/msg/detail/servo_tx__functions.c\n'}
[0.444622] (indy_interfaces) StdoutLine: {'line': b'-- Up-to-date: /root/common/indy-ros2/install/indy_interfaces/include/indy_interfaces/indy_interfaces/msg/detail/servo_tx__functions.h\n'}
[0.444743] (indy_interfaces) StdoutLine: {'line': b'-- Up-to-date: /root/common/indy-ros2/install/indy_interfaces/include/indy_interfaces/indy_interfaces/msg/servo_data_array.h\n'}
[0.444901] (indy_interfaces) StdoutLine: {'line': b'-- Up-to-date: /root/common/indy-ros2/install/indy_interfaces/include/indy_interfaces/indy_interfaces/msg/servo_tx.h\n'}
[0.445032] (indy_interfaces) StdoutLine: {'line': b'-- Up-to-date: /root/common/indy-ros2/install/indy_interfaces/include/indy_interfaces/indy_interfaces/msg/rosidl_generator_c__visibility_control.h\n'}
[0.445204] (indy_interfaces) StdoutLine: {'line': b'-- Up-to-date: /root/common/indy-ros2/install/indy_interfaces/include/indy_interfaces/indy_interfaces/srv\n'}
[0.445386] (indy_interfaces) StdoutLine: {'line': b'-- Up-to-date: /root/common/indy-ros2/install/indy_interfaces/include/indy_interfaces/indy_interfaces/srv/detail\n'}
[0.445551] (indy_interfaces) StdoutLine: {'line': b'-- Up-to-date: /root/common/indy-ros2/install/indy_interfaces/include/indy_interfaces/indy_interfaces/srv/detail/indy_service__struct.h\n'}
[0.445674] (indy_interfaces) StdoutLine: {'line': b'-- Up-to-date: /root/common/indy-ros2/install/indy_interfaces/include/indy_interfaces/indy_interfaces/srv/detail/indy_service__functions.c\n'}
[0.445822] (indy_interfaces) StdoutLine: {'line': b'-- Up-to-date: /root/common/indy-ros2/install/indy_interfaces/include/indy_interfaces/indy_interfaces/srv/detail/indy_service__type_support.h\n'}
[0.445939] (indy_interfaces) StdoutLine: {'line': b'-- Up-to-date: /root/common/indy-ros2/install/indy_interfaces/include/indy_interfaces/indy_interfaces/srv/detail/indy_service__functions.h\n'}
[0.446077] (indy_interfaces) StdoutLine: {'line': b'-- Up-to-date: /root/common/indy-ros2/install/indy_interfaces/include/indy_interfaces/indy_interfaces/srv/indy_service.h\n'}
[0.446318] (indy_interfaces) StdoutLine: {'line': b'-- Up-to-date: /root/common/indy-ros2/install/indy_interfaces/share/indy_interfaces/environment/library_path.sh\n'}
[0.446477] (indy_interfaces) StdoutLine: {'line': b'-- Up-to-date: /root/common/indy-ros2/install/indy_interfaces/share/indy_interfaces/environment/library_path.dsv\n'}
[0.446612] (indy_interfaces) StdoutLine: {'line': b'-- Up-to-date: /root/common/indy-ros2/install/indy_interfaces/lib/libindy_interfaces__rosidl_generator_c.so\n'}
[0.446954] (indy_interfaces) StdoutLine: {'line': b'-- Up-to-date: /root/common/indy-ros2/install/indy_interfaces/include/indy_interfaces/indy_interfaces\n'}
[0.447166] (indy_interfaces) StdoutLine: {'line': b'-- Up-to-date: /root/common/indy-ros2/install/indy_interfaces/include/indy_interfaces/indy_interfaces/msg\n'}
[0.447328] (indy_interfaces) StdoutLine: {'line': b'-- Up-to-date: /root/common/indy-ros2/install/indy_interfaces/include/indy_interfaces/indy_interfaces/msg/detail\n'}
[0.447605] (indy_interfaces) StdoutLine: {'line': b'-- Up-to-date: /root/common/indy-ros2/install/indy_interfaces/include/indy_interfaces/indy_interfaces/msg/detail/servo_data_array__rosidl_typesupport_fastrtps_c.h\n'}
[0.447765] (indy_interfaces) StdoutLine: {'line': b'-- Up-to-date: /root/common/indy-ros2/install/indy_interfaces/include/indy_interfaces/indy_interfaces/msg/detail/servo_rx__rosidl_typesupport_fastrtps_c.h\n'}
[0.447826] (indy_interfaces) StdoutLine: {'line': b'-- Up-to-date: /root/common/indy-ros2/install/indy_interfaces/include/indy_interfaces/indy_interfaces/msg/detail/servo_tx__rosidl_typesupport_fastrtps_c.h\n'}
[0.447881] (indy_interfaces) StdoutLine: {'line': b'-- Up-to-date: /root/common/indy-ros2/install/indy_interfaces/include/indy_interfaces/indy_interfaces/msg/rosidl_typesupport_fastrtps_c__visibility_control.h\n'}
[0.447934] (indy_interfaces) StdoutLine: {'line': b'-- Up-to-date: /root/common/indy-ros2/install/indy_interfaces/include/indy_interfaces/indy_interfaces/srv\n'}
[0.447986] (indy_interfaces) StdoutLine: {'line': b'-- Up-to-date: /root/common/indy-ros2/install/indy_interfaces/include/indy_interfaces/indy_interfaces/srv/detail\n'}
[0.448039] (indy_interfaces) StdoutLine: {'line': b'-- Up-to-date: /root/common/indy-ros2/install/indy_interfaces/include/indy_interfaces/indy_interfaces/srv/detail/indy_service__rosidl_typesupport_fastrtps_c.h\n'}
[0.448091] (indy_interfaces) StdoutLine: {'line': b'-- Up-to-date: /root/common/indy-ros2/install/indy_interfaces/lib/libindy_interfaces__rosidl_typesupport_fastrtps_c.so\n'}
[0.448191] (indy_interfaces) StdoutLine: {'line': b'-- Up-to-date: /root/common/indy-ros2/install/indy_interfaces/include/indy_interfaces/indy_interfaces\n'}
[0.448396] (indy_interfaces) StdoutLine: {'line': b'-- Up-to-date: /root/common/indy-ros2/install/indy_interfaces/include/indy_interfaces/indy_interfaces/msg\n'}
[0.448480] (indy_interfaces) StdoutLine: {'line': b'-- Up-to-date: /root/common/indy-ros2/install/indy_interfaces/include/indy_interfaces/indy_interfaces/msg/detail\n'}
[0.448534] (indy_interfaces) StdoutLine: {'line': b'-- Up-to-date: /root/common/indy-ros2/install/indy_interfaces/include/indy_interfaces/indy_interfaces/msg/detail/servo_tx__type_support.c\n'}
[0.448590] (indy_interfaces) StdoutLine: {'line': b'-- Up-to-date: /root/common/indy-ros2/install/indy_interfaces/include/indy_interfaces/indy_interfaces/msg/detail/servo_data_array__type_support.c\n'}
[0.448641] (indy_interfaces) StdoutLine: {'line': b'-- Up-to-date: /root/common/indy-ros2/install/indy_interfaces/include/indy_interfaces/indy_interfaces/msg/detail/servo_tx__rosidl_typesupport_introspection_c.h\n'}
[0.448691] (indy_interfaces) StdoutLine: {'line': b'-- Up-to-date: /root/common/indy-ros2/install/indy_interfaces/include/indy_interfaces/indy_interfaces/msg/detail/servo_data_array__rosidl_typesupport_introspection_c.h\n'}
[0.448740] (indy_interfaces) StdoutLine: {'line': b'-- Up-to-date: /root/common/indy-ros2/install/indy_interfaces/include/indy_interfaces/indy_interfaces/msg/detail/servo_rx__rosidl_typesupport_introspection_c.h\n'}
[0.448789] (indy_interfaces) StdoutLine: {'line': b'-- Up-to-date: /root/common/indy-ros2/install/indy_interfaces/include/indy_interfaces/indy_interfaces/msg/detail/servo_rx__type_support.c\n'}
[0.448953] (indy_interfaces) StdoutLine: {'line': b'-- Up-to-date: /root/common/indy-ros2/install/indy_interfaces/include/indy_interfaces/indy_interfaces/msg/rosidl_typesupport_introspection_c__visibility_control.h\n'}
[0.449020] (indy_interfaces) StdoutLine: {'line': b'-- Up-to-date: /root/common/indy-ros2/install/indy_interfaces/include/indy_interfaces/indy_interfaces/srv\n'}
[0.449076] (indy_interfaces) StdoutLine: {'line': b'-- Up-to-date: /root/common/indy-ros2/install/indy_interfaces/include/indy_interfaces/indy_interfaces/srv/detail\n'}
[0.449137] (indy_interfaces) StdoutLine: {'line': b'-- Up-to-date: /root/common/indy-ros2/install/indy_interfaces/include/indy_interfaces/indy_interfaces/srv/detail/indy_service__type_support.c\n'}
[0.449189] (indy_interfaces) StdoutLine: {'line': b'-- Up-to-date: /root/common/indy-ros2/install/indy_interfaces/include/indy_interfaces/indy_interfaces/srv/detail/indy_service__rosidl_typesupport_introspection_c.h\n'}
[0.449240] (indy_interfaces) StdoutLine: {'line': b'-- Up-to-date: /root/common/indy-ros2/install/indy_interfaces/lib/libindy_interfaces__rosidl_typesupport_introspection_c.so\n'}
[0.449290] (indy_interfaces) StdoutLine: {'line': b'-- Up-to-date: /root/common/indy-ros2/install/indy_interfaces/lib/libindy_interfaces__rosidl_typesupport_c.so\n'}
[0.449340] (indy_interfaces) StdoutLine: {'line': b'-- Up-to-date: /root/common/indy-ros2/install/indy_interfaces/include/indy_interfaces/indy_interfaces\n'}
[0.449389] (indy_interfaces) StdoutLine: {'line': b'-- Up-to-date: /root/common/indy-ros2/install/indy_interfaces/include/indy_interfaces/indy_interfaces/msg\n'}
[0.449438] (indy_interfaces) StdoutLine: {'line': b'-- Up-to-date: /root/common/indy-ros2/install/indy_interfaces/include/indy_interfaces/indy_interfaces/msg/detail\n'}
[0.449487] (indy_interfaces) StdoutLine: {'line': b'-- Up-to-date: /root/common/indy-ros2/install/indy_interfaces/include/indy_interfaces/indy_interfaces/msg/detail/servo_tx__struct.hpp\n'}
[0.449538] (indy_interfaces) StdoutLine: {'line': b'-- Up-to-date: /root/common/indy-ros2/install/indy_interfaces/include/indy_interfaces/indy_interfaces/msg/detail/servo_data_array__struct.hpp\n'}
[0.449588] (indy_interfaces) StdoutLine: {'line': b'-- Up-to-date: /root/common/indy-ros2/install/indy_interfaces/include/indy_interfaces/indy_interfaces/msg/detail/servo_data_array__builder.hpp\n'}
[0.449636] (indy_interfaces) StdoutLine: {'line': b'-- Up-to-date: /root/common/indy-ros2/install/indy_interfaces/include/indy_interfaces/indy_interfaces/msg/detail/servo_tx__traits.hpp\n'}
[0.449686] (indy_interfaces) StdoutLine: {'line': b'-- Up-to-date: /root/common/indy-ros2/install/indy_interfaces/include/indy_interfaces/indy_interfaces/msg/detail/servo_rx__struct.hpp\n'}
[0.449739] (indy_interfaces) StdoutLine: {'line': b'-- Up-to-date: /root/common/indy-ros2/install/indy_interfaces/include/indy_interfaces/indy_interfaces/msg/detail/servo_rx__traits.hpp\n'}
[0.449790] (indy_interfaces) StdoutLine: {'line': b'-- Up-to-date: /root/common/indy-ros2/install/indy_interfaces/include/indy_interfaces/indy_interfaces/msg/detail/servo_tx__builder.hpp\n'}
[0.449903] (indy_interfaces) StdoutLine: {'line': b'-- Up-to-date: /root/common/indy-ros2/install/indy_interfaces/include/indy_interfaces/indy_interfaces/msg/detail/servo_data_array__traits.hpp\n'}
[0.450031] (indy_interfaces) StdoutLine: {'line': b'-- Up-to-date: /root/common/indy-ros2/install/indy_interfaces/include/indy_interfaces/indy_interfaces/msg/detail/servo_rx__builder.hpp\n'}
[0.450160] (indy_interfaces) StdoutLine: {'line': b'-- Up-to-date: /root/common/indy-ros2/install/indy_interfaces/include/indy_interfaces/indy_interfaces/msg/servo_tx.hpp\n'}
[0.450287] (indy_interfaces) StdoutLine: {'line': b'-- Up-to-date: /root/common/indy-ros2/install/indy_interfaces/include/indy_interfaces/indy_interfaces/msg/servo_rx.hpp\n'}
[0.450404] (indy_interfaces) StdoutLine: {'line': b'-- Up-to-date: /root/common/indy-ros2/install/indy_interfaces/include/indy_interfaces/indy_interfaces/msg/servo_data_array.hpp\n'}
[0.450518] (indy_interfaces) StdoutLine: {'line': b'-- Up-to-date: /root/common/indy-ros2/install/indy_interfaces/include/indy_interfaces/indy_interfaces/srv\n'}
[0.450637] (indy_interfaces) StdoutLine: {'line': b'-- Up-to-date: /root/common/indy-ros2/install/indy_interfaces/include/indy_interfaces/indy_interfaces/srv/indy_service.hpp\n'}
[0.450702] (indy_interfaces) StdoutLine: {'line': b'-- Up-to-date: /root/common/indy-ros2/install/indy_interfaces/include/indy_interfaces/indy_interfaces/srv/detail\n'}
[0.450757] (indy_interfaces) StdoutLine: {'line': b'-- Up-to-date: /root/common/indy-ros2/install/indy_interfaces/include/indy_interfaces/indy_interfaces/srv/detail/indy_service__struct.hpp\n'}
[0.450810] (indy_interfaces) StdoutLine: {'line': b'-- Up-to-date: /root/common/indy-ros2/install/indy_interfaces/include/indy_interfaces/indy_interfaces/srv/detail/indy_service__traits.hpp\n'}
[0.451002] (indy_interfaces) StdoutLine: {'line': b'-- Up-to-date: /root/common/indy-ros2/install/indy_interfaces/include/indy_interfaces/indy_interfaces/srv/detail/indy_service__builder.hpp\n'}
[0.451069] (indy_interfaces) StdoutLine: {'line': b'-- Up-to-date: /root/common/indy-ros2/install/indy_interfaces/include/indy_interfaces/indy_interfaces\n'}
[0.451123] (indy_interfaces) StdoutLine: {'line': b'-- Up-to-date: /root/common/indy-ros2/install/indy_interfaces/include/indy_interfaces/indy_interfaces/msg\n'}
[0.451174] (indy_interfaces) StdoutLine: {'line': b'-- Up-to-date: /root/common/indy-ros2/install/indy_interfaces/include/indy_interfaces/indy_interfaces/msg/detail\n'}
[0.451223] (indy_interfaces) StdoutLine: {'line': b'-- Up-to-date: /root/common/indy-ros2/install/indy_interfaces/include/indy_interfaces/indy_interfaces/msg/detail/dds_fastrtps\n'}
[0.451296] (indy_interfaces) StdoutLine: {'line': b'-- Up-to-date: /root/common/indy-ros2/install/indy_interfaces/include/indy_interfaces/indy_interfaces/msg/detail/servo_data_array__rosidl_typesupport_fastrtps_cpp.hpp\n'}
[0.451376] (indy_interfaces) StdoutLine: {'line': b'-- Up-to-date: /root/common/indy-ros2/install/indy_interfaces/include/indy_interfaces/indy_interfaces/msg/detail/servo_rx__rosidl_typesupport_fastrtps_cpp.hpp\n'}
[0.451426] (indy_interfaces) StdoutLine: {'line': b'-- Up-to-date: /root/common/indy-ros2/install/indy_interfaces/include/indy_interfaces/indy_interfaces/msg/detail/servo_tx__rosidl_typesupport_fastrtps_cpp.hpp\n'}
[0.451483] (indy_interfaces) StdoutLine: {'line': b'-- Up-to-date: /root/common/indy-ros2/install/indy_interfaces/include/indy_interfaces/indy_interfaces/msg/rosidl_typesupport_fastrtps_cpp__visibility_control.h\n'}
[0.451531] (indy_interfaces) StdoutLine: {'line': b'-- Up-to-date: /root/common/indy-ros2/install/indy_interfaces/include/indy_interfaces/indy_interfaces/srv\n'}
[0.451583] (indy_interfaces) StdoutLine: {'line': b'-- Up-to-date: /root/common/indy-ros2/install/indy_interfaces/include/indy_interfaces/indy_interfaces/srv/detail\n'}
[0.451631] (indy_interfaces) StdoutLine: {'line': b'-- Up-to-date: /root/common/indy-ros2/install/indy_interfaces/include/indy_interfaces/indy_interfaces/srv/detail/dds_fastrtps\n'}
[0.451680] (indy_interfaces) StdoutLine: {'line': b'-- Up-to-date: /root/common/indy-ros2/install/indy_interfaces/include/indy_interfaces/indy_interfaces/srv/detail/indy_service__rosidl_typesupport_fastrtps_cpp.hpp\n'}
[0.451728] (indy_interfaces) StdoutLine: {'line': b'-- Up-to-date: /root/common/indy-ros2/install/indy_interfaces/lib/libindy_interfaces__rosidl_typesupport_fastrtps_cpp.so\n'}
[0.451777] (indy_interfaces) StdoutLine: {'line': b'-- Up-to-date: /root/common/indy-ros2/install/indy_interfaces/include/indy_interfaces/indy_interfaces\n'}
[0.451825] (indy_interfaces) StdoutLine: {'line': b'-- Up-to-date: /root/common/indy-ros2/install/indy_interfaces/include/indy_interfaces/indy_interfaces/msg\n'}
[0.451873] (indy_interfaces) StdoutLine: {'line': b'-- Up-to-date: /root/common/indy-ros2/install/indy_interfaces/include/indy_interfaces/indy_interfaces/msg/detail\n'}
[0.451956] (indy_interfaces) StdoutLine: {'line': b'-- Up-to-date: /root/common/indy-ros2/install/indy_interfaces/include/indy_interfaces/indy_interfaces/msg/detail/servo_rx__rosidl_typesupport_introspection_cpp.hpp\n'}
[0.452006] (indy_interfaces) StdoutLine: {'line': b'-- Up-to-date: /root/common/indy-ros2/install/indy_interfaces/include/indy_interfaces/indy_interfaces/msg/detail/servo_tx__rosidl_typesupport_introspection_cpp.hpp\n'}
[0.452054] (indy_interfaces) StdoutLine: {'line': b'-- Up-to-date: /root/common/indy-ros2/install/indy_interfaces/include/indy_interfaces/indy_interfaces/msg/detail/servo_tx__type_support.cpp\n'}
[0.452103] (indy_interfaces) StdoutLine: {'line': b'-- Up-to-date: /root/common/indy-ros2/install/indy_interfaces/include/indy_interfaces/indy_interfaces/msg/detail/servo_rx__type_support.cpp\n'}
[0.452170] (indy_interfaces) StdoutLine: {'line': b'-- Up-to-date: /root/common/indy-ros2/install/indy_interfaces/include/indy_interfaces/indy_interfaces/msg/detail/servo_data_array__type_support.cpp\n'}
[0.452233] (indy_interfaces) StdoutLine: {'line': b'-- Up-to-date: /root/common/indy-ros2/install/indy_interfaces/include/indy_interfaces/indy_interfaces/msg/detail/servo_data_array__rosidl_typesupport_introspection_cpp.hpp\n'}
[0.452282] (indy_interfaces) StdoutLine: {'line': b'-- Up-to-date: /root/common/indy-ros2/install/indy_interfaces/include/indy_interfaces/indy_interfaces/srv\n'}
[0.452331] (indy_interfaces) StdoutLine: {'line': b'-- Up-to-date: /root/common/indy-ros2/install/indy_interfaces/include/indy_interfaces/indy_interfaces/srv/detail\n'}
[0.452378] (indy_interfaces) StdoutLine: {'line': b'-- Up-to-date: /root/common/indy-ros2/install/indy_interfaces/include/indy_interfaces/indy_interfaces/srv/detail/indy_service__type_support.cpp\n'}
[0.452430] (indy_interfaces) StdoutLine: {'line': b'-- Up-to-date: /root/common/indy-ros2/install/indy_interfaces/include/indy_interfaces/indy_interfaces/srv/detail/indy_service__rosidl_typesupport_introspection_cpp.hpp\n'}
[0.452479] (indy_interfaces) StdoutLine: {'line': b'-- Up-to-date: /root/common/indy-ros2/install/indy_interfaces/lib/libindy_interfaces__rosidl_typesupport_introspection_cpp.so\n'}
[0.452527] (indy_interfaces) StdoutLine: {'line': b'-- Up-to-date: /root/common/indy-ros2/install/indy_interfaces/lib/libindy_interfaces__rosidl_typesupport_cpp.so\n'}
[0.452575] (indy_interfaces) StdoutLine: {'line': b'-- Up-to-date: /root/common/indy-ros2/install/indy_interfaces/share/indy_interfaces/environment/pythonpath.sh\n'}
[0.452623] (indy_interfaces) StdoutLine: {'line': b'-- Up-to-date: /root/common/indy-ros2/install/indy_interfaces/share/indy_interfaces/environment/pythonpath.dsv\n'}
[0.452671] (indy_interfaces) StdoutLine: {'line': b'-- Up-to-date: /root/common/indy-ros2/install/indy_interfaces/local/lib/python3.10/dist-packages/indy_interfaces-0.0.0-py3.10.egg-info\n'}
[0.452723] (indy_interfaces) StdoutLine: {'line': b'-- Installing: /root/common/indy-ros2/install/indy_interfaces/local/lib/python3.10/dist-packages/indy_interfaces-0.0.0-py3.10.egg-info/SOURCES.txt\n'}
[0.452793] (indy_interfaces) StdoutLine: {'line': b'-- Installing: /root/common/indy-ros2/install/indy_interfaces/local/lib/python3.10/dist-packages/indy_interfaces-0.0.0-py3.10.egg-info/PKG-INFO\n'}
[0.452856] (indy_interfaces) StdoutLine: {'line': b'-- Installing: /root/common/indy-ros2/install/indy_interfaces/local/lib/python3.10/dist-packages/indy_interfaces-0.0.0-py3.10.egg-info/dependency_links.txt\n'}
[0.452924] (indy_interfaces) StdoutLine: {'line': b'-- Installing: /root/common/indy-ros2/install/indy_interfaces/local/lib/python3.10/dist-packages/indy_interfaces-0.0.0-py3.10.egg-info/top_level.txt\n'}
[0.452986] (indy_interfaces) StdoutLine: {'line': b'-- Up-to-date: /root/common/indy-ros2/install/indy_interfaces/local/lib/python3.10/dist-packages/indy_interfaces\n'}
[0.453035] (indy_interfaces) StdoutLine: {'line': b'-- Up-to-date: /root/common/indy-ros2/install/indy_interfaces/local/lib/python3.10/dist-packages/indy_interfaces/_indy_interfaces_s.ep.rosidl_typesupport_introspection_c.c\n'}
[0.453090] (indy_interfaces) StdoutLine: {'line': b'-- Up-to-date: /root/common/indy-ros2/install/indy_interfaces/local/lib/python3.10/dist-packages/indy_interfaces/libindy_interfaces__rosidl_generator_py.so\n'}
[0.453139] (indy_interfaces) StdoutLine: {'line': b'-- Up-to-date: /root/common/indy-ros2/install/indy_interfaces/local/lib/python3.10/dist-packages/indy_interfaces/msg\n'}
[0.453186] (indy_interfaces) StdoutLine: {'line': b'-- Up-to-date: /root/common/indy-ros2/install/indy_interfaces/local/lib/python3.10/dist-packages/indy_interfaces/msg/_servo_data_array_s.c\n'}
[0.453235] (indy_interfaces) StdoutLine: {'line': b'-- Up-to-date: /root/common/indy-ros2/install/indy_interfaces/local/lib/python3.10/dist-packages/indy_interfaces/msg/_servo_rx.py\n'}
[0.453282] (indy_interfaces) StdoutLine: {'line': b'-- Up-to-date: /root/common/indy-ros2/install/indy_interfaces/local/lib/python3.10/dist-packages/indy_interfaces/msg/_servo_data_array.py\n'}
[0.453330] (indy_interfaces) StdoutLine: {'line': b'-- Up-to-date: /root/common/indy-ros2/install/indy_interfaces/local/lib/python3.10/dist-packages/indy_interfaces/msg/__init__.py\n'}
[0.453381] (indy_interfaces) StdoutLine: {'line': b'-- Up-to-date: /root/common/indy-ros2/install/indy_interfaces/local/lib/python3.10/dist-packages/indy_interfaces/msg/_servo_tx.py\n'}
[0.453455] (indy_interfaces) StdoutLine: {'line': b'-- Up-to-date: /root/common/indy-ros2/install/indy_interfaces/local/lib/python3.10/dist-packages/indy_interfaces/msg/_servo_rx_s.c\n'}
[0.453507] (indy_interfaces) StdoutLine: {'line': b'-- Up-to-date: /root/common/indy-ros2/install/indy_interfaces/local/lib/python3.10/dist-packages/indy_interfaces/msg/_servo_tx_s.c\n'}
[0.453558] (indy_interfaces) StdoutLine: {'line': b'-- Up-to-date: /root/common/indy-ros2/install/indy_interfaces/local/lib/python3.10/dist-packages/indy_interfaces/__init__.py\n'}
[0.453697] (indy_interfaces) StdoutLine: {'line': b'-- Up-to-date: /root/common/indy-ros2/install/indy_interfaces/local/lib/python3.10/dist-packages/indy_interfaces/_indy_interfaces_s.ep.rosidl_typesupport_c.c\n'}
[0.453747] (indy_interfaces) StdoutLine: {'line': b'-- Up-to-date: /root/common/indy-ros2/install/indy_interfaces/local/lib/python3.10/dist-packages/indy_interfaces/srv\n'}
[0.453796] (indy_interfaces) StdoutLine: {'line': b'-- Up-to-date: /root/common/indy-ros2/install/indy_interfaces/local/lib/python3.10/dist-packages/indy_interfaces/srv/__init__.py\n'}
[0.453845] (indy_interfaces) StdoutLine: {'line': b'-- Up-to-date: /root/common/indy-ros2/install/indy_interfaces/local/lib/python3.10/dist-packages/indy_interfaces/srv/_indy_service.py\n'}
[0.453893] (indy_interfaces) StdoutLine: {'line': b'-- Up-to-date: /root/common/indy-ros2/install/indy_interfaces/local/lib/python3.10/dist-packages/indy_interfaces/srv/_indy_service_s.c\n'}
[0.453946] (indy_interfaces) StdoutLine: {'line': b'-- Up-to-date: /root/common/indy-ros2/install/indy_interfaces/local/lib/python3.10/dist-packages/indy_interfaces/_indy_interfaces_s.ep.rosidl_typesupport_fastrtps_c.c\n'}
[0.454056] (indy_interfaces) StdoutLine: {'line': b'-- Up-to-date: /root/common/indy-ros2/install/indy_interfaces/local/lib/python3.10/dist-packages/indy_interfaces/indy_interfaces_s__rosidl_typesupport_c.cpython-310-x86_64-linux-gnu.so\n'}
[0.454140] (indy_interfaces) StdoutLine: {'line': b'-- Up-to-date: /root/common/indy-ros2/install/indy_interfaces/local/lib/python3.10/dist-packages/indy_interfaces/indy_interfaces_s__rosidl_typesupport_fastrtps_c.cpython-310-x86_64-linux-gnu.so\n'}
[0.454193] (indy_interfaces) StdoutLine: {'line': b'-- Up-to-date: /root/common/indy-ros2/install/indy_interfaces/local/lib/python3.10/dist-packages/indy_interfaces/indy_interfaces_s__rosidl_typesupport_introspection_c.cpython-310-x86_64-linux-gnu.so\n'}
[0.456067] (indy_driver) StdoutLine: {'line': b"Listing '/root/common/indy-ros2/install/indy_driver/local/lib/python3.10/dist-packages/indy_driver'...\n"}
[0.459005] (indy_moveit) JobProgress: {'identifier': 'indy_moveit', 'progress': 'install'}
[0.459818] (indy_moveit) Command: {'cmd': ['/usr/bin/cmake', '--install', '/root/common/indy-ros2/build/indy_moveit'], 'cwd': '/root/common/indy-ros2/build/indy_moveit', 'env': OrderedDict([('NV_LIBCUBLAS_VERSION', '11.11.3.6-1'), ('NV_CUDA_COMPAT_PACKAGE', 'cuda-compat-11-8'), ('HOSTNAME', 'idim'), ('SHLVL', '1'), ('LD_LIBRARY_PATH', '/usr/lib/x86_64-linux-gnu/gazebo-11/plugins:/opt/ros/humble/opt/rviz_ogre_vendor/lib:/opt/ros/humble/lib/x86_64-linux-gnu:/opt/ros/humble/lib'), ('NV_LIBNCCL_PACKAGE_VERSION', '2.15.5-1'), ('AMENT_CPPCHECK_ALLOW_SLOW_VERSIONS', '1'), ('HOME', '/root'), ('OLDPWD', '/root/ros2_ws/src'), ('ROS_PYTHON_VERSION', '3'), ('PS1', '\\[\x1b[0;33m\\]idim \\W $ \\[\x1b[0m\\]'), ('NV_LIBNPP_PACKAGE', 'libnpp-11-8=11.8.0.86-1'), ('CUDA_VERSION', '11.8.0'), ('COLCON_PREFIX_PATH', '/root/ros2_ws/install:/opt/ros/humble'), ('ROS_DISTRO', 'humble'), ('NV_LIBCUBLAS_PACKAGE_NAME', 'libcublas-11-8'), ('NVIDIA_REQUIRE_CUDA', 'cuda>=11.8 brand=tesla,driver>=470,driver<471 brand=unknown,driver>=470,driver<471 brand=nvidia,driver>=470,driver<471 brand=nvidiartx,driver>=470,driver<471 brand=geforce,driver>=470,driver<471 brand=geforcertx,driver>=470,driver<471 brand=quadro,driver>=470,driver<471 brand=quadrortx,driver>=470,driver<471 brand=titan,driver>=470,driver<471 brand=titanrtx,driver>=470,driver<471'), ('_', '/usr/bin/colcon'), ('ROS_VERSION', '2'), ('NV_LIBCUSPARSE_VERSION', '11.7.5.86-1'), ('NVIDIA_DRIVER_CAPABILITIES', 'graphics,utility,compute'), ('NV_CUDA_LIB_VERSION', '11.8.0-1'), ('NV_LIBNCCL_PACKAGE_NAME', 'libnccl2'), ('TERM', 'xterm'), ('NV_CUDA_CUDART_VERSION', '11.8.89-1'), ('ROS_LOCALHOST_ONLY', '0'), ('QT_X11_NO_MITSHM', '1'), ('PATH', '/opt/ros/humble/bin:/usr/local/nvidia/bin:/usr/local/cuda/bin:/usr/local/sbin:/usr/local/bin:/usr/sbin:/usr/bin:/sbin:/bin'), ('NV_LIBCUBLAS_PACKAGE', 'libcublas-11-8=11.11.3.6-1'), ('NVARCH', 'x86_64'), ('DISPLAY', ':1'), ('NV_LIBNCCL_PACKAGE', 'libnccl2=2.15.5-1+cuda11.8'), ('NVIDIA_PRODUCT_NAME', 'CUDA'), ('LANG', 'en_US.UTF-8'), ('XAUTHORITY', '/tmp/.docker.xauth'), ('LS_COLORS', 'rs=0:di=01;34:ln=01;36:mh=00:pi=40;33:so=01;35:do=01;35:bd=40;33;01:cd=40;33;01:or=40;31;01:mi=00:su=37;41:sg=30;43:ca=30;41:tw=30;42:ow=34;42:st=37;44:ex=01;32:*.tar=01;31:*.tgz=01;31:*.arc=01;31:*.arj=01;31:*.taz=01;31:*.lha=01;31:*.lz4=01;31:*.lzh=01;31:*.lzma=01;31:*.tlz=01;31:*.txz=01;31:*.tzo=01;31:*.t7z=01;31:*.zip=01;31:*.z=01;31:*.dz=01;31:*.gz=01;31:*.lrz=01;31:*.lz=01;31:*.lzo=01;31:*.xz=01;31:*.zst=01;31:*.tzst=01;31:*.bz2=01;31:*.bz=01;31:*.tbz=01;31:*.tbz2=01;31:*.tz=01;31:*.deb=01;31:*.rpm=01;31:*.jar=01;31:*.war=01;31:*.ear=01;31:*.sar=01;31:*.rar=01;31:*.alz=01;31:*.ace=01;31:*.zoo=01;31:*.cpio=01;31:*.7z=01;31:*.rz=01;31:*.cab=01;31:*.wim=01;31:*.swm=01;31:*.dwm=01;31:*.esd=01;31:*.jpg=01;35:*.jpeg=01;35:*.mjpg=01;35:*.mjpeg=01;35:*.gif=01;35:*.bmp=01;35:*.pbm=01;35:*.pgm=01;35:*.ppm=01;35:*.tga=01;35:*.xbm=01;35:*.xpm=01;35:*.tif=01;35:*.tiff=01;35:*.png=01;35:*.svg=01;35:*.svgz=01;35:*.mng=01;35:*.pcx=01;35:*.mov=01;35:*.mpg=01;35:*.mpeg=01;35:*.m2v=01;35:*.mkv=01;35:*.webm=01;35:*.webp=01;35:*.ogm=01;35:*.mp4=01;35:*.m4v=01;35:*.mp4v=01;35:*.vob=01;35:*.qt=01;35:*.nuv=01;35:*.wmv=01;35:*.asf=01;35:*.rm=01;35:*.rmvb=01;35:*.flc=01;35:*.avi=01;35:*.fli=01;35:*.flv=01;35:*.gl=01;35:*.dl=01;35:*.xcf=01;35:*.xwd=01;35:*.yuv=01;35:*.cgm=01;35:*.emf=01;35:*.ogv=01;35:*.ogx=01;35:*.aac=00;36:*.au=00;36:*.flac=00;36:*.m4a=00;36:*.mid=00;36:*.midi=00;36:*.mka=00;36:*.mp3=00;36:*.mpc=00;36:*.ogg=00;36:*.ra=00;36:*.wav=00;36:*.oga=00;36:*.opus=00;36:*.spx=00;36:*.xspf=00;36:'), ('AMENT_PREFIX_PATH', '/root/common/indy-ros2/install/indy_description:/opt/ros/humble'), ('DEBIAN_FRONTEND', 'noninteractive'), ('NV_NVTX_VERSION', '11.8.86-1'), ('NV_LIBNPP_VERSION', '11.8.0.86-1'), ('PWD', '/root/common/indy-ros2/build/indy_moveit'), ('PYTHONPATH', '/opt/ros/humble/local/lib/python3.10/dist-packages:/opt/ros/humble/lib/python3.10/site-packages'), ('NVIDIA_VISIBLE_DEVICES', 'all'), ('NCCL_VERSION', '2.15.5-1'), ('DEBCONF_NOWARNINGS', 'yes'), ('COLCON', '1'), ('CMAKE_PREFIX_PATH', '/root/common/indy-ros2/install/indy_description:/opt/ros/humble')]), 'shell': False}
[0.460517] (indy_driver) StdoutLine: {'line': b'-- Up-to-date: /root/common/indy-ros2/install/indy_driver/share/ament_index/resource_index/package_run_dependencies/indy_driver\n'}
[0.460752] (indy_driver) StdoutLine: {'line': b'-- Up-to-date: /root/common/indy-ros2/install/indy_driver/share/ament_index/resource_index/parent_prefix_path/indy_driver\n'}
[0.460811] (indy_driver) StdoutLine: {'line': b'-- Up-to-date: /root/common/indy-ros2/install/indy_driver/share/indy_driver/environment/ament_prefix_path.sh\n'}
[0.460864] (indy_driver) StdoutLine: {'line': b'-- Up-to-date: /root/common/indy-ros2/install/indy_driver/share/indy_driver/environment/ament_prefix_path.dsv\n'}
[0.460915] (indy_driver) StdoutLine: {'line': b'-- Up-to-date: /root/common/indy-ros2/install/indy_driver/share/indy_driver/environment/path.sh\n'}
[0.460985] (indy_driver) StdoutLine: {'line': b'-- Up-to-date: /root/common/indy-ros2/install/indy_driver/share/indy_driver/environment/path.dsv\n'}
[0.461074] (indy_driver) StdoutLine: {'line': b'-- Up-to-date: /root/common/indy-ros2/install/indy_driver/share/indy_driver/local_setup.bash\n'}
[0.461190] (indy_driver) StdoutLine: {'line': b'-- Up-to-date: /root/common/indy-ros2/install/indy_driver/share/indy_driver/local_setup.sh\n'}
[0.461369] (indy_driver) StdoutLine: {'line': b'-- Up-to-date: /root/common/indy-ros2/install/indy_driver/share/indy_driver/local_setup.zsh\n'}
[0.461710] (indy_driver) StdoutLine: {'line': b'-- Up-to-date: /root/common/indy-ros2/install/indy_driver/share/indy_driver/local_setup.dsv\n'}
[0.462241] (indy_driver) StdoutLine: {'line': b'-- Installing: /root/common/indy-ros2/install/indy_driver/share/indy_driver/package.dsv\n'}
[0.462342] (indy_driver) StdoutLine: {'line': b'-- Up-to-date: /root/common/indy-ros2/install/indy_driver/share/ament_index/resource_index/packages/indy_driver\n'}
[0.462419] (indy_driver) StdoutLine: {'line': b'-- Up-to-date: /root/common/indy-ros2/install/indy_driver/share/indy_driver/cmake/indy_driverConfig.cmake\n'}
[0.462520] (indy_driver) StdoutLine: {'line': b'-- Up-to-date: /root/common/indy-ros2/install/indy_driver/share/indy_driver/cmake/indy_driverConfig-version.cmake\n'}
[0.462601] (indy_driver) StdoutLine: {'line': b'-- Up-to-date: /root/common/indy-ros2/install/indy_driver/share/indy_driver/package.xml\n'}
[0.462669] (indy_driver) CommandEnded: {'returncode': 0}
[0.463053] (indy_moveit) StdoutLine: {'line': b'-- Install configuration: ""\n'}
[0.463252] (indy_moveit) StdoutLine: {'line': b'-- Up-to-date: /root/common/indy-ros2/install/indy_moveit/share/indy_moveit//launch\n'}
[0.463424] (indy_moveit) StdoutLine: {'line': b'-- Up-to-date: /root/common/indy-ros2/install/indy_moveit/share/indy_moveit//launch/moveit.launch.py\n'}
[0.463544] (indy_moveit) StdoutLine: {'line': b'-- Up-to-date: /root/common/indy-ros2/install/indy_moveit/share/indy_moveit//launch/indy_moveit_real_robot.launch.py\n'}
[0.463695] (indy_moveit) StdoutLine: {'line': b'-- Up-to-date: /root/common/indy-ros2/install/indy_moveit/share/indy_moveit//launch/indy_moveit_gazebo.launch.py\n'}
[0.463791] (indy_moveit) StdoutLine: {'line': b'-- Up-to-date: /root/common/indy-ros2/install/indy_moveit/share/indy_moveit//moveit_config\n'}
[0.463951] (indy_moveit) StdoutLine: {'line': b'-- Up-to-date: /root/common/indy-ros2/install/indy_moveit/share/indy_moveit//moveit_config/controllers_6dof.yaml\n'}
[0.464085] (indy_moveit) StdoutLine: {'line': b'-- Up-to-date: /root/common/indy-ros2/install/indy_moveit/share/indy_moveit//moveit_config/ompl_planning.yaml\n'}
[0.464182] (indy_moveit) StdoutLine: {'line': b'-- Up-to-date: /root/common/indy-ros2/install/indy_moveit/share/indy_moveit//moveit_config/controllers_7dof.yaml\n'}
[0.464263] (indy_moveit) StdoutLine: {'line': b'-- Up-to-date: /root/common/indy-ros2/install/indy_moveit/share/indy_moveit//moveit_config/indy_servo.yaml\n'}
[0.464403] (indy_moveit) StdoutLine: {'line': b'-- Up-to-date: /root/common/indy-ros2/install/indy_moveit/share/indy_moveit//moveit_config/kinematics.yaml\n'}
[0.464550] (indy_moveit) StdoutLine: {'line': b'-- Up-to-date: /root/common/indy-ros2/install/indy_moveit/share/indy_moveit//rviz_config\n'}
[0.464699] (indy_moveit) StdoutLine: {'line': b'-- Up-to-date: /root/common/indy-ros2/install/indy_moveit/share/indy_moveit//rviz_config/indy_moveit.rviz\n'}
[0.464851] (indy_moveit) StdoutLine: {'line': b'-- Up-to-date: /root/common/indy-ros2/install/indy_moveit/share/indy_moveit//rviz_config/indy_servo.rviz\n'}
[0.464989] (indy_moveit) StdoutLine: {'line': b'-- Up-to-date: /root/common/indy-ros2/install/indy_moveit/share/indy_moveit//srdf\n'}
[0.465147] (indy_moveit) StdoutLine: {'line': b'-- Up-to-date: /root/common/indy-ros2/install/indy_moveit/share/indy_moveit//srdf/indy.srdf.xacro\n'}
[0.465266] (indy_moveit) StdoutLine: {'line': b'-- Up-to-date: /root/common/indy-ros2/install/indy_moveit/share/indy_moveit//srdf/indy_macro.srdf.xacro\n'}
[0.465415] (indy_moveit) StdoutLine: {'line': b'-- Up-to-date: /root/common/indy-ros2/install/indy_moveit/share/indy_moveit/environment/pythonpath.sh\n'}
[0.465554] (indy_moveit) StdoutLine: {'line': b'-- Up-to-date: /root/common/indy-ros2/install/indy_moveit/share/indy_moveit/environment/pythonpath.dsv\n'}
[0.465689] (indy_moveit) StdoutLine: {'line': b'-- Up-to-date: /root/common/indy-ros2/install/indy_moveit/local/lib/python3.10/dist-packages/indy_moveit-1.0.0-py3.10.egg-info\n'}
[0.465830] (indy_moveit) StdoutLine: {'line': b'-- Installing: /root/common/indy-ros2/install/indy_moveit/local/lib/python3.10/dist-packages/indy_moveit-1.0.0-py3.10.egg-info/SOURCES.txt\n'}
[0.466460] (indy_moveit) StdoutLine: {'line': b'-- Installing: /root/common/indy-ros2/install/indy_moveit/local/lib/python3.10/dist-packages/indy_moveit-1.0.0-py3.10.egg-info/PKG-INFO\n'}
[0.466659] (indy_moveit) StdoutLine: {'line': b'-- Installing: /root/common/indy-ros2/install/indy_moveit/local/lib/python3.10/dist-packages/indy_moveit-1.0.0-py3.10.egg-info/dependency_links.txt\n'}
[0.466904] (indy_moveit) StdoutLine: {'line': b'-- Installing: /root/common/indy-ros2/install/indy_moveit/local/lib/python3.10/dist-packages/indy_moveit-1.0.0-py3.10.egg-info/top_level.txt\n'}
[0.467047] (indy_moveit) StdoutLine: {'line': b'-- Up-to-date: /root/common/indy-ros2/install/indy_moveit/local/lib/python3.10/dist-packages/indy_moveit\n'}
[0.467280] (indy_moveit) StdoutLine: {'line': b'-- Up-to-date: /root/common/indy-ros2/install/indy_moveit/local/lib/python3.10/dist-packages/indy_moveit/__init__.py\n'}
[0.467486] (indy_moveit) StdoutLine: {'line': b'-- Up-to-date: /root/common/indy-ros2/install/indy_moveit/local/lib/python3.10/dist-packages/indy_moveit/launch_common.py\n'}
[0.475824] (indy_interfaces) StdoutLine: {'line': b"Listing '/root/common/indy-ros2/install/indy_interfaces/local/lib/python3.10/dist-packages/indy_interfaces'...\n"}
[0.476145] (indy_interfaces) StdoutLine: {'line': b"Listing '/root/common/indy-ros2/install/indy_interfaces/local/lib/python3.10/dist-packages/indy_interfaces/msg'...\n"}
[0.476264] (indy_interfaces) StdoutLine: {'line': b"Listing '/root/common/indy-ros2/install/indy_interfaces/local/lib/python3.10/dist-packages/indy_interfaces/srv'...\n"}
[0.479396] (indy_interfaces) StdoutLine: {'line': b'-- Up-to-date: /root/common/indy-ros2/install/indy_interfaces/local/lib/python3.10/dist-packages/indy_interfaces/indy_interfaces_s__rosidl_typesupport_fastrtps_c.cpython-310-x86_64-linux-gnu.so\n'}
[0.479700] (indy_interfaces) StdoutLine: {'line': b'-- Up-to-date: /root/common/indy-ros2/install/indy_interfaces/local/lib/python3.10/dist-packages/indy_interfaces/indy_interfaces_s__rosidl_typesupport_introspection_c.cpython-310-x86_64-linux-gnu.so\n'}
[0.480030] (indy_interfaces) StdoutLine: {'line': b'-- Up-to-date: /root/common/indy-ros2/install/indy_interfaces/local/lib/python3.10/dist-packages/indy_interfaces/indy_interfaces_s__rosidl_typesupport_c.cpython-310-x86_64-linux-gnu.so\n'}
[0.480291] (indy_interfaces) StdoutLine: {'line': b'-- Up-to-date: /root/common/indy-ros2/install/indy_interfaces/lib/libindy_interfaces__rosidl_generator_py.so\n'}
[0.480476] (indy_interfaces) StdoutLine: {'line': b'-- Up-to-date: /root/common/indy-ros2/install/indy_interfaces/share/indy_interfaces/srv/IndyService.idl\n'}
[0.480636] (indy_interfaces) StdoutLine: {'line': b'-- Up-to-date: /root/common/indy-ros2/install/indy_interfaces/share/indy_interfaces/msg/ServoTx.idl\n'}
[0.480831] (indy_interfaces) StdoutLine: {'line': b'-- Up-to-date: /root/common/indy-ros2/install/indy_interfaces/share/indy_interfaces/msg/ServoRx.idl\n'}
[0.481033] (indy_interfaces) StdoutLine: {'line': b'-- Up-to-date: /root/common/indy-ros2/install/indy_interfaces/share/indy_interfaces/msg/ServoDataArray.idl\n'}
[0.481234] (indy_interfaces) StdoutLine: {'line': b'-- Up-to-date: /root/common/indy-ros2/install/indy_interfaces/share/indy_interfaces/srv/IndyService.srv\n'}
[0.481399] (indy_interfaces) StdoutLine: {'line': b'-- Up-to-date: /root/common/indy-ros2/install/indy_interfaces/share/indy_interfaces/srv/IndyService_Request.msg\n'}
[0.481529] (indy_interfaces) StdoutLine: {'line': b'-- Up-to-date: /root/common/indy-ros2/install/indy_interfaces/share/indy_interfaces/srv/IndyService_Response.msg\n'}
[0.481683] (indy_interfaces) StdoutLine: {'line': b'-- Up-to-date: /root/common/indy-ros2/install/indy_interfaces/share/indy_interfaces/msg/ServoTx.msg\n'}
[0.481935] (indy_interfaces) StdoutLine: {'line': b'-- Up-to-date: /root/common/indy-ros2/install/indy_interfaces/share/indy_interfaces/msg/ServoRx.msg\n'}
[0.482080] (indy_interfaces) StdoutLine: {'line': b'-- Up-to-date: /root/common/indy-ros2/install/indy_interfaces/share/indy_interfaces/msg/ServoDataArray.msg\n'}
[0.482219] (indy_interfaces) StdoutLine: {'line': b'-- Up-to-date: /root/common/indy-ros2/install/indy_interfaces/share/ament_index/resource_index/package_run_dependencies/indy_interfaces\n'}
[0.482361] (indy_interfaces) StdoutLine: {'line': b'-- Up-to-date: /root/common/indy-ros2/install/indy_interfaces/share/ament_index/resource_index/parent_prefix_path/indy_interfaces\n'}
[0.482478] (indy_interfaces) StdoutLine: {'line': b'-- Up-to-date: /root/common/indy-ros2/install/indy_interfaces/share/indy_interfaces/environment/ament_prefix_path.sh\n'}
[0.482636] (indy_interfaces) StdoutLine: {'line': b'-- Up-to-date: /root/common/indy-ros2/install/indy_interfaces/share/indy_interfaces/environment/ament_prefix_path.dsv\n'}
[0.482721] (indy_interfaces) StdoutLine: {'line': b'-- Up-to-date: /root/common/indy-ros2/install/indy_interfaces/share/indy_interfaces/environment/path.sh\n'}
[0.482806] (indy_interfaces) StdoutLine: {'line': b'-- Up-to-date: /root/common/indy-ros2/install/indy_interfaces/share/indy_interfaces/environment/path.dsv\n'}
[0.482912] (indy_interfaces) StdoutLine: {'line': b'-- Up-to-date: /root/common/indy-ros2/install/indy_interfaces/share/indy_interfaces/local_setup.bash\n'}
[0.483050] (indy_interfaces) StdoutLine: {'line': b'-- Up-to-date: /root/common/indy-ros2/install/indy_interfaces/share/indy_interfaces/local_setup.sh\n'}
[0.483290] (indy_interfaces) StdoutLine: {'line': b'-- Up-to-date: /root/common/indy-ros2/install/indy_interfaces/share/indy_interfaces/local_setup.zsh\n'}
[0.483615] (indy_interfaces) StdoutLine: {'line': b'-- Up-to-date: /root/common/indy-ros2/install/indy_interfaces/share/indy_interfaces/local_setup.dsv\n'}
[0.484575] (indy_interfaces) StdoutLine: {'line': b'-- Installing: /root/common/indy-ros2/install/indy_interfaces/share/indy_interfaces/package.dsv\n'}
[0.484721] (indy_interfaces) StdoutLine: {'line': b'-- Up-to-date: /root/common/indy-ros2/install/indy_interfaces/share/ament_index/resource_index/packages/indy_interfaces\n'}
[0.484844] (indy_interfaces) StdoutLine: {'line': b'-- Up-to-date: /root/common/indy-ros2/install/indy_interfaces/share/indy_interfaces/cmake/export_indy_interfaces__rosidl_generator_cExport.cmake\n'}
[0.485067] (indy_interfaces) StdoutLine: {'line': b'-- Up-to-date: /root/common/indy-ros2/install/indy_interfaces/share/indy_interfaces/cmake/export_indy_interfaces__rosidl_generator_cExport-noconfig.cmake\n'}
[0.485214] (indy_interfaces) StdoutLine: {'line': b'-- Up-to-date: /root/common/indy-ros2/install/indy_interfaces/share/indy_interfaces/cmake/export_indy_interfaces__rosidl_typesupport_fastrtps_cExport.cmake\n'}
[0.485356] (indy_interfaces) StdoutLine: {'line': b'-- Up-to-date: /root/common/indy-ros2/install/indy_interfaces/share/indy_interfaces/cmake/export_indy_interfaces__rosidl_typesupport_fastrtps_cExport-noconfig.cmake\n'}
[0.485496] (indy_interfaces) StdoutLine: {'line': b'-- Up-to-date: /root/common/indy-ros2/install/indy_interfaces/share/indy_interfaces/cmake/indy_interfaces__rosidl_typesupport_introspection_cExport.cmake\n'}
[0.485637] (indy_interfaces) StdoutLine: {'line': b'-- Up-to-date: /root/common/indy-ros2/install/indy_interfaces/share/indy_interfaces/cmake/indy_interfaces__rosidl_typesupport_introspection_cExport-noconfig.cmake\n'}
[0.485776] (indy_interfaces) StdoutLine: {'line': b'-- Up-to-date: /root/common/indy-ros2/install/indy_interfaces/share/indy_interfaces/cmake/indy_interfaces__rosidl_typesupport_cExport.cmake\n'}
[0.485913] (indy_interfaces) StdoutLine: {'line': b'-- Up-to-date: /root/common/indy-ros2/install/indy_interfaces/share/indy_interfaces/cmake/indy_interfaces__rosidl_typesupport_cExport-noconfig.cmake\n'}
[0.486016] (indy_interfaces) StdoutLine: {'line': b'-- Up-to-date: /root/common/indy-ros2/install/indy_interfaces/share/indy_interfaces/cmake/export_indy_interfaces__rosidl_generator_cppExport.cmake\n'}
[0.486148] (indy_interfaces) StdoutLine: {'line': b'-- Up-to-date: /root/common/indy-ros2/install/indy_interfaces/share/indy_interfaces/cmake/export_indy_interfaces__rosidl_typesupport_fastrtps_cppExport.cmake\n'}
[0.486267] (indy_interfaces) StdoutLine: {'line': b'-- Up-to-date: /root/common/indy-ros2/install/indy_interfaces/share/indy_interfaces/cmake/export_indy_interfaces__rosidl_typesupport_fastrtps_cppExport-noconfig.cmake\n'}
[0.486397] (indy_interfaces) StdoutLine: {'line': b'-- Up-to-date: /root/common/indy-ros2/install/indy_interfaces/share/indy_interfaces/cmake/indy_interfaces__rosidl_typesupport_introspection_cppExport.cmake\n'}
[0.486526] (indy_interfaces) StdoutLine: {'line': b'-- Up-to-date: /root/common/indy-ros2/install/indy_interfaces/share/indy_interfaces/cmake/indy_interfaces__rosidl_typesupport_introspection_cppExport-noconfig.cmake\n'}
[0.486655] (indy_interfaces) StdoutLine: {'line': b'-- Up-to-date: /root/common/indy-ros2/install/indy_interfaces/share/indy_interfaces/cmake/indy_interfaces__rosidl_typesupport_cppExport.cmake\n'}
[0.486783] (indy_interfaces) StdoutLine: {'line': b'-- Up-to-date: /root/common/indy-ros2/install/indy_interfaces/share/indy_interfaces/cmake/indy_interfaces__rosidl_typesupport_cppExport-noconfig.cmake\n'}
[0.486911] (indy_interfaces) StdoutLine: {'line': b'-- Up-to-date: /root/common/indy-ros2/install/indy_interfaces/share/indy_interfaces/cmake/export_indy_interfaces__rosidl_generator_pyExport.cmake\n'}
[0.487039] (indy_interfaces) StdoutLine: {'line': b'-- Up-to-date: /root/common/indy-ros2/install/indy_interfaces/share/indy_interfaces/cmake/export_indy_interfaces__rosidl_generator_pyExport-noconfig.cmake\n'}
[0.487206] (indy_interfaces) StdoutLine: {'line': b'-- Up-to-date: /root/common/indy-ros2/install/indy_interfaces/share/indy_interfaces/cmake/rosidl_cmake-extras.cmake\n'}
[0.487329] (indy_interfaces) StdoutLine: {'line': b'-- Up-to-date: /root/common/indy-ros2/install/indy_interfaces/share/indy_interfaces/cmake/ament_cmake_export_include_directories-extras.cmake\n'}
[0.487440] (indy_interfaces) StdoutLine: {'line': b'-- Up-to-date: /root/common/indy-ros2/install/indy_interfaces/share/indy_interfaces/cmake/ament_cmake_export_libraries-extras.cmake\n'}
[0.487553] (indy_interfaces) StdoutLine: {'line': b'-- Up-to-date: /root/common/indy-ros2/install/indy_interfaces/share/indy_interfaces/cmake/ament_cmake_export_targets-extras.cmake\n'}
[0.487669] (indy_interfaces) StdoutLine: {'line': b'-- Up-to-date: /root/common/indy-ros2/install/indy_interfaces/share/indy_interfaces/cmake/rosidl_cmake_export_typesupport_targets-extras.cmake\n'}
[0.487789] (indy_interfaces) StdoutLine: {'line': b'-- Up-to-date: /root/common/indy-ros2/install/indy_interfaces/share/indy_interfaces/cmake/ament_cmake_export_dependencies-extras.cmake\n'}
[0.487892] (indy_interfaces) StdoutLine: {'line': b'-- Up-to-date: /root/common/indy-ros2/install/indy_interfaces/share/indy_interfaces/cmake/rosidl_cmake_export_typesupport_libraries-extras.cmake\n'}
[0.488001] (indy_interfaces) StdoutLine: {'line': b'-- Up-to-date: /root/common/indy-ros2/install/indy_interfaces/share/indy_interfaces/cmake/indy_interfacesConfig.cmake\n'}
[0.488108] (indy_interfaces) StdoutLine: {'line': b'-- Up-to-date: /root/common/indy-ros2/install/indy_interfaces/share/indy_interfaces/cmake/indy_interfacesConfig-version.cmake\n'}
[0.488223] (indy_interfaces) StdoutLine: {'line': b'-- Up-to-date: /root/common/indy-ros2/install/indy_interfaces/share/indy_interfaces/package.xml\n'}
[0.488336] (indy_interfaces) CommandEnded: {'returncode': 0}
[0.492870] (indy_moveit) StdoutLine: {'line': b"Listing '/root/common/indy-ros2/install/indy_moveit/local/lib/python3.10/dist-packages/indy_moveit'...\n"}
[0.496122] (indy_moveit) StdoutLine: {'line': b'-- Up-to-date: /root/common/indy-ros2/install/indy_moveit/local/lib/python3.10/dist-packages/launch_common.py\n'}
[0.499787] (indy_driver) JobEnded: {'identifier': 'indy_driver', 'rc': 0}
[0.500185] (-) TimerEvent: {}
[0.526519] (indy_moveit) StdoutLine: {'line': b'-- Up-to-date: /root/common/indy-ros2/install/indy_moveit/share/ament_index/resource_index/package_run_dependencies/indy_moveit\n'}
[0.526780] (indy_moveit) StdoutLine: {'line': b'-- Up-to-date: /root/common/indy-ros2/install/indy_moveit/share/ament_index/resource_index/parent_prefix_path/indy_moveit\n'}
[0.526877] (indy_moveit) StdoutLine: {'line': b'-- Up-to-date: /root/common/indy-ros2/install/indy_moveit/share/indy_moveit/environment/ament_prefix_path.sh\n'}
[0.527034] (indy_moveit) StdoutLine: {'line': b'-- Up-to-date: /root/common/indy-ros2/install/indy_moveit/share/indy_moveit/environment/ament_prefix_path.dsv\n'}
[0.527130] (indy_moveit) StdoutLine: {'line': b'-- Up-to-date: /root/common/indy-ros2/install/indy_moveit/share/indy_moveit/environment/path.sh\n'}
[0.527281] (indy_moveit) StdoutLine: {'line': b'-- Up-to-date: /root/common/indy-ros2/install/indy_moveit/share/indy_moveit/environment/path.dsv\n'}
[0.527497] (indy_moveit) StdoutLine: {'line': b'-- Up-to-date: /root/common/indy-ros2/install/indy_moveit/share/indy_moveit/local_setup.bash\n'}
[0.527646] (indy_moveit) StdoutLine: {'line': b'-- Up-to-date: /root/common/indy-ros2/install/indy_moveit/share/indy_moveit/local_setup.sh\n'}
[0.527891] (indy_moveit) StdoutLine: {'line': b'-- Up-to-date: /root/common/indy-ros2/install/indy_moveit/share/indy_moveit/local_setup.zsh\n'}
[0.528042] (indy_moveit) StdoutLine: {'line': b'-- Up-to-date: /root/common/indy-ros2/install/indy_moveit/share/indy_moveit/local_setup.dsv\n'}
[0.528382] (indy_moveit) StdoutLine: {'line': b'-- Installing: /root/common/indy-ros2/install/indy_moveit/share/indy_moveit/package.dsv\n'}
[0.528798] (indy_moveit) StdoutLine: {'line': b'-- Up-to-date: /root/common/indy-ros2/install/indy_moveit/share/ament_index/resource_index/packages/indy_moveit\n'}
[0.529366] (indy_moveit) StdoutLine: {'line': b'-- Up-to-date: /root/common/indy-ros2/install/indy_moveit/share/indy_moveit/cmake/indy_moveitConfig.cmake\n'}
[0.529519] (indy_moveit) StdoutLine: {'line': b'-- Up-to-date: /root/common/indy-ros2/install/indy_moveit/share/indy_moveit/cmake/indy_moveitConfig-version.cmake\n'}
[0.529641] (indy_moveit) StdoutLine: {'line': b'-- Up-to-date: /root/common/indy-ros2/install/indy_moveit/share/indy_moveit/package.xml\n'}
[0.529764] (indy_moveit) CommandEnded: {'returncode': 0}
[0.554589] (indy_moveit) JobEnded: {'identifier': 'indy_moveit', 'rc': 0}
[0.591333] (indy_interfaces) JobEnded: {'identifier': 'indy_interfaces', 'rc': 0}
[0.592033] (-) EventReactorShutdown: {}
